========================================
Building X-Ray Engine with Vulkan Renderer
========================================
VULKAN_SDK = C:\VulkanSDK\1.4.335.0

Building xrEngine (with Vulkan renderer)...

  libtheora_static.vcxproj -> C:\Users\egorb\OneDrive\Documentos\GitHub\xray-monolith\_build\_game\bin_dbg\x64\Verified\libtheora_static.lib
  libvorbis_static.vcxproj -> C:\Users\egorb\OneDrive\Documentos\GitHub\xray-monolith\_build\_game\bin_dbg\x64\Verified\libvorbis_static.lib
  Ensuring LuaJIT generated files exist
  [LuaJIT] Determine DynASM path and if platform is x64
  [LuaJIT] Platform is x64, set -D P64
  [LuaJIT] Running DynASM to generate host\buildvm_arch.h
  [LuaJIT] Generating lj_vm.obj and headers
  [LuaJIT] Generation complete
  lib_base.c
  lib_bit.c
  lib_debug.c
  lib_ffi.c
  lib_io.c
  lib_jit.c
  lib_math.c
  lib_os.c
  lib_string.c
  lib_table.c
  lj_bc.c
  lj_crecord.c
  lj_dispatch.c
  lj_err.c
  lj_ffrecord.c
  lj_opt_fold.c
  lj_record.c
lj_vm.obj : warning LNK4042: object specified more than once; extras ignored [C:\Users\egorb\OneDrive\Documentos\GitHub\xray-monolith\src\3rd party\luajit-2\src\luajit.vcxproj]
  luajit.vcxproj -> C:\Users\egorb\OneDrive\Documentos\GitHub\xray-monolith\_build\_game\bin_dbg\x64\Verified\lua51.lib
  libogg_static.vcxproj -> C:\Users\egorb\OneDrive\Documentos\GitHub\xray-monolith\_build\_game\bin_dbg\x64\Verified\libogg_static.lib
  ReShadeCompat.vcxproj -> C:\Users\egorb\OneDrive\Documentos\GitHub\xray-monolith\_build\_game\bin_dbg\x64\Verified\ReShadeCompat.lib
  libvorbisfile_static.vcxproj -> C:\Users\egorb\OneDrive\Documentos\GitHub\xray-monolith\_build\_game\bin_dbg\x64\Verified\libvorbisfile_static.lib
  DXERR.vcxproj -> C:\Users\egorb\OneDrive\Documentos\GitHub\xray-monolith\_build\_game\bin_dbg\x64\Verified\DxErr.lib
  xrCore.vcxproj -> C:\Users\egorb\OneDrive\Documentos\GitHub\xray-monolith\_build\_game\bin_dbg\x64\Verified\xrCore.lib
  imgui.vcxproj -> C:\Users\egorb\OneDrive\Documentos\GitHub\xray-monolith\_build\_game\bin_dbg\x64\Verified\imgui.lib
  luabind.vcxproj -> C:\Users\egorb\OneDrive\Documentos\GitHub\xray-monolith\_build\_game\bin_dbg\x64\Verified\luabind.lib
  xrAPI.vcxproj -> C:\Users\egorb\OneDrive\Documentos\GitHub\xray-monolith\_build\_game\bin_dbg\x64\Verified\xrAPI.lib
  xrNetServer.vcxproj -> C:\Users\egorb\OneDrive\Documentos\GitHub\xray-monolith\_build\_game\bin_dbg\x64\Verified\xrNetServer.lib
  xrCDB.vcxproj -> C:\Users\egorb\OneDrive\Documentos\GitHub\xray-monolith\_build\_game\bin_dbg\x64\Verified\xrCDB.lib
  OpenAL-new.vcxproj -> C:\Users\egorb\OneDrive\Documentos\GitHub\xray-monolith\_build\_game\bin_dbg\x64\Verified\OpenAL32.lib
  xrSound.vcxproj -> C:\Users\egorb\OneDrive\Documentos\GitHub\xray-monolith\_build\_game\bin_dbg\x64\Verified\xrSound.lib
  NVTT.vcxproj -> C:\Users\egorb\OneDrive\Documentos\GitHub\xray-monolith\_build\_game\bin_dbg\x64\Verified\NVTT.lib
  libjpeg.vcxproj -> C:\Users\egorb\OneDrive\Documentos\GitHub\xray-monolith\_build\_game\bin_dbg\x64\Verified\libjpeg.lib
  crypto.vcxproj -> C:\Users\egorb\OneDrive\Documentos\GitHub\xray-monolith\_build\_game\bin_dbg\x64\Verified\crypto.lib
  cximage.vcxproj -> C:\Users\egorb\OneDrive\Documentos\GitHub\xray-monolith\_build\_game\bin_dbg\x64\Verified\CxImage.lib
  lua_extensions.vcxproj -> C:\Users\egorb\OneDrive\Documentos\GitHub\xray-monolith\_build\_game\bin_dbg\x64\Verified\lua_extensions.lib
  default.vcxproj -> C:\Users\egorb\OneDrive\Documentos\GitHub\xray-monolith\_build\_game\bin_dbg\x64\Verified\ode.lib
  xrCPU_Pipe.vcxproj -> C:\Users\egorb\OneDrive\Documentos\GitHub\xray-monolith\_build\_game\bin_dbg\x64\Verified\xrCPU_Pipe.lib
  xrPhysics.vcxproj -> C:\Users\egorb\OneDrive\Documentos\GitHub\xray-monolith\_build\_game\bin_dbg\x64\Verified\xrPhysics.lib
  xrXMLParser.vcxproj -> C:\Users\egorb\OneDrive\Documentos\GitHub\xray-monolith\_build\_game\bin_dbg\x64\Verified\xrXMLParser.lib
  xrGame.vcxproj -> C:\Users\egorb\OneDrive\Documentos\GitHub\xray-monolith\_build\_game\bin_dbg\x64\Verified\xrGame.lib
  xrParticles.vcxproj -> C:\Users\egorb\OneDrive\Documentos\GitHub\xray-monolith\_build\_game\bin_dbg\x64\Verified\xrParticles.lib
  optick.vcxproj -> C:\Users\egorb\OneDrive\Documentos\GitHub\xray-monolith\_build\_game\bin_dbg\x64\Verified\optick.lib
  xrRender_R4.vcxproj -> C:\Users\egorb\OneDrive\Documentos\GitHub\xray-monolith\_build\_game\bin_dbg\x64\Verified\xrRender_R4.lib
  xrRender_Vulkan.cpp
  xrRender_Vulkan.vcxproj -> C:\Users\egorb\OneDrive\Documentos\GitHub\xray-monolith\_build\_game\bin_dbg\x64\VerifiedDX11\xrRender_Vulkan.lib
  stdafx.cpp
C:\Users\egorb\OneDrive\Documentos\GitHub\xray-monolith\src\xrCore\xrMemory.h(139,10): warning C4595: 'operator new': non-member operator new or delete functions may not be declared inline [C:\Users\egorb\OneDrive\Documentos\GitHub\xray-monolith\src\xrEngine\xrEngine.vcxproj]
  (compiling source file 'stdafx.cpp')
  
C:\Users\egorb\OneDrive\Documentos\GitHub\xray-monolith\src\xrCore\xrMemory.h(140,9): warning C4595: 'operator delete': non-member operator new or delete functions may not be declared inline [C:\Users\egorb\OneDrive\Documentos\GitHub\xray-monolith\src\xrEngine\xrEngine.vcxproj]
  (compiling source file 'stdafx.cpp')
  
C:\Users\egorb\OneDrive\Documentos\GitHub\xray-monolith\src\xrCore\xrMemory.h(141,10): warning C4595: 'operator new[]': non-member operator new or delete functions may not be declared inline [C:\Users\egorb\OneDrive\Documentos\GitHub\xray-monolith\src\xrEngine\xrEngine.vcxproj]
  (compiling source file 'stdafx.cpp')
  
C:\Users\egorb\OneDrive\Documentos\GitHub\xray-monolith\src\xrCore\xrMemory.h(142,9): warning C4595: 'operator delete[]': non-member operator new or delete functions may not be declared inline [C:\Users\egorb\OneDrive\Documentos\GitHub\xray-monolith\src\xrEngine\xrEngine.vcxproj]
  (compiling source file 'stdafx.cpp')
  
C:\Users\egorb\OneDrive\Documentos\GitHub\xray-monolith\src\3rd party\robin_hood\robin_hood.h(408,18): warning C4995: 'free': name was marked as #pragma deprecated [C:\Users\egorb\OneDrive\Documentos\GitHub\xray-monolith\src\xrEngine\xrEngine.vcxproj]
  (compiling source file 'stdafx.cpp')
  
C:\Users\egorb\OneDrive\Documentos\GitHub\xray-monolith\src\3rd party\robin_hood\robin_hood.h(444,18): warning C4995: 'free': name was marked as #pragma deprecated [C:\Users\egorb\OneDrive\Documentos\GitHub\xray-monolith\src\xrEngine\xrEngine.vcxproj]
  (compiling source file 'stdafx.cpp')
  
C:\Users\egorb\OneDrive\Documentos\GitHub\xray-monolith\src\3rd party\robin_hood\robin_hood.h(513,48): warning C4995: 'malloc': name was marked as #pragma deprecated [C:\Users\egorb\OneDrive\Documentos\GitHub\xray-monolith\src\xrEngine\xrEngine.vcxproj]
  (compiling source file 'stdafx.cpp')
  
C:\Users\egorb\OneDrive\Documentos\GitHub\xray-monolith\src\3rd party\robin_hood\robin_hood.h(550,14): warning C4995: 'free': name was marked as #pragma deprecated [C:\Users\egorb\OneDrive\Documentos\GitHub\xray-monolith\src\xrEngine\xrEngine.vcxproj]
  (compiling source file 'stdafx.cpp')
  
C:\Users\egorb\OneDrive\Documentos\GitHub\xray-monolith\src\3rd party\robin_hood\robin_hood.h(1597,60): warning C4995: 'malloc': name was marked as #pragma deprecated [C:\Users\egorb\OneDrive\Documentos\GitHub\xray-monolith\src\xrEngine\xrEngine.vcxproj]
  (compiling source file 'stdafx.cpp')
  
C:\Users\egorb\OneDrive\Documentos\GitHub\xray-monolith\src\3rd party\robin_hood\robin_hood.h(1646,22): warning C4995: 'free': name was marked as #pragma deprecated [C:\Users\egorb\OneDrive\Documentos\GitHub\xray-monolith\src\xrEngine\xrEngine.vcxproj]
  (compiling source file 'stdafx.cpp')
  
C:\Users\egorb\OneDrive\Documentos\GitHub\xray-monolith\src\3rd party\robin_hood\robin_hood.h(1654,60): warning C4995: 'malloc': name was marked as #pragma deprecated [C:\Users\egorb\OneDrive\Documentos\GitHub\xray-monolith\src\xrEngine\xrEngine.vcxproj]
  (compiling source file 'stdafx.cpp')
  
C:\Users\egorb\OneDrive\Documentos\GitHub\xray-monolith\src\3rd party\robin_hood\robin_hood.h(2243,26): warning C4995: 'free': name was marked as #pragma deprecated [C:\Users\egorb\OneDrive\Documentos\GitHub\xray-monolith\src\xrEngine\xrEngine.vcxproj]
  (compiling source file 'stdafx.cpp')
  
C:\Users\egorb\OneDrive\Documentos\GitHub\xray-monolith\src\3rd party\robin_hood\robin_hood.h(2330,56): warning C4995: 'malloc': name was marked as #pragma deprecated [C:\Users\egorb\OneDrive\Documentos\GitHub\xray-monolith\src\xrEngine\xrEngine.vcxproj]
  (compiling source file 'stdafx.cpp')
  
C:\Users\egorb\OneDrive\Documentos\GitHub\xray-monolith\src\3rd party\robin_hood\robin_hood.h(2332,14): warning C4995: 'memset': name was marked as #pragma deprecated [C:\Users\egorb\OneDrive\Documentos\GitHub\xray-monolith\src\xrEngine\xrEngine.vcxproj]
  (compiling source file 'stdafx.cpp')
  
C:\Users\egorb\OneDrive\Documentos\GitHub\xray-monolith\src\3rd party\robin_hood\robin_hood.h(2479,18): warning C4995: 'free': name was marked as #pragma deprecated [C:\Users\egorb\OneDrive\Documentos\GitHub\xray-monolith\src\xrEngine\xrEngine.vcxproj]
  (compiling source file 'stdafx.cpp')
  
C:\Users\egorb\OneDrive\Documentos\GitHub\xray-monolith\src\xrCore\xrstring.h(246,71): warning C4267: 'argument': conversion from 'size_t' to 'int', possible loss of data [C:\Users\egorb\OneDrive\Documentos\GitHub\xray-monolith\src\xrEngine\xrEngine.vcxproj]
  (compiling source file 'stdafx.cpp')
  
C:\Users\egorb\OneDrive\Documentos\GitHub\xray-monolith\src\xrCore\xrstring.h(250,59): warning C4267: 'argument': conversion from 'size_t' to 'int', possible loss of data [C:\Users\egorb\OneDrive\Documentos\GitHub\xray-monolith\src\xrEngine\xrEngine.vcxproj]
  (compiling source file 'stdafx.cpp')
  
C:\Users\egorb\OneDrive\Documentos\GitHub\xray-monolith\src\xrEngine\device.h(298,47): warning C4366: The result of the unary '&' operator may be unaligned [C:\Users\egorb\OneDrive\Documentos\GitHub\xray-monolith\src\xrEngine\xrEngine.vcxproj]
  (compiling source file 'stdafx.cpp')
  
C:\Users\egorb\OneDrive\Documentos\GitHub\xray-monolith\src\xrSound\sound.h(240,53): warning C4244: '=': conversion from 'double' to 'float', possible loss of data [C:\Users\egorb\OneDrive\Documentos\GitHub\xray-monolith\src\xrEngine\xrEngine.vcxproj]
  (compiling source file 'stdafx.cpp')
  
C:\Users\egorb\OneDrive\Documentos\GitHub\xray-monolith\src\xrSound\sound.h(282,9): warning C4244: 'initializing': conversion from 'float' to 'int', possible loss of data [C:\Users\egorb\OneDrive\Documentos\GitHub\xray-monolith\src\xrEngine\xrEngine.vcxproj]
  (compiling source file 'stdafx.cpp')
  
  achievement_manager.cpp
  activity_manager.cpp
  application_manager.cpp
  core.cpp
  image_manager.cpp
  lobby_manager.cpp
  network_manager.cpp
  overlay_manager.cpp
  relationship_manager.cpp
  storage_manager.cpp
  store_manager.cpp
  types.cpp
  user_manager.cpp
  voice_manager.cpp
  ai_script_lua_debug.cpp
  ai_script_lua_extension.cpp
C:\Users\egorb\OneDrive\Documentos\GitHub\xray-monolith\src\3rd party\discord\ffi.h(1007,5): warning C4995: 'memset': name was marked as #pragma deprecated [C:\Users\egorb\OneDrive\Documentos\GitHub\xray-monolith\src\xrEngine\xrEngine.vcxproj]
  (compiling source file '/3rd%20party/discord/store_manager.cpp')
  
C:\Users\egorb\OneDrive\Documentos\GitHub\xray-monolith\src\3rd party\discord\ffi.h(1007,5): warning C4995: 'memset': name was marked as #pragma deprecated [C:\Users\egorb\OneDrive\Documentos\GitHub\xray-monolith\src\xrEngine\xrEngine.vcxproj]
  (compiling source file '/3rd%20party/discord/achievement_manager.cpp')
  
C:\Users\egorb\OneDrive\Documentos\GitHub\xray-monolith\src\3rd party\discord\ffi.h(1007,5): warning C4995: 'memset': name was marked as #pragma deprecated [C:\Users\egorb\OneDrive\Documentos\GitHub\xray-monolith\src\xrEngine\xrEngine.vcxproj]
  (compiling source file '/3rd%20party/discord/network_manager.cpp')
  
C:\Users\egorb\OneDrive\Documentos\GitHub\xray-monolith\src\3rd party\discord\ffi.h(1007,5): warning C4995: 'memset': name was marked as #pragma deprecated [C:\Users\egorb\OneDrive\Documentos\GitHub\xray-monolith\src\xrEngine\xrEngine.vcxproj]
  (compiling source file '/3rd%20party/discord/image_manager.cpp')
  
C:\Users\egorb\OneDrive\Documentos\GitHub\xray-monolith\src\3rd party\discord\ffi.h(1007,5): warning C4995: 'memset': name was marked as #pragma deprecated [C:\Users\egorb\OneDrive\Documentos\GitHub\xray-monolith\src\xrEngine\xrEngine.vcxproj]
  (compiling source file '/3rd%20party/discord/storage_manager.cpp')
  
C:\Users\egorb\OneDrive\Documentos\GitHub\xray-monolith\src\3rd party\discord\ffi.h(1007,5): warning C4995: 'memset': name was marked as #pragma deprecated [C:\Users\egorb\OneDrive\Documentos\GitHub\xray-monolith\src\xrEngine\xrEngine.vcxproj]
  (compiling source file '/3rd%20party/discord/voice_manager.cpp')
  
C:\Users\egorb\OneDrive\Documentos\GitHub\xray-monolith\src\3rd party\discord\ffi.h(1007,5): warning C4995: 'memset': name was marked as #pragma deprecated [C:\Users\egorb\OneDrive\Documentos\GitHub\xray-monolith\src\xrEngine\xrEngine.vcxproj]
  (compiling source file '/3rd%20party/discord/overlay_manager.cpp')
  
C:\Users\egorb\OneDrive\Documentos\GitHub\xray-monolith\src\3rd party\discord\ffi.h(1007,5): warning C4995: 'memset': name was marked as #pragma deprecated [C:\Users\egorb\OneDrive\Documentos\GitHub\xray-monolith\src\xrEngine\xrEngine.vcxproj]
  (compiling source file '/3rd%20party/discord/lobby_manager.cpp')
  
C:\Users\egorb\OneDrive\Documentos\GitHub\xray-monolith\src\3rd party\discord\ffi.h(1007,5): warning C4995: 'memset': name was marked as #pragma deprecated [C:\Users\egorb\OneDrive\Documentos\GitHub\xray-monolith\src\xrEngine\xrEngine.vcxproj]
  (compiling source file '/3rd%20party/discord/user_manager.cpp')
  
C:\Users\egorb\OneDrive\Documentos\GitHub\xray-monolith\src\3rd party\discord\ffi.h(1007,5): warning C4995: 'memset': name was marked as #pragma deprecated [C:\Users\egorb\OneDrive\Documentos\GitHub\xray-monolith\src\xrEngine\xrEngine.vcxproj]
  (compiling source file '/3rd%20party/discord/application_manager.cpp')
  
C:\Users\egorb\OneDrive\Documentos\GitHub\xray-monolith\src\3rd party\discord\ffi.h(1007,5): warning C4995: 'memset': name was marked as #pragma deprecated [C:\Users\egorb\OneDrive\Documentos\GitHub\xray-monolith\src\xrEngine\xrEngine.vcxproj]
  (compiling source file '/3rd%20party/discord/relationship_manager.cpp')
  
C:\Users\egorb\OneDrive\Documentos\GitHub\xray-monolith\src\3rd party\discord\ffi.h(1007,5): warning C4995: 'memset': name was marked as #pragma deprecated [C:\Users\egorb\OneDrive\Documentos\GitHub\xray-monolith\src\xrEngine\xrEngine.vcxproj]
  (compiling source file '/3rd%20party/discord/types.cpp')
  
C:\Users\egorb\OneDrive\Documentos\GitHub\xray-monolith\src\3rd party\discord\ffi.h(1007,5): warning C4995: 'memset': name was marked as #pragma deprecated [C:\Users\egorb\OneDrive\Documentos\GitHub\xray-monolith\src\xrEngine\xrEngine.vcxproj]
  (compiling source file '/3rd%20party/discord/activity_manager.cpp')
  
C:\Users\egorb\OneDrive\Documentos\GitHub\xray-monolith\src\3rd party\discord\ffi.h(1007,5): warning C4995: 'memset': name was marked as #pragma deprecated [C:\Users\egorb\OneDrive\Documentos\GitHub\xray-monolith\src\xrEngine\xrEngine.vcxproj]
  (compiling source file '/3rd%20party/discord/core.cpp')
  
  bone.cpp
  CameraBase.cpp
  CameraManager.cpp
  cf_dynamic_mesh.cpp
  CustomHUD.cpp
  defines.cpp
  device.cpp
  Device_create.cpp
  Device_destroy.cpp
  Device_Initialize.cpp
  Device_Misc.cpp
  Device_overdraw.cpp
  Device_wndproc.cpp
  edit_actions.cpp
  Effector.cpp
C:\Users\egorb\OneDrive\Documentos\GitHub\xray-monolith\src\xrcdb\ispatial.h(151,9): warning C4311: '<function-style-cast>': pointer truncation from 'ISpatial_NODE *' to 'ISpatial_NODE::ptrt' [C:\Users\egorb\OneDrive\Documentos\GitHub\xray-monolith\src\xrEngine\xrEngine.vcxproj]
  (compiling source file '/cf_dynamic_mesh.cpp')
  
C:\Users\egorb\OneDrive\Documentos\GitHub\xray-monolith\src\xrcdb\ispatial.h(151,9): warning C4302: '<function-style-cast>': truncation from 'ISpatial_NODE *' to 'ISpatial_NODE::ptrt' [C:\Users\egorb\OneDrive\Documentos\GitHub\xray-monolith\src\xrEngine\xrEngine.vcxproj]
  (compiling source file '/cf_dynamic_mesh.cpp')
  
C:\Users\egorb\OneDrive\Documentos\GitHub\xray-monolith\src\xrcdb\ispatial.h(151,29): warning C4311: '<function-style-cast>': pointer truncation from 'ISpatial_NODE *' to 'ISpatial_NODE::ptrt' [C:\Users\egorb\OneDrive\Documentos\GitHub\xray-monolith\src\xrEngine\xrEngine.vcxproj]
  (compiling source file '/cf_dynamic_mesh.cpp')
  
C:\Users\egorb\OneDrive\Documentos\GitHub\xray-monolith\src\xrcdb\ispatial.h(151,29): warning C4302: '<function-style-cast>': truncation from 'ISpatial_NODE *' to 'ISpatial_NODE::ptrt' [C:\Users\egorb\OneDrive\Documentos\GitHub\xray-monolith\src\xrEngine\xrEngine.vcxproj]
  (compiling source file '/cf_dynamic_mesh.cpp')
  
C:\Users\egorb\OneDrive\Documentos\GitHub\xray-monolith\src\xrcdb\ispatial.h(152,9): warning C4311: '<function-style-cast>': pointer truncation from 'ISpatial_NODE *' to 'ISpatial_NODE::ptrt' [C:\Users\egorb\OneDrive\Documentos\GitHub\xray-monolith\src\xrEngine\xrEngine.vcxproj]
  (compiling source file '/cf_dynamic_mesh.cpp')
  
C:\Users\egorb\OneDrive\Documentos\GitHub\xray-monolith\src\xrcdb\ispatial.h(152,9): warning C4302: '<function-style-cast>': truncation from 'ISpatial_NODE *' to 'ISpatial_NODE::ptrt' [C:\Users\egorb\OneDrive\Documentos\GitHub\xray-monolith\src\xrEngine\xrEngine.vcxproj]
  (compiling source file '/cf_dynamic_mesh.cpp')
  
C:\Users\egorb\OneDrive\Documentos\GitHub\xray-monolith\src\xrcdb\ispatial.h(152,29): warning C4311: '<function-style-cast>': pointer truncation from 'ISpatial_NODE *' to 'ISpatial_NODE::ptrt' [C:\Users\egorb\OneDrive\Documentos\GitHub\xray-monolith\src\xrEngine\xrEngine.vcxproj]
  (compiling source file '/cf_dynamic_mesh.cpp')
  
C:\Users\egorb\OneDrive\Documentos\GitHub\xray-monolith\src\xrcdb\ispatial.h(152,29): warning C4302: '<function-style-cast>': truncation from 'ISpatial_NODE *' to 'ISpatial_NODE::ptrt' [C:\Users\egorb\OneDrive\Documentos\GitHub\xray-monolith\src\xrEngine\xrEngine.vcxproj]
  (compiling source file '/cf_dynamic_mesh.cpp')
  
C:\Users\egorb\OneDrive\Documentos\GitHub\xray-monolith\src\xrcdb\ispatial.h(153,9): warning C4311: '<function-style-cast>': pointer truncation from 'ISpatial_NODE *' to 'ISpatial_NODE::ptrt' [C:\Users\egorb\OneDrive\Documentos\GitHub\xray-monolith\src\xrEngine\xrEngine.vcxproj]
  (compiling source file '/cf_dynamic_mesh.cpp')
  
C:\Users\egorb\OneDrive\Documentos\GitHub\xray-monolith\src\xrcdb\ispatial.h(153,9): warning C4302: '<function-style-cast>': truncation from 'ISpatial_NODE *' to 'ISpatial_NODE::ptrt' [C:\Users\egorb\OneDrive\Documentos\GitHub\xray-monolith\src\xrEngine\xrEngine.vcxproj]
  (compiling source file '/cf_dynamic_mesh.cpp')
  
C:\Users\egorb\OneDrive\Documentos\GitHub\xray-monolith\src\xrcdb\ispatial.h(153,29): warning C4311: '<function-style-cast>': pointer truncation from 'ISpatial_NODE *' to 'ISpatial_NODE::ptrt' [C:\Users\egorb\OneDrive\Documentos\GitHub\xray-monolith\src\xrEngine\xrEngine.vcxproj]
  (compiling source file '/cf_dynamic_mesh.cpp')
  
C:\Users\egorb\OneDrive\Documentos\GitHub\xray-monolith\src\xrcdb\ispatial.h(153,29): warning C4302: '<function-style-cast>': truncation from 'ISpatial_NODE *' to 'ISpatial_NODE::ptrt' [C:\Users\egorb\OneDrive\Documentos\GitHub\xray-monolith\src\xrEngine\xrEngine.vcxproj]
  (compiling source file '/cf_dynamic_mesh.cpp')
  
C:\Users\egorb\OneDrive\Documentos\GitHub\xray-monolith\src\xrcdb\ispatial.h(154,9): warning C4311: '<function-style-cast>': pointer truncation from 'ISpatial_NODE *' to 'ISpatial_NODE::ptrt' [C:\Users\egorb\OneDrive\Documentos\GitHub\xray-monolith\src\xrEngine\xrEngine.vcxproj]
  (compiling source file '/cf_dynamic_mesh.cpp')
  
C:\Users\egorb\OneDrive\Documentos\GitHub\xray-monolith\src\xrcdb\ispatial.h(154,9): warning C4302: '<function-style-cast>': truncation from 'ISpatial_NODE *' to 'ISpatial_NODE::ptrt' [C:\Users\egorb\OneDrive\Documentos\GitHub\xray-monolith\src\xrEngine\xrEngine.vcxproj]
  (compiling source file '/cf_dynamic_mesh.cpp')
  
C:\Users\egorb\OneDrive\Documentos\GitHub\xray-monolith\src\xrcdb\ispatial.h(154,29): warning C4311: '<function-style-cast>': pointer truncation from 'ISpatial_NODE *' to 'ISpatial_NODE::ptrt' [C:\Users\egorb\OneDrive\Documentos\GitHub\xray-monolith\src\xrEngine\xrEngine.vcxproj]
  (compiling source file '/cf_dynamic_mesh.cpp')
  
C:\Users\egorb\OneDrive\Documentos\GitHub\xray-monolith\src\xrcdb\ispatial.h(154,29): warning C4302: '<function-style-cast>': truncation from 'ISpatial_NODE *' to 'ISpatial_NODE::ptrt' [C:\Users\egorb\OneDrive\Documentos\GitHub\xray-monolith\src\xrEngine\xrEngine.vcxproj]
  (compiling source file '/cf_dynamic_mesh.cpp')
  
  EffectorPP.cpp
  Engine.cpp
  EngineAPI.cpp
  Envelope.cpp
  Environment.cpp
C:\Users\egorb\OneDrive\Documentos\GitHub\xray-monolith\src\xrEngine\EngineAPI.cpp(143,10): warning C4005: 'DLL_MAIN_RENDERER': macro redefinition [C:\Users\egorb\OneDrive\Documentos\GitHub\xray-monolith\src\xrEngine\xrEngine.vcxproj]
  (compiling source file '/EngineAPI.cpp')
      C:\Users\egorb\OneDrive\Documentos\GitHub\xray-monolith\src\xrEngine\EngineAPI.cpp(140,10):
      see previous definition of 'DLL_MAIN_RENDERER'
  
  Environment_misc.cpp
  Environment_render.cpp
  EventAPI.cpp
C:\Program Files (x86)\Microsoft Visual Studio\2022\BuildTools\VC\Tools\MSVC\14.44.35207\include\xlocinfo(116,15): warning C4995: 'free': name was marked as #pragma deprecated [C:\Users\egorb\OneDrive\Documentos\GitHub\xray-monolith\src\xrEngine\xrEngine.vcxproj]
  (compiling source file '/edit_actions.cpp')
  
C:\Program Files (x86)\Microsoft Visual Studio\2022\BuildTools\VC\Tools\MSVC\14.44.35207\include\xlocinfo(121,19): warning C4995: 'free': name was marked as #pragma deprecated [C:\Users\egorb\OneDrive\Documentos\GitHub\xray-monolith\src\xrEngine\xrEngine.vcxproj]
  (compiling source file '/edit_actions.cpp')
  
C:\Program Files (x86)\Microsoft Visual Studio\2022\BuildTools\VC\Tools\MSVC\14.44.35207\include\xlocinfo(169,52): warning C4995: 'malloc': name was marked as #pragma deprecated [C:\Users\egorb\OneDrive\Documentos\GitHub\xray-monolith\src\xrEngine\xrEngine.vcxproj]
  (compiling source file '/edit_actions.cpp')
  
C:\Program Files (x86)\Microsoft Visual Studio\2022\BuildTools\VC\Tools\MSVC\14.44.35207\include\xlocinfo(207,19): warning C4995: 'free': name was marked as #pragma deprecated [C:\Users\egorb\OneDrive\Documentos\GitHub\xray-monolith\src\xrEngine\xrEngine.vcxproj]
  (compiling source file '/edit_actions.cpp')
  
C:\Program Files (x86)\Microsoft Visual Studio\2022\BuildTools\VC\Tools\MSVC\14.44.35207\include\xlocinfo(296,19): warning C4995: 'free': name was marked as #pragma deprecated [C:\Users\egorb\OneDrive\Documentos\GitHub\xray-monolith\src\xrEngine\xrEngine.vcxproj]
  (compiling source file '/edit_actions.cpp')
  
C:\Program Files (x86)\Microsoft Visual Studio\2022\BuildTools\VC\Tools\MSVC\14.44.35207\include\xlocinfo(308,19): warning C4995: 'free': name was marked as #pragma deprecated [C:\Users\egorb\OneDrive\Documentos\GitHub\xray-monolith\src\xrEngine\xrEngine.vcxproj]
  (compiling source file '/edit_actions.cpp')
  
C:\Program Files (x86)\Microsoft Visual Studio\2022\BuildTools\VC\Tools\MSVC\14.44.35207\include\xlocinfo(338,19): warning C4995: 'free': name was marked as #pragma deprecated [C:\Users\egorb\OneDrive\Documentos\GitHub\xray-monolith\src\xrEngine\xrEngine.vcxproj]
  (compiling source file '/edit_actions.cpp')
  
C:\Program Files (x86)\Microsoft Visual Studio\2022\BuildTools\VC\Tools\MSVC\14.44.35207\include\xlocinfo(356,19): warning C4995: 'free': name was marked as #pragma deprecated [C:\Users\egorb\OneDrive\Documentos\GitHub\xray-monolith\src\xrEngine\xrEngine.vcxproj]
  (compiling source file '/edit_actions.cpp')
  
C:\Users\egorb\OneDrive\Documentos\GitHub\xray-monolith\src\xrEngine\Envelope.cpp(244,25): warning C4477: 'sscanf' : format string '%d' requires an argument of type 'int *', but variadic argument 1 has type 'int' [C:\Users\egorb\OneDrive\Documentos\GitHub\xray-monolith\src\xrEngine\xrEngine.vcxproj]
  (compiling source file '/Envelope.cpp')
  
C:\Users\egorb\OneDrive\Documentos\GitHub\xray-monolith\src\xrEngine\Envelope.cpp(244,25): warning C4477: 'sscanf' : format string '%d' requires an argument of type 'int *', but variadic argument 2 has type 'int' [C:\Users\egorb\OneDrive\Documentos\GitHub\xray-monolith\src\xrEngine\xrEngine.vcxproj]
  (compiling source file '/Envelope.cpp')
  
C:\Program Files (x86)\Microsoft Visual Studio\2022\BuildTools\VC\Tools\MSVC\14.44.35207\include\xlocale(392,44): warning C4995: 'strcmp': name was marked as #pragma deprecated [C:\Users\egorb\OneDrive\Documentos\GitHub\xray-monolith\src\xrEngine\xrEngine.vcxproj]
  (compiling source file '/edit_actions.cpp')
  
C:\Program Files (x86)\Microsoft Visual Studio\2022\BuildTools\VC\Tools\MSVC\14.44.35207\include\xlocale(392,80): warning C4995: 'strcmp': name was marked as #pragma deprecated [C:\Users\egorb\OneDrive\Documentos\GitHub\xray-monolith\src\xrEngine\xrEngine.vcxproj]
  (compiling source file '/edit_actions.cpp')
  
C:\Program Files (x86)\Microsoft Visual Studio\2022\BuildTools\VC\Tools\MSVC\14.44.35207\include\xlocale(420,22): warning C4995: 'strcmp': name was marked as #pragma deprecated [C:\Users\egorb\OneDrive\Documentos\GitHub\xray-monolith\src\xrEngine\xrEngine.vcxproj]
  (compiling source file '/edit_actions.cpp')
  
C:\Program Files (x86)\Microsoft Visual Studio\2022\BuildTools\VC\Tools\MSVC\14.44.35207\include\xlocale(528,27): warning C4995: 'strlen': name was marked as #pragma deprecated [C:\Users\egorb\OneDrive\Documentos\GitHub\xray-monolith\src\xrEngine\xrEngine.vcxproj]
  (compiling source file '/edit_actions.cpp')
  
C:\Program Files (x86)\Microsoft Visual Studio\2022\BuildTools\VC\Tools\MSVC\14.44.35207\include\xlocale(530,43): warning C4995: 'calloc': name was marked as #pragma deprecated [C:\Users\egorb\OneDrive\Documentos\GitHub\xray-monolith\src\xrEngine\xrEngine.vcxproj]
  (compiling source file '/edit_actions.cpp')
  
C:\Program Files (x86)\Microsoft Visual Studio\2022\BuildTools\VC\Tools\MSVC\14.44.35207\include\xlocale(554,21): warning C4995: 'strlen': name was marked as #pragma deprecated [C:\Users\egorb\OneDrive\Documentos\GitHub\xray-monolith\src\xrEngine\xrEngine.vcxproj]
  (compiling source file '/edit_actions.cpp')
  
C:\Program Files (x86)\Microsoft Visual Studio\2022\BuildTools\VC\Tools\MSVC\14.44.35207\include\xlocale(563,47): warning C4995: 'calloc': name was marked as #pragma deprecated [C:\Users\egorb\OneDrive\Documentos\GitHub\xray-monolith\src\xrEngine\xrEngine.vcxproj]
  (compiling source file '/edit_actions.cpp')
  
C:\Program Files (x86)\Microsoft Visual Studio\2022\BuildTools\VC\Tools\MSVC\14.44.35207\include\xlocale(595,21): warning C4995: 'strlen': name was marked as #pragma deprecated [C:\Users\egorb\OneDrive\Documentos\GitHub\xray-monolith\src\xrEngine\xrEngine.vcxproj]
  (compiling source file '/edit_actions.cpp')
  
C:\Program Files (x86)\Microsoft Visual Studio\2022\BuildTools\VC\Tools\MSVC\14.44.35207\include\xlocale(604,47): warning C4995: 'calloc': name was marked as #pragma deprecated [C:\Users\egorb\OneDrive\Documentos\GitHub\xray-monolith\src\xrEngine\xrEngine.vcxproj]
  (compiling source file '/edit_actions.cpp')
  
  FDemoPlay.cpp
  FDemoRecord.cpp
C:\Program Files (x86)\Microsoft Visual Studio\2022\BuildTools\VC\Tools\MSVC\14.44.35207\include\xlocale(2549,19): warning C4995: 'free': name was marked as #pragma deprecated [C:\Users\egorb\OneDrive\Documentos\GitHub\xray-monolith\src\xrEngine\xrEngine.vcxproj]
  (compiling source file '/edit_actions.cpp')
  
C:\Program Files (x86)\Microsoft Visual Studio\2022\BuildTools\VC\Tools\MSVC\14.44.35207\include\xlocale(2552,15): warning C4995: 'free': name was marked as #pragma deprecated [C:\Users\egorb\OneDrive\Documentos\GitHub\xray-monolith\src\xrEngine\xrEngine.vcxproj]
  (compiling source file '/edit_actions.cpp')
  
  Feel_Touch.cpp
C:\Program Files (x86)\Microsoft Visual Studio\2022\BuildTools\VC\Tools\MSVC\14.44.35207\include\xlocale(2824,19): warning C4995: 'free': name was marked as #pragma deprecated [C:\Users\egorb\OneDrive\Documentos\GitHub\xray-monolith\src\xrEngine\xrEngine.vcxproj]
  (compiling source file '/edit_actions.cpp')
  
C:\Program Files (x86)\Microsoft Visual Studio\2022\BuildTools\VC\Tools\MSVC\14.44.35207\include\xlocale(2829,15): warning C4995: 'free': name was marked as #pragma deprecated [C:\Users\egorb\OneDrive\Documentos\GitHub\xray-monolith\src\xrEngine\xrEngine.vcxproj]
  (compiling source file '/edit_actions.cpp')
  
C:\Program Files (x86)\Microsoft Visual Studio\2022\BuildTools\VC\Tools\MSVC\14.44.35207\include\xlocale(2971,19): warning C4995: 'free': name was marked as #pragma deprecated [C:\Users\egorb\OneDrive\Documentos\GitHub\xray-monolith\src\xrEngine\xrEngine.vcxproj]
  (compiling source file '/edit_actions.cpp')
  
C:\Program Files (x86)\Microsoft Visual Studio\2022\BuildTools\VC\Tools\MSVC\14.44.35207\include\xlocale(2974,15): warning C4995: 'free': name was marked as #pragma deprecated [C:\Users\egorb\OneDrive\Documentos\GitHub\xray-monolith\src\xrEngine\xrEngine.vcxproj]
  (compiling source file '/edit_actions.cpp')
  
C:\Program Files (x86)\Microsoft Visual Studio\2022\BuildTools\VC\Tools\MSVC\14.44.35207\include\xlocale(3172,19): warning C4995: 'free': name was marked as #pragma deprecated [C:\Users\egorb\OneDrive\Documentos\GitHub\xray-monolith\src\xrEngine\xrEngine.vcxproj]
  (compiling source file '/edit_actions.cpp')
  
C:\Program Files (x86)\Microsoft Visual Studio\2022\BuildTools\VC\Tools\MSVC\14.44.35207\include\xlocale(3175,15): warning C4995: 'free': name was marked as #pragma deprecated [C:\Users\egorb\OneDrive\Documentos\GitHub\xray-monolith\src\xrEngine\xrEngine.vcxproj]
  (compiling source file '/edit_actions.cpp')
  
C:\Program Files (x86)\Microsoft Visual Studio\2022\BuildTools\VC\Tools\MSVC\14.44.35207\include\xlocbuf(360,46): warning C4995: 'strlen': name was marked as #pragma deprecated [C:\Users\egorb\OneDrive\Documentos\GitHub\xray-monolith\src\xrEngine\xrEngine.vcxproj]
  (compiling source file '/edit_actions.cpp')
  
C:\Program Files (x86)\Microsoft Visual Studio\2022\BuildTools\VC\Tools\MSVC\14.44.35207\include\xlocnum(76,47): warning C4995: 'calloc': name was marked as #pragma deprecated [C:\Users\egorb\OneDrive\Documentos\GitHub\xray-monolith\src\xrEngine\xrEngine.vcxproj]
  (compiling source file '/edit_actions.cpp')
  
C:\Program Files (x86)\Microsoft Visual Studio\2022\BuildTools\VC\Tools\MSVC\14.44.35207\include\xlocnum(202,15): warning C4995: 'free': name was marked as #pragma deprecated [C:\Users\egorb\OneDrive\Documentos\GitHub\xray-monolith\src\xrEngine\xrEngine.vcxproj]
  (compiling source file '/edit_actions.cpp')
  
C:\Program Files (x86)\Microsoft Visual Studio\2022\BuildTools\VC\Tools\MSVC\14.44.35207\include\xlocnum(203,15): warning C4995: 'free': name was marked as #pragma deprecated [C:\Users\egorb\OneDrive\Documentos\GitHub\xray-monolith\src\xrEngine\xrEngine.vcxproj]
  (compiling source file '/edit_actions.cpp')
  
C:\Program Files (x86)\Microsoft Visual Studio\2022\BuildTools\VC\Tools\MSVC\14.44.35207\include\xlocnum(204,15): warning C4995: 'free': name was marked as #pragma deprecated [C:\Users\egorb\OneDrive\Documentos\GitHub\xray-monolith\src\xrEngine\xrEngine.vcxproj]
  (compiling source file '/edit_actions.cpp')
  
C:\Program Files (x86)\Microsoft Visual Studio\2022\BuildTools\VC\Tools\MSVC\14.44.35207\include\xlocnum(1321,39): warning C4995: 'sprintf_s': name was marked as #pragma deprecated [C:\Users\egorb\OneDrive\Documentos\GitHub\xray-monolith\src\xrEngine\xrEngine.vcxproj]
  (compiling source file '/edit_actions.cpp')
  
C:\Program Files (x86)\Microsoft Visual Studio\2022\BuildTools\VC\Tools\MSVC\14.44.35207\include\xlocnum(1330,39): warning C4995: 'sprintf_s': name was marked as #pragma deprecated [C:\Users\egorb\OneDrive\Documentos\GitHub\xray-monolith\src\xrEngine\xrEngine.vcxproj]
  (compiling source file '/edit_actions.cpp')
  
C:\Program Files (x86)\Microsoft Visual Studio\2022\BuildTools\VC\Tools\MSVC\14.44.35207\include\xlocnum(1339,39): warning C4995: 'sprintf_s': name was marked as #pragma deprecated [C:\Users\egorb\OneDrive\Documentos\GitHub\xray-monolith\src\xrEngine\xrEngine.vcxproj]
  (compiling source file '/edit_actions.cpp')
  
C:\Program Files (x86)\Microsoft Visual Studio\2022\BuildTools\VC\Tools\MSVC\14.44.35207\include\xlocnum(1348,39): warning C4995: 'sprintf_s': name was marked as #pragma deprecated [C:\Users\egorb\OneDrive\Documentos\GitHub\xray-monolith\src\xrEngine\xrEngine.vcxproj]
  (compiling source file '/edit_actions.cpp')
  
C:\Program Files (x86)\Microsoft Visual Studio\2022\BuildTools\VC\Tools\MSVC\14.44.35207\include\xlocnum(1362,39): warning C4995: 'fabs': name was marked as #pragma deprecated [C:\Users\egorb\OneDrive\Documentos\GitHub\xray-monolith\src\xrEngine\xrEngine.vcxproj]
  (compiling source file '/edit_actions.cpp')
  
C:\Program Files (x86)\Microsoft Visual Studio\2022\BuildTools\VC\Tools\MSVC\14.44.35207\include\xlocnum(1372,54): warning C4995: 'sprintf_s': name was marked as #pragma deprecated [C:\Users\egorb\OneDrive\Documentos\GitHub\xray-monolith\src\xrEngine\xrEngine.vcxproj]
  (compiling source file '/edit_actions.cpp')
  
C:\Program Files (x86)\Microsoft Visual Studio\2022\BuildTools\VC\Tools\MSVC\14.44.35207\include\xlocnum(1399,54): warning C4995: 'sprintf_s': name was marked as #pragma deprecated [C:\Users\egorb\OneDrive\Documentos\GitHub\xray-monolith\src\xrEngine\xrEngine.vcxproj]
  (compiling source file '/edit_actions.cpp')
  
C:\Program Files (x86)\Microsoft Visual Studio\2022\BuildTools\VC\Tools\MSVC\14.44.35207\include\xlocnum(1411,69): warning C4995: 'sprintf_s': name was marked as #pragma deprecated [C:\Users\egorb\OneDrive\Documentos\GitHub\xray-monolith\src\xrEngine\xrEngine.vcxproj]
  (compiling source file '/edit_actions.cpp')
  
C:\Program Files (x86)\Microsoft Visual Studio\2022\BuildTools\VC\Tools\MSVC\14.44.35207\include\xlocmon(219,15): warning C4995: 'free': name was marked as #pragma deprecated [C:\Users\egorb\OneDrive\Documentos\GitHub\xray-monolith\src\xrEngine\xrEngine.vcxproj]
  (compiling source file '/edit_actions.cpp')
  
C:\Program Files (x86)\Microsoft Visual Studio\2022\BuildTools\VC\Tools\MSVC\14.44.35207\include\xlocmon(220,15): warning C4995: 'free': name was marked as #pragma deprecated [C:\Users\egorb\OneDrive\Documentos\GitHub\xray-monolith\src\xrEngine\xrEngine.vcxproj]
  (compiling source file '/edit_actions.cpp')
  
C:\Program Files (x86)\Microsoft Visual Studio\2022\BuildTools\VC\Tools\MSVC\14.44.35207\include\xlocmon(221,15): warning C4995: 'free': name was marked as #pragma deprecated [C:\Users\egorb\OneDrive\Documentos\GitHub\xray-monolith\src\xrEngine\xrEngine.vcxproj]
  (compiling source file '/edit_actions.cpp')
  
C:\Program Files (x86)\Microsoft Visual Studio\2022\BuildTools\VC\Tools\MSVC\14.44.35207\include\xlocmon(222,15): warning C4995: 'free': name was marked as #pragma deprecated [C:\Users\egorb\OneDrive\Documentos\GitHub\xray-monolith\src\xrEngine\xrEngine.vcxproj]
  (compiling source file '/edit_actions.cpp')
  
C:\Program Files (x86)\Microsoft Visual Studio\2022\BuildTools\VC\Tools\MSVC\14.44.35207\include\xlocmon(674,34): warning C4995: 'sprintf_s': name was marked as #pragma deprecated [C:\Users\egorb\OneDrive\Documentos\GitHub\xray-monolith\src\xrEngine\xrEngine.vcxproj]
  (compiling source file '/edit_actions.cpp')
  
C:\Program Files (x86)\Microsoft Visual Studio\2022\BuildTools\VC\Tools\MSVC\14.44.35207\include\xloctime(615,15): warning C4995: 'free': name was marked as #pragma deprecated [C:\Users\egorb\OneDrive\Documentos\GitHub\xray-monolith\src\xrEngine\xrEngine.vcxproj]
  (compiling source file '/edit_actions.cpp')
  
C:\Program Files (x86)\Microsoft Visual Studio\2022\BuildTools\VC\Tools\MSVC\14.44.35207\include\xloctime(616,15): warning C4995: 'free': name was marked as #pragma deprecated [C:\Users\egorb\OneDrive\Documentos\GitHub\xray-monolith\src\xrEngine\xrEngine.vcxproj]
  (compiling source file '/edit_actions.cpp')
  
C:\Program Files (x86)\Microsoft Visual Studio\2022\BuildTools\VC\Tools\MSVC\14.44.35207\include\xloctime(617,15): warning C4995: 'free': name was marked as #pragma deprecated [C:\Users\egorb\OneDrive\Documentos\GitHub\xray-monolith\src\xrEngine\xrEngine.vcxproj]
  (compiling source file '/edit_actions.cpp')
  
  Feel_Vision.cpp
C:\Users\egorb\OneDrive\Documentos\GitHub\xray-monolith\src\3rd party\discord\ffi.h(1007,5): warning C4995: 'memset': name was marked as #pragma deprecated [C:\Users\egorb\OneDrive\Documentos\GitHub\xray-monolith\src\xrEngine\xrEngine.vcxproj]
  (compiling source file '/device.cpp')
  
  fmesh.cpp
C:\Program Files (x86)\Microsoft Visual Studio\2022\BuildTools\VC\Tools\MSVC\14.44.35207\include\locale(69,15): warning C4995: 'free': name was marked as #pragma deprecated [C:\Users\egorb\OneDrive\Documentos\GitHub\xray-monolith\src\xrEngine\xrEngine.vcxproj]
  (compiling source file '/edit_actions.cpp')
  
  GameFont.cpp
C:\Users\egorb\OneDrive\Documentos\GitHub\xray-monolith\src\xrcdb\ispatial.h(151,9): warning C4311: '<function-style-cast>': pointer truncation from 'ISpatial_NODE *' to 'ISpatial_NODE::ptrt' [C:\Users\egorb\OneDrive\Documentos\GitHub\xray-monolith\src\xrEngine\xrEngine.vcxproj]
  (compiling source file '/Feel_Touch.cpp')
  
C:\Users\egorb\OneDrive\Documentos\GitHub\xray-monolith\src\xrcdb\ispatial.h(151,9): warning C4302: '<function-style-cast>': truncation from 'ISpatial_NODE *' to 'ISpatial_NODE::ptrt' [C:\Users\egorb\OneDrive\Documentos\GitHub\xray-monolith\src\xrEngine\xrEngine.vcxproj]
  (compiling source file '/Feel_Touch.cpp')
  
C:\Users\egorb\OneDrive\Documentos\GitHub\xray-monolith\src\xrcdb\ispatial.h(151,29): warning C4311: '<function-style-cast>': pointer truncation from 'ISpatial_NODE *' to 'ISpatial_NODE::ptrt' [C:\Users\egorb\OneDrive\Documentos\GitHub\xray-monolith\src\xrEngine\xrEngine.vcxproj]
  (compiling source file '/Feel_Touch.cpp')
  
C:\Users\egorb\OneDrive\Documentos\GitHub\xray-monolith\src\xrcdb\ispatial.h(151,29): warning C4302: '<function-style-cast>': truncation from 'ISpatial_NODE *' to 'ISpatial_NODE::ptrt' [C:\Users\egorb\OneDrive\Documentos\GitHub\xray-monolith\src\xrEngine\xrEngine.vcxproj]
  (compiling source file '/Feel_Touch.cpp')
  
C:\Users\egorb\OneDrive\Documentos\GitHub\xray-monolith\src\xrcdb\ispatial.h(152,9): warning C4311: '<function-style-cast>': pointer truncation from 'ISpatial_NODE *' to 'ISpatial_NODE::ptrt' [C:\Users\egorb\OneDrive\Documentos\GitHub\xray-monolith\src\xrEngine\xrEngine.vcxproj]
  (compiling source file '/Feel_Touch.cpp')
  
C:\Users\egorb\OneDrive\Documentos\GitHub\xray-monolith\src\xrcdb\ispatial.h(152,9): warning C4302: '<function-style-cast>': truncation from 'ISpatial_NODE *' to 'ISpatial_NODE::ptrt' [C:\Users\egorb\OneDrive\Documentos\GitHub\xray-monolith\src\xrEngine\xrEngine.vcxproj]
  (compiling source file '/Feel_Touch.cpp')
  
  GameMtlLib.cpp
C:\Users\egorb\OneDrive\Documentos\GitHub\xray-monolith\src\xrcdb\ispatial.h(152,29): warning C4311: '<function-style-cast>': pointer truncation from 'ISpatial_NODE *' to 'ISpatial_NODE::ptrt' [C:\Users\egorb\OneDrive\Documentos\GitHub\xray-monolith\src\xrEngine\xrEngine.vcxproj]
  (compiling source file '/Feel_Touch.cpp')
  
C:\Users\egorb\OneDrive\Documentos\GitHub\xray-monolith\src\xrcdb\ispatial.h(152,29): warning C4302: '<function-style-cast>': truncation from 'ISpatial_NODE *' to 'ISpatial_NODE::ptrt' [C:\Users\egorb\OneDrive\Documentos\GitHub\xray-monolith\src\xrEngine\xrEngine.vcxproj]
  (compiling source file '/Feel_Touch.cpp')
  
C:\Users\egorb\OneDrive\Documentos\GitHub\xray-monolith\src\xrcdb\ispatial.h(153,9): warning C4311: '<function-style-cast>': pointer truncation from 'ISpatial_NODE *' to 'ISpatial_NODE::ptrt' [C:\Users\egorb\OneDrive\Documentos\GitHub\xray-monolith\src\xrEngine\xrEngine.vcxproj]
  (compiling source file '/Feel_Touch.cpp')
  
C:\Users\egorb\OneDrive\Documentos\GitHub\xray-monolith\src\xrcdb\ispatial.h(153,9): warning C4302: '<function-style-cast>': truncation from 'ISpatial_NODE *' to 'ISpatial_NODE::ptrt' [C:\Users\egorb\OneDrive\Documentos\GitHub\xray-monolith\src\xrEngine\xrEngine.vcxproj]
  (compiling source file '/Feel_Touch.cpp')
  
C:\Users\egorb\OneDrive\Documentos\GitHub\xray-monolith\src\xrcdb\ispatial.h(153,29): warning C4311: '<function-style-cast>': pointer truncation from 'ISpatial_NODE *' to 'ISpatial_NODE::ptrt' [C:\Users\egorb\OneDrive\Documentos\GitHub\xray-monolith\src\xrEngine\xrEngine.vcxproj]
  (compiling source file '/Feel_Touch.cpp')
  
C:\Users\egorb\OneDrive\Documentos\GitHub\xray-monolith\src\xrcdb\ispatial.h(153,29): warning C4302: '<function-style-cast>': truncation from 'ISpatial_NODE *' to 'ISpatial_NODE::ptrt' [C:\Users\egorb\OneDrive\Documentos\GitHub\xray-monolith\src\xrEngine\xrEngine.vcxproj]
  (compiling source file '/Feel_Touch.cpp')
  
C:\Users\egorb\OneDrive\Documentos\GitHub\xray-monolith\src\xrcdb\ispatial.h(154,9): warning C4311: '<function-style-cast>': pointer truncation from 'ISpatial_NODE *' to 'ISpatial_NODE::ptrt' [C:\Users\egorb\OneDrive\Documentos\GitHub\xray-monolith\src\xrEngine\xrEngine.vcxproj]
  (compiling source file '/Feel_Touch.cpp')
  
C:\Users\egorb\OneDrive\Documentos\GitHub\xray-monolith\src\xrcdb\ispatial.h(154,9): warning C4302: '<function-style-cast>': truncation from 'ISpatial_NODE *' to 'ISpatial_NODE::ptrt' [C:\Users\egorb\OneDrive\Documentos\GitHub\xray-monolith\src\xrEngine\xrEngine.vcxproj]
  (compiling source file '/Feel_Touch.cpp')
  
C:\Users\egorb\OneDrive\Documentos\GitHub\xray-monolith\src\xrcdb\ispatial.h(154,29): warning C4311: '<function-style-cast>': pointer truncation from 'ISpatial_NODE *' to 'ISpatial_NODE::ptrt' [C:\Users\egorb\OneDrive\Documentos\GitHub\xray-monolith\src\xrEngine\xrEngine.vcxproj]
  (compiling source file '/Feel_Touch.cpp')
  
C:\Users\egorb\OneDrive\Documentos\GitHub\xray-monolith\src\xrcdb\ispatial.h(154,29): warning C4302: '<function-style-cast>': truncation from 'ISpatial_NODE *' to 'ISpatial_NODE::ptrt' [C:\Users\egorb\OneDrive\Documentos\GitHub\xray-monolith\src\xrEngine\xrEngine.vcxproj]
  (compiling source file '/Feel_Touch.cpp')
  
  GameMtlLib_Engine.cpp
C:\Users\egorb\OneDrive\Documentos\GitHub\xray-monolith\src\xrcdb\ispatial.h(151,9): warning C4311: '<function-style-cast>': pointer truncation from 'ISpatial_NODE *' to 'ISpatial_NODE::ptrt' [C:\Users\egorb\OneDrive\Documentos\GitHub\xray-monolith\src\xrEngine\xrEngine.vcxproj]
  (compiling source file '/FDemoRecord.cpp')
  
C:\Users\egorb\OneDrive\Documentos\GitHub\xray-monolith\src\xrcdb\ispatial.h(151,9): warning C4302: '<function-style-cast>': truncation from 'ISpatial_NODE *' to 'ISpatial_NODE::ptrt' [C:\Users\egorb\OneDrive\Documentos\GitHub\xray-monolith\src\xrEngine\xrEngine.vcxproj]
  (compiling source file '/FDemoRecord.cpp')
  
C:\Users\egorb\OneDrive\Documentos\GitHub\xray-monolith\src\xrcdb\ispatial.h(151,29): warning C4311: '<function-style-cast>': pointer truncation from 'ISpatial_NODE *' to 'ISpatial_NODE::ptrt' [C:\Users\egorb\OneDrive\Documentos\GitHub\xray-monolith\src\xrEngine\xrEngine.vcxproj]
  (compiling source file '/FDemoRecord.cpp')
  
C:\Users\egorb\OneDrive\Documentos\GitHub\xray-monolith\src\xrcdb\ispatial.h(151,29): warning C4302: '<function-style-cast>': truncation from 'ISpatial_NODE *' to 'ISpatial_NODE::ptrt' [C:\Users\egorb\OneDrive\Documentos\GitHub\xray-monolith\src\xrEngine\xrEngine.vcxproj]
  (compiling source file '/FDemoRecord.cpp')
  
C:\Users\egorb\OneDrive\Documentos\GitHub\xray-monolith\src\xrcdb\ispatial.h(152,9): warning C4311: '<function-style-cast>': pointer truncation from 'ISpatial_NODE *' to 'ISpatial_NODE::ptrt' [C:\Users\egorb\OneDrive\Documentos\GitHub\xray-monolith\src\xrEngine\xrEngine.vcxproj]
  (compiling source file '/FDemoRecord.cpp')
  
C:\Users\egorb\OneDrive\Documentos\GitHub\xray-monolith\src\xrcdb\ispatial.h(152,9): warning C4302: '<function-style-cast>': truncation from 'ISpatial_NODE *' to 'ISpatial_NODE::ptrt' [C:\Users\egorb\OneDrive\Documentos\GitHub\xray-monolith\src\xrEngine\xrEngine.vcxproj]
  (compiling source file '/FDemoRecord.cpp')
  
C:\Users\egorb\OneDrive\Documentos\GitHub\xray-monolith\src\xrcdb\ispatial.h(152,29): warning C4311: '<function-style-cast>': pointer truncation from 'ISpatial_NODE *' to 'ISpatial_NODE::ptrt' [C:\Users\egorb\OneDrive\Documentos\GitHub\xray-monolith\src\xrEngine\xrEngine.vcxproj]
  (compiling source file '/FDemoRecord.cpp')
  
C:\Users\egorb\OneDrive\Documentos\GitHub\xray-monolith\src\xrcdb\ispatial.h(152,29): warning C4302: '<function-style-cast>': truncation from 'ISpatial_NODE *' to 'ISpatial_NODE::ptrt' [C:\Users\egorb\OneDrive\Documentos\GitHub\xray-monolith\src\xrEngine\xrEngine.vcxproj]
  (compiling source file '/FDemoRecord.cpp')
  
C:\Users\egorb\OneDrive\Documentos\GitHub\xray-monolith\src\xrcdb\ispatial.h(153,9): warning C4311: '<function-style-cast>': pointer truncation from 'ISpatial_NODE *' to 'ISpatial_NODE::ptrt' [C:\Users\egorb\OneDrive\Documentos\GitHub\xray-monolith\src\xrEngine\xrEngine.vcxproj]
  (compiling source file '/FDemoRecord.cpp')
  
C:\Users\egorb\OneDrive\Documentos\GitHub\xray-monolith\src\xrcdb\ispatial.h(153,9): warning C4302: '<function-style-cast>': truncation from 'ISpatial_NODE *' to 'ISpatial_NODE::ptrt' [C:\Users\egorb\OneDrive\Documentos\GitHub\xray-monolith\src\xrEngine\xrEngine.vcxproj]
  (compiling source file '/FDemoRecord.cpp')
  
C:\Users\egorb\OneDrive\Documentos\GitHub\xray-monolith\src\xrcdb\ispatial.h(153,29): warning C4311: '<function-style-cast>': pointer truncation from 'ISpatial_NODE *' to 'ISpatial_NODE::ptrt' [C:\Users\egorb\OneDrive\Documentos\GitHub\xray-monolith\src\xrEngine\xrEngine.vcxproj]
  (compiling source file '/FDemoRecord.cpp')
  
C:\Users\egorb\OneDrive\Documentos\GitHub\xray-monolith\src\xrcdb\ispatial.h(153,29): warning C4302: '<function-style-cast>': truncation from 'ISpatial_NODE *' to 'ISpatial_NODE::ptrt' [C:\Users\egorb\OneDrive\Documentos\GitHub\xray-monolith\src\xrEngine\xrEngine.vcxproj]
  (compiling source file '/FDemoRecord.cpp')
  
C:\Users\egorb\OneDrive\Documentos\GitHub\xray-monolith\src\xrcdb\ispatial.h(154,9): warning C4311: '<function-style-cast>': pointer truncation from 'ISpatial_NODE *' to 'ISpatial_NODE::ptrt' [C:\Users\egorb\OneDrive\Documentos\GitHub\xray-monolith\src\xrEngine\xrEngine.vcxproj]
  (compiling source file '/FDemoRecord.cpp')
  
C:\Users\egorb\OneDrive\Documentos\GitHub\xray-monolith\src\xrcdb\ispatial.h(154,9): warning C4302: '<function-style-cast>': truncation from 'ISpatial_NODE *' to 'ISpatial_NODE::ptrt' [C:\Users\egorb\OneDrive\Documentos\GitHub\xray-monolith\src\xrEngine\xrEngine.vcxproj]
  (compiling source file '/FDemoRecord.cpp')
  
C:\Users\egorb\OneDrive\Documentos\GitHub\xray-monolith\src\xrcdb\ispatial.h(154,29): warning C4311: '<function-style-cast>': pointer truncation from 'ISpatial_NODE *' to 'ISpatial_NODE::ptrt' [C:\Users\egorb\OneDrive\Documentos\GitHub\xray-monolith\src\xrEngine\xrEngine.vcxproj]
  (compiling source file '/FDemoRecord.cpp')
  
C:\Users\egorb\OneDrive\Documentos\GitHub\xray-monolith\src\xrcdb\ispatial.h(154,29): warning C4302: '<function-style-cast>': truncation from 'ISpatial_NODE *' to 'ISpatial_NODE::ptrt' [C:\Users\egorb\OneDrive\Documentos\GitHub\xray-monolith\src\xrEngine\xrEngine.vcxproj]
  (compiling source file '/FDemoRecord.cpp')
  
C:\Users\egorb\OneDrive\Documentos\GitHub\xray-monolith\src\xrcdb\ispatial.h(151,9): warning C4311: '<function-style-cast>': pointer truncation from 'ISpatial_NODE *' to 'ISpatial_NODE::ptrt' [C:\Users\egorb\OneDrive\Documentos\GitHub\xray-monolith\src\xrEngine\xrEngine.vcxproj]
  (compiling source file '/Feel_Vision.cpp')
  
C:\Users\egorb\OneDrive\Documentos\GitHub\xray-monolith\src\xrcdb\ispatial.h(151,9): warning C4302: '<function-style-cast>': truncation from 'ISpatial_NODE *' to 'ISpatial_NODE::ptrt' [C:\Users\egorb\OneDrive\Documentos\GitHub\xray-monolith\src\xrEngine\xrEngine.vcxproj]
  (compiling source file '/Feel_Vision.cpp')
  
C:\Users\egorb\OneDrive\Documentos\GitHub\xray-monolith\src\xrcdb\ispatial.h(151,29): warning C4311: '<function-style-cast>': pointer truncation from 'ISpatial_NODE *' to 'ISpatial_NODE::ptrt' [C:\Users\egorb\OneDrive\Documentos\GitHub\xray-monolith\src\xrEngine\xrEngine.vcxproj]
  (compiling source file '/Feel_Vision.cpp')
  
C:\Users\egorb\OneDrive\Documentos\GitHub\xray-monolith\src\xrcdb\ispatial.h(151,29): warning C4302: '<function-style-cast>': truncation from 'ISpatial_NODE *' to 'ISpatial_NODE::ptrt' [C:\Users\egorb\OneDrive\Documentos\GitHub\xray-monolith\src\xrEngine\xrEngine.vcxproj]
  (compiling source file '/Feel_Vision.cpp')
  
C:\Users\egorb\OneDrive\Documentos\GitHub\xray-monolith\src\xrcdb\ispatial.h(152,9): warning C4311: '<function-style-cast>': pointer truncation from 'ISpatial_NODE *' to 'ISpatial_NODE::ptrt' [C:\Users\egorb\OneDrive\Documentos\GitHub\xray-monolith\src\xrEngine\xrEngine.vcxproj]
  (compiling source file '/Feel_Vision.cpp')
  
C:\Users\egorb\OneDrive\Documentos\GitHub\xray-monolith\src\xrcdb\ispatial.h(152,9): warning C4302: '<function-style-cast>': truncation from 'ISpatial_NODE *' to 'ISpatial_NODE::ptrt' [C:\Users\egorb\OneDrive\Documentos\GitHub\xray-monolith\src\xrEngine\xrEngine.vcxproj]
  (compiling source file '/Feel_Vision.cpp')
  
C:\Users\egorb\OneDrive\Documentos\GitHub\xray-monolith\src\xrcdb\ispatial.h(152,29): warning C4311: '<function-style-cast>': pointer truncation from 'ISpatial_NODE *' to 'ISpatial_NODE::ptrt' [C:\Users\egorb\OneDrive\Documentos\GitHub\xray-monolith\src\xrEngine\xrEngine.vcxproj]
  (compiling source file '/Feel_Vision.cpp')
  
C:\Users\egorb\OneDrive\Documentos\GitHub\xray-monolith\src\xrcdb\ispatial.h(152,29): warning C4302: '<function-style-cast>': truncation from 'ISpatial_NODE *' to 'ISpatial_NODE::ptrt' [C:\Users\egorb\OneDrive\Documentos\GitHub\xray-monolith\src\xrEngine\xrEngine.vcxproj]
  (compiling source file '/Feel_Vision.cpp')
  
C:\Users\egorb\OneDrive\Documentos\GitHub\xray-monolith\src\xrcdb\ispatial.h(153,9): warning C4311: '<function-style-cast>': pointer truncation from 'ISpatial_NODE *' to 'ISpatial_NODE::ptrt' [C:\Users\egorb\OneDrive\Documentos\GitHub\xray-monolith\src\xrEngine\xrEngine.vcxproj]
  (compiling source file '/Feel_Vision.cpp')
  
C:\Users\egorb\OneDrive\Documentos\GitHub\xray-monolith\src\xrcdb\ispatial.h(153,9): warning C4302: '<function-style-cast>': truncation from 'ISpatial_NODE *' to 'ISpatial_NODE::ptrt' [C:\Users\egorb\OneDrive\Documentos\GitHub\xray-monolith\src\xrEngine\xrEngine.vcxproj]
  (compiling source file '/Feel_Vision.cpp')
  
C:\Users\egorb\OneDrive\Documentos\GitHub\xray-monolith\src\xrcdb\ispatial.h(153,29): warning C4311: '<function-style-cast>': pointer truncation from 'ISpatial_NODE *' to 'ISpatial_NODE::ptrt' [C:\Users\egorb\OneDrive\Documentos\GitHub\xray-monolith\src\xrEngine\xrEngine.vcxproj]
  (compiling source file '/Feel_Vision.cpp')
  
C:\Users\egorb\OneDrive\Documentos\GitHub\xray-monolith\src\xrcdb\ispatial.h(153,29): warning C4302: '<function-style-cast>': truncation from 'ISpatial_NODE *' to 'ISpatial_NODE::ptrt' [C:\Users\egorb\OneDrive\Documentos\GitHub\xray-monolith\src\xrEngine\xrEngine.vcxproj]
  (compiling source file '/Feel_Vision.cpp')
  
C:\Users\egorb\OneDrive\Documentos\GitHub\xray-monolith\src\xrcdb\ispatial.h(154,9): warning C4311: '<function-style-cast>': pointer truncation from 'ISpatial_NODE *' to 'ISpatial_NODE::ptrt' [C:\Users\egorb\OneDrive\Documentos\GitHub\xray-monolith\src\xrEngine\xrEngine.vcxproj]
  (compiling source file '/Feel_Vision.cpp')
  
C:\Users\egorb\OneDrive\Documentos\GitHub\xray-monolith\src\xrcdb\ispatial.h(154,9): warning C4302: '<function-style-cast>': truncation from 'ISpatial_NODE *' to 'ISpatial_NODE::ptrt' [C:\Users\egorb\OneDrive\Documentos\GitHub\xray-monolith\src\xrEngine\xrEngine.vcxproj]
  (compiling source file '/Feel_Vision.cpp')
  
C:\Users\egorb\OneDrive\Documentos\GitHub\xray-monolith\src\xrcdb\ispatial.h(154,29): warning C4311: '<function-style-cast>': pointer truncation from 'ISpatial_NODE *' to 'ISpatial_NODE::ptrt' [C:\Users\egorb\OneDrive\Documentos\GitHub\xray-monolith\src\xrEngine\xrEngine.vcxproj]
  (compiling source file '/Feel_Vision.cpp')
  
C:\Users\egorb\OneDrive\Documentos\GitHub\xray-monolith\src\xrcdb\ispatial.h(154,29): warning C4302: '<function-style-cast>': truncation from 'ISpatial_NODE *' to 'ISpatial_NODE::ptrt' [C:\Users\egorb\OneDrive\Documentos\GitHub\xray-monolith\src\xrEngine\xrEngine.vcxproj]
  (compiling source file '/Feel_Vision.cpp')
  
C:\Users\egorb\OneDrive\Documentos\GitHub\xray-monolith\src\xrEngine\Environment_misc.cpp(701,3): warning C4995: 'sprintf': name was marked as #pragma deprecated [C:\Users\egorb\OneDrive\Documentos\GitHub\xray-monolith\src\xrEngine\xrEngine.vcxproj]
  (compiling source file '/Environment_misc.cpp')
  
C:\Users\egorb\OneDrive\Documentos\GitHub\xray-monolith\src\xrEngine\Environment_misc.cpp(749,33): warning C4456: declaration of 'i' hides previous local declaration [C:\Users\egorb\OneDrive\Documentos\GitHub\xray-monolith\src\xrEngine\xrEngine.vcxproj]
  (compiling source file '/Environment_misc.cpp')
      C:\Users\egorb\OneDrive\Documentos\GitHub\xray-monolith\src\xrEngine\Environment_misc.cpp(723,33):
      see declaration of 'i'
  
C:\Users\egorb\OneDrive\Documentos\GitHub\xray-monolith\src\xrEngine\Environment_misc.cpp(750,33): warning C4456: declaration of 'e' hides previous local declaration [C:\Users\egorb\OneDrive\Documentos\GitHub\xray-monolith\src\xrEngine\xrEngine.vcxproj]
  (compiling source file '/Environment_misc.cpp')
      C:\Users\egorb\OneDrive\Documentos\GitHub\xray-monolith\src\xrEngine\Environment_misc.cpp(724,33):
      see declaration of 'e'
  
C:\Program Files (x86)\Microsoft Visual Studio\2022\BuildTools\VC\Tools\MSVC\14.44.35207\include\xlocinfo(116,15): warning C4995: 'free': name was marked as #pragma deprecated [C:\Users\egorb\OneDrive\Documentos\GitHub\xray-monolith\src\xrEngine\xrEngine.vcxproj]
  (compiling source file '/GameMtlLib.cpp')
  
C:\Program Files (x86)\Microsoft Visual Studio\2022\BuildTools\VC\Tools\MSVC\14.44.35207\include\xlocinfo(121,19): warning C4995: 'free': name was marked as #pragma deprecated [C:\Users\egorb\OneDrive\Documentos\GitHub\xray-monolith\src\xrEngine\xrEngine.vcxproj]
  (compiling source file '/GameMtlLib.cpp')
  
C:\Program Files (x86)\Microsoft Visual Studio\2022\BuildTools\VC\Tools\MSVC\14.44.35207\include\xlocinfo(169,52): warning C4995: 'malloc': name was marked as #pragma deprecated [C:\Users\egorb\OneDrive\Documentos\GitHub\xray-monolith\src\xrEngine\xrEngine.vcxproj]
  (compiling source file '/GameMtlLib.cpp')
  
C:\Program Files (x86)\Microsoft Visual Studio\2022\BuildTools\VC\Tools\MSVC\14.44.35207\include\xlocinfo(207,19): warning C4995: 'free': name was marked as #pragma deprecated [C:\Users\egorb\OneDrive\Documentos\GitHub\xray-monolith\src\xrEngine\xrEngine.vcxproj]
  (compiling source file '/GameMtlLib.cpp')
  
C:\Program Files (x86)\Microsoft Visual Studio\2022\BuildTools\VC\Tools\MSVC\14.44.35207\include\xlocinfo(296,19): warning C4995: 'free': name was marked as #pragma deprecated [C:\Users\egorb\OneDrive\Documentos\GitHub\xray-monolith\src\xrEngine\xrEngine.vcxproj]
  (compiling source file '/GameMtlLib.cpp')
  
C:\Program Files (x86)\Microsoft Visual Studio\2022\BuildTools\VC\Tools\MSVC\14.44.35207\include\xlocinfo(308,19): warning C4995: 'free': name was marked as #pragma deprecated [C:\Users\egorb\OneDrive\Documentos\GitHub\xray-monolith\src\xrEngine\xrEngine.vcxproj]
  (compiling source file '/GameMtlLib.cpp')
  
C:\Program Files (x86)\Microsoft Visual Studio\2022\BuildTools\VC\Tools\MSVC\14.44.35207\include\xlocinfo(338,19): warning C4995: 'free': name was marked as #pragma deprecated [C:\Users\egorb\OneDrive\Documentos\GitHub\xray-monolith\src\xrEngine\xrEngine.vcxproj]
  (compiling source file '/GameMtlLib.cpp')
  
C:\Program Files (x86)\Microsoft Visual Studio\2022\BuildTools\VC\Tools\MSVC\14.44.35207\include\xlocinfo(356,19): warning C4995: 'free': name was marked as #pragma deprecated [C:\Users\egorb\OneDrive\Documentos\GitHub\xray-monolith\src\xrEngine\xrEngine.vcxproj]
  (compiling source file '/GameMtlLib.cpp')
  
C:\Users\egorb\OneDrive\Documentos\GitHub\xray-monolith\src\xrEngine\Environment_misc.cpp(807,33): warning C4456: declaration of 'i' hides previous local declaration [C:\Users\egorb\OneDrive\Documentos\GitHub\xray-monolith\src\xrEngine\xrEngine.vcxproj]
  (compiling source file '/Environment_misc.cpp')
      C:\Users\egorb\OneDrive\Documentos\GitHub\xray-monolith\src\xrEngine\Environment_misc.cpp(783,33):
      see declaration of 'i'
  
C:\Users\egorb\OneDrive\Documentos\GitHub\xray-monolith\src\xrEngine\Environment_misc.cpp(808,33): warning C4456: declaration of 'e' hides previous local declaration [C:\Users\egorb\OneDrive\Documentos\GitHub\xray-monolith\src\xrEngine\xrEngine.vcxproj]
  (compiling source file '/Environment_misc.cpp')
      C:\Users\egorb\OneDrive\Documentos\GitHub\xray-monolith\src\xrEngine\Environment_misc.cpp(784,33):
      see declaration of 'e'
  
C:\Program Files (x86)\Microsoft Visual Studio\2022\BuildTools\VC\Tools\MSVC\14.44.35207\include\xlocale(392,44): warning C4995: 'strcmp': name was marked as #pragma deprecated [C:\Users\egorb\OneDrive\Documentos\GitHub\xray-monolith\src\xrEngine\xrEngine.vcxproj]
  (compiling source file '/GameMtlLib.cpp')
  
C:\Program Files (x86)\Microsoft Visual Studio\2022\BuildTools\VC\Tools\MSVC\14.44.35207\include\xlocale(392,80): warning C4995: 'strcmp': name was marked as #pragma deprecated [C:\Users\egorb\OneDrive\Documentos\GitHub\xray-monolith\src\xrEngine\xrEngine.vcxproj]
  (compiling source file '/GameMtlLib.cpp')
  
C:\Program Files (x86)\Microsoft Visual Studio\2022\BuildTools\VC\Tools\MSVC\14.44.35207\include\xlocale(420,22): warning C4995: 'strcmp': name was marked as #pragma deprecated [C:\Users\egorb\OneDrive\Documentos\GitHub\xray-monolith\src\xrEngine\xrEngine.vcxproj]
  (compiling source file '/GameMtlLib.cpp')
  
  ICollidable.cpp
C:\Program Files (x86)\Microsoft Visual Studio\2022\BuildTools\VC\Tools\MSVC\14.44.35207\include\xlocale(528,27): warning C4995: 'strlen': name was marked as #pragma deprecated [C:\Users\egorb\OneDrive\Documentos\GitHub\xray-monolith\src\xrEngine\xrEngine.vcxproj]
  (compiling source file '/GameMtlLib.cpp')
  
C:\Program Files (x86)\Microsoft Visual Studio\2022\BuildTools\VC\Tools\MSVC\14.44.35207\include\xlocale(530,43): warning C4995: 'calloc': name was marked as #pragma deprecated [C:\Users\egorb\OneDrive\Documentos\GitHub\xray-monolith\src\xrEngine\xrEngine.vcxproj]
  (compiling source file '/GameMtlLib.cpp')
  
C:\Program Files (x86)\Microsoft Visual Studio\2022\BuildTools\VC\Tools\MSVC\14.44.35207\include\xlocale(554,21): warning C4995: 'strlen': name was marked as #pragma deprecated [C:\Users\egorb\OneDrive\Documentos\GitHub\xray-monolith\src\xrEngine\xrEngine.vcxproj]
  (compiling source file '/GameMtlLib.cpp')
  
C:\Users\egorb\OneDrive\Documentos\GitHub\xray-monolith\src\xrEngine\Environment.cpp(571,17): warning C4244: 'argument': conversion from 'float' to 's32', possible loss of data [C:\Users\egorb\OneDrive\Documentos\GitHub\xray-monolith\src\xrEngine\xrEngine.vcxproj]
  (compiling source file '/Environment.cpp')
  
C:\Program Files (x86)\Microsoft Visual Studio\2022\BuildTools\VC\Tools\MSVC\14.44.35207\include\xlocale(563,47): warning C4995: 'calloc': name was marked as #pragma deprecated [C:\Users\egorb\OneDrive\Documentos\GitHub\xray-monolith\src\xrEngine\xrEngine.vcxproj]
  (compiling source file '/GameMtlLib.cpp')
  
C:\Users\egorb\OneDrive\Documentos\GitHub\xray-monolith\src\xrEngine\Environment.cpp(635,19): warning C4244: 'initializing': conversion from 'float' to 'int', possible loss of data [C:\Users\egorb\OneDrive\Documentos\GitHub\xray-monolith\src\xrEngine\xrEngine.vcxproj]
  (compiling source file '/Environment.cpp')
  
C:\Program Files (x86)\Microsoft Visual Studio\2022\BuildTools\VC\Tools\MSVC\14.44.35207\include\xlocale(595,21): warning C4995: 'strlen': name was marked as #pragma deprecated [C:\Users\egorb\OneDrive\Documentos\GitHub\xray-monolith\src\xrEngine\xrEngine.vcxproj]
  (compiling source file '/GameMtlLib.cpp')
  
C:\Program Files (x86)\Microsoft Visual Studio\2022\BuildTools\VC\Tools\MSVC\14.44.35207\include\xlocale(604,47): warning C4995: 'calloc': name was marked as #pragma deprecated [C:\Users\egorb\OneDrive\Documentos\GitHub\xray-monolith\src\xrEngine\xrEngine.vcxproj]
  (compiling source file '/GameMtlLib.cpp')
  
C:\Users\egorb\OneDrive\Documentos\GitHub\xray-monolith\src\xrCore\vector.h(126,36): warning C4244: 'return': conversion from 'double' to 'T', possible loss of data [C:\Users\egorb\OneDrive\Documentos\GitHub\xray-monolith\src\xrEngine\xrEngine.vcxproj]
C:\Users\egorb\OneDrive\Documentos\GitHub\xray-monolith\src\xrCore\vector.h(126,36): warning C4244:         with [C:\Users\egorb\OneDrive\Documentos\GitHub\xray-monolith\src\xrEngine\xrEngine.vcxproj]
C:\Users\egorb\OneDrive\Documentos\GitHub\xray-monolith\src\xrCore\vector.h(126,36): warning C4244:         [ [C:\Users\egorb\OneDrive\Documentos\GitHub\xray-monolith\src\xrEngine\xrEngine.vcxproj]
C:\Users\egorb\OneDrive\Documentos\GitHub\xray-monolith\src\xrCore\vector.h(126,36): warning C4244:             T=float [C:\Users\egorb\OneDrive\Documentos\GitHub\xray-monolith\src\xrEngine\xrEngine.vcxproj]
C:\Users\egorb\OneDrive\Documentos\GitHub\xray-monolith\src\xrCore\vector.h(126,36): warning C4244:         ] [C:\Users\egorb\OneDrive\Documentos\GitHub\xray-monolith\src\xrEngine\xrEngine.vcxproj]
  (compiling source file '/Environment.cpp')
      C:\Users\egorb\OneDrive\Documentos\GitHub\xray-monolith\src\xrCore\vector.h(126,36):
      the template instantiation context (the oldest one first) is
          C:\Users\egorb\OneDrive\Documentos\GitHub\xray-monolith\src\xrEngine\Environment.cpp(648,18):
          see reference to function template instantiation 'T _lerp<float>(const T &,const T &,const float &)' being compiled
          with
          [
              T=float
          ]
  
C:\Program Files (x86)\Microsoft Visual Studio\2022\BuildTools\VC\Tools\MSVC\14.44.35207\include\xlocale(2549,19): warning C4995: 'free': name was marked as #pragma deprecated [C:\Users\egorb\OneDrive\Documentos\GitHub\xray-monolith\src\xrEngine\xrEngine.vcxproj]
  (compiling source file '/GameMtlLib.cpp')
  
C:\Program Files (x86)\Microsoft Visual Studio\2022\BuildTools\VC\Tools\MSVC\14.44.35207\include\xlocale(2552,15): warning C4995: 'free': name was marked as #pragma deprecated [C:\Users\egorb\OneDrive\Documentos\GitHub\xray-monolith\src\xrEngine\xrEngine.vcxproj]
  (compiling source file '/GameMtlLib.cpp')
  
C:\Program Files (x86)\Microsoft Visual Studio\2022\BuildTools\VC\Tools\MSVC\14.44.35207\include\xlocale(2824,19): warning C4995: 'free': name was marked as #pragma deprecated [C:\Users\egorb\OneDrive\Documentos\GitHub\xray-monolith\src\xrEngine\xrEngine.vcxproj]
  (compiling source file '/GameMtlLib.cpp')
  
C:\Program Files (x86)\Microsoft Visual Studio\2022\BuildTools\VC\Tools\MSVC\14.44.35207\include\xlocale(2829,15): warning C4995: 'free': name was marked as #pragma deprecated [C:\Users\egorb\OneDrive\Documentos\GitHub\xray-monolith\src\xrEngine\xrEngine.vcxproj]
  (compiling source file '/GameMtlLib.cpp')
  
C:\Program Files (x86)\Microsoft Visual Studio\2022\BuildTools\VC\Tools\MSVC\14.44.35207\include\xlocale(2971,19): warning C4995: 'free': name was marked as #pragma deprecated [C:\Users\egorb\OneDrive\Documentos\GitHub\xray-monolith\src\xrEngine\xrEngine.vcxproj]
  (compiling source file '/GameMtlLib.cpp')
  
C:\Program Files (x86)\Microsoft Visual Studio\2022\BuildTools\VC\Tools\MSVC\14.44.35207\include\xlocale(2974,15): warning C4995: 'free': name was marked as #pragma deprecated [C:\Users\egorb\OneDrive\Documentos\GitHub\xray-monolith\src\xrEngine\xrEngine.vcxproj]
  (compiling source file '/GameMtlLib.cpp')
  
  IGame_Level.cpp
C:\Program Files (x86)\Microsoft Visual Studio\2022\BuildTools\VC\Tools\MSVC\14.44.35207\include\xlocale(3172,19): warning C4995: 'free': name was marked as #pragma deprecated [C:\Users\egorb\OneDrive\Documentos\GitHub\xray-monolith\src\xrEngine\xrEngine.vcxproj]
  (compiling source file '/GameMtlLib.cpp')
  
C:\Program Files (x86)\Microsoft Visual Studio\2022\BuildTools\VC\Tools\MSVC\14.44.35207\include\xlocale(3175,15): warning C4995: 'free': name was marked as #pragma deprecated [C:\Users\egorb\OneDrive\Documentos\GitHub\xray-monolith\src\xrEngine\xrEngine.vcxproj]
  (compiling source file '/GameMtlLib.cpp')
  
C:\Users\egorb\OneDrive\Documentos\GitHub\xray-monolith\src\xrcdb\ispatial.h(151,9): warning C4311: '<function-style-cast>': pointer truncation from 'ISpatial_NODE *' to 'ISpatial_NODE::ptrt' [C:\Users\egorb\OneDrive\Documentos\GitHub\xray-monolith\src\xrEngine\xrEngine.vcxproj]
  (compiling source file '/ICollidable.cpp')
  
C:\Users\egorb\OneDrive\Documentos\GitHub\xray-monolith\src\xrcdb\ispatial.h(151,9): warning C4302: '<function-style-cast>': truncation from 'ISpatial_NODE *' to 'ISpatial_NODE::ptrt' [C:\Users\egorb\OneDrive\Documentos\GitHub\xray-monolith\src\xrEngine\xrEngine.vcxproj]
  (compiling source file '/ICollidable.cpp')
  
C:\Users\egorb\OneDrive\Documentos\GitHub\xray-monolith\src\xrcdb\ispatial.h(151,29): warning C4311: '<function-style-cast>': pointer truncation from 'ISpatial_NODE *' to 'ISpatial_NODE::ptrt' [C:\Users\egorb\OneDrive\Documentos\GitHub\xray-monolith\src\xrEngine\xrEngine.vcxproj]
  (compiling source file '/ICollidable.cpp')
  
C:\Users\egorb\OneDrive\Documentos\GitHub\xray-monolith\src\xrcdb\ispatial.h(151,29): warning C4302: '<function-style-cast>': truncation from 'ISpatial_NODE *' to 'ISpatial_NODE::ptrt' [C:\Users\egorb\OneDrive\Documentos\GitHub\xray-monolith\src\xrEngine\xrEngine.vcxproj]
  (compiling source file '/ICollidable.cpp')
  
C:\Users\egorb\OneDrive\Documentos\GitHub\xray-monolith\src\xrcdb\ispatial.h(152,9): warning C4311: '<function-style-cast>': pointer truncation from 'ISpatial_NODE *' to 'ISpatial_NODE::ptrt' [C:\Users\egorb\OneDrive\Documentos\GitHub\xray-monolith\src\xrEngine\xrEngine.vcxproj]
  (compiling source file '/ICollidable.cpp')
  
C:\Users\egorb\OneDrive\Documentos\GitHub\xray-monolith\src\xrcdb\ispatial.h(152,9): warning C4302: '<function-style-cast>': truncation from 'ISpatial_NODE *' to 'ISpatial_NODE::ptrt' [C:\Users\egorb\OneDrive\Documentos\GitHub\xray-monolith\src\xrEngine\xrEngine.vcxproj]
  (compiling source file '/ICollidable.cpp')
  
C:\Users\egorb\OneDrive\Documentos\GitHub\xray-monolith\src\xrcdb\ispatial.h(152,29): warning C4311: '<function-style-cast>': pointer truncation from 'ISpatial_NODE *' to 'ISpatial_NODE::ptrt' [C:\Users\egorb\OneDrive\Documentos\GitHub\xray-monolith\src\xrEngine\xrEngine.vcxproj]
  (compiling source file '/ICollidable.cpp')
  
C:\Users\egorb\OneDrive\Documentos\GitHub\xray-monolith\src\xrcdb\ispatial.h(152,29): warning C4302: '<function-style-cast>': truncation from 'ISpatial_NODE *' to 'ISpatial_NODE::ptrt' [C:\Users\egorb\OneDrive\Documentos\GitHub\xray-monolith\src\xrEngine\xrEngine.vcxproj]
  (compiling source file '/ICollidable.cpp')
  
C:\Users\egorb\OneDrive\Documentos\GitHub\xray-monolith\src\xrcdb\ispatial.h(153,9): warning C4311: '<function-style-cast>': pointer truncation from 'ISpatial_NODE *' to 'ISpatial_NODE::ptrt' [C:\Users\egorb\OneDrive\Documentos\GitHub\xray-monolith\src\xrEngine\xrEngine.vcxproj]
  (compiling source file '/ICollidable.cpp')
  
C:\Users\egorb\OneDrive\Documentos\GitHub\xray-monolith\src\xrcdb\ispatial.h(153,9): warning C4302: '<function-style-cast>': truncation from 'ISpatial_NODE *' to 'ISpatial_NODE::ptrt' [C:\Users\egorb\OneDrive\Documentos\GitHub\xray-monolith\src\xrEngine\xrEngine.vcxproj]
  (compiling source file '/ICollidable.cpp')
  
C:\Users\egorb\OneDrive\Documentos\GitHub\xray-monolith\src\xrcdb\ispatial.h(153,29): warning C4311: '<function-style-cast>': pointer truncation from 'ISpatial_NODE *' to 'ISpatial_NODE::ptrt' [C:\Users\egorb\OneDrive\Documentos\GitHub\xray-monolith\src\xrEngine\xrEngine.vcxproj]
  (compiling source file '/ICollidable.cpp')
  
C:\Users\egorb\OneDrive\Documentos\GitHub\xray-monolith\src\xrcdb\ispatial.h(153,29): warning C4302: '<function-style-cast>': truncation from 'ISpatial_NODE *' to 'ISpatial_NODE::ptrt' [C:\Users\egorb\OneDrive\Documentos\GitHub\xray-monolith\src\xrEngine\xrEngine.vcxproj]
  (compiling source file '/ICollidable.cpp')
  
C:\Users\egorb\OneDrive\Documentos\GitHub\xray-monolith\src\xrcdb\ispatial.h(154,9): warning C4311: '<function-style-cast>': pointer truncation from 'ISpatial_NODE *' to 'ISpatial_NODE::ptrt' [C:\Users\egorb\OneDrive\Documentos\GitHub\xray-monolith\src\xrEngine\xrEngine.vcxproj]
  (compiling source file '/ICollidable.cpp')
  
C:\Users\egorb\OneDrive\Documentos\GitHub\xray-monolith\src\xrcdb\ispatial.h(154,9): warning C4302: '<function-style-cast>': truncation from 'ISpatial_NODE *' to 'ISpatial_NODE::ptrt' [C:\Users\egorb\OneDrive\Documentos\GitHub\xray-monolith\src\xrEngine\xrEngine.vcxproj]
  (compiling source file '/ICollidable.cpp')
  
C:\Users\egorb\OneDrive\Documentos\GitHub\xray-monolith\src\xrcdb\ispatial.h(154,29): warning C4311: '<function-style-cast>': pointer truncation from 'ISpatial_NODE *' to 'ISpatial_NODE::ptrt' [C:\Users\egorb\OneDrive\Documentos\GitHub\xray-monolith\src\xrEngine\xrEngine.vcxproj]
  (compiling source file '/ICollidable.cpp')
  
C:\Users\egorb\OneDrive\Documentos\GitHub\xray-monolith\src\xrcdb\ispatial.h(154,29): warning C4302: '<function-style-cast>': truncation from 'ISpatial_NODE *' to 'ISpatial_NODE::ptrt' [C:\Users\egorb\OneDrive\Documentos\GitHub\xray-monolith\src\xrEngine\xrEngine.vcxproj]
  (compiling source file '/ICollidable.cpp')
  
C:\Program Files (x86)\Microsoft Visual Studio\2022\BuildTools\VC\Tools\MSVC\14.44.35207\include\xlocnum(76,47): warning C4995: 'calloc': name was marked as #pragma deprecated [C:\Users\egorb\OneDrive\Documentos\GitHub\xray-monolith\src\xrEngine\xrEngine.vcxproj]
  (compiling source file '/GameMtlLib.cpp')
  
C:\Program Files (x86)\Microsoft Visual Studio\2022\BuildTools\VC\Tools\MSVC\14.44.35207\include\xlocnum(202,15): warning C4995: 'free': name was marked as #pragma deprecated [C:\Users\egorb\OneDrive\Documentos\GitHub\xray-monolith\src\xrEngine\xrEngine.vcxproj]
  (compiling source file '/GameMtlLib.cpp')
  
C:\Program Files (x86)\Microsoft Visual Studio\2022\BuildTools\VC\Tools\MSVC\14.44.35207\include\xlocnum(203,15): warning C4995: 'free': name was marked as #pragma deprecated [C:\Users\egorb\OneDrive\Documentos\GitHub\xray-monolith\src\xrEngine\xrEngine.vcxproj]
  (compiling source file '/GameMtlLib.cpp')
  
C:\Program Files (x86)\Microsoft Visual Studio\2022\BuildTools\VC\Tools\MSVC\14.44.35207\include\xlocnum(204,15): warning C4995: 'free': name was marked as #pragma deprecated [C:\Users\egorb\OneDrive\Documentos\GitHub\xray-monolith\src\xrEngine\xrEngine.vcxproj]
  (compiling source file '/GameMtlLib.cpp')
  
C:\Program Files (x86)\Microsoft Visual Studio\2022\BuildTools\VC\Tools\MSVC\14.44.35207\include\xlocnum(1321,39): warning C4995: 'sprintf_s': name was marked as #pragma deprecated [C:\Users\egorb\OneDrive\Documentos\GitHub\xray-monolith\src\xrEngine\xrEngine.vcxproj]
  (compiling source file '/GameMtlLib.cpp')
  
C:\Program Files (x86)\Microsoft Visual Studio\2022\BuildTools\VC\Tools\MSVC\14.44.35207\include\xlocnum(1330,39): warning C4995: 'sprintf_s': name was marked as #pragma deprecated [C:\Users\egorb\OneDrive\Documentos\GitHub\xray-monolith\src\xrEngine\xrEngine.vcxproj]
  (compiling source file '/GameMtlLib.cpp')
  
C:\Program Files (x86)\Microsoft Visual Studio\2022\BuildTools\VC\Tools\MSVC\14.44.35207\include\xlocnum(1339,39): warning C4995: 'sprintf_s': name was marked as #pragma deprecated [C:\Users\egorb\OneDrive\Documentos\GitHub\xray-monolith\src\xrEngine\xrEngine.vcxproj]
  (compiling source file '/GameMtlLib.cpp')
  
C:\Program Files (x86)\Microsoft Visual Studio\2022\BuildTools\VC\Tools\MSVC\14.44.35207\include\xlocnum(1348,39): warning C4995: 'sprintf_s': name was marked as #pragma deprecated [C:\Users\egorb\OneDrive\Documentos\GitHub\xray-monolith\src\xrEngine\xrEngine.vcxproj]
  (compiling source file '/GameMtlLib.cpp')
  
C:\Program Files (x86)\Microsoft Visual Studio\2022\BuildTools\VC\Tools\MSVC\14.44.35207\include\xlocnum(1362,39): warning C4995: 'fabs': name was marked as #pragma deprecated [C:\Users\egorb\OneDrive\Documentos\GitHub\xray-monolith\src\xrEngine\xrEngine.vcxproj]
  (compiling source file '/GameMtlLib.cpp')
  
C:\Program Files (x86)\Microsoft Visual Studio\2022\BuildTools\VC\Tools\MSVC\14.44.35207\include\xlocnum(1372,54): warning C4995: 'sprintf_s': name was marked as #pragma deprecated [C:\Users\egorb\OneDrive\Documentos\GitHub\xray-monolith\src\xrEngine\xrEngine.vcxproj]
  (compiling source file '/GameMtlLib.cpp')
  
C:\Program Files (x86)\Microsoft Visual Studio\2022\BuildTools\VC\Tools\MSVC\14.44.35207\include\xlocnum(1399,54): warning C4995: 'sprintf_s': name was marked as #pragma deprecated [C:\Users\egorb\OneDrive\Documentos\GitHub\xray-monolith\src\xrEngine\xrEngine.vcxproj]
  (compiling source file '/GameMtlLib.cpp')
  
C:\Program Files (x86)\Microsoft Visual Studio\2022\BuildTools\VC\Tools\MSVC\14.44.35207\include\xlocnum(1411,69): warning C4995: 'sprintf_s': name was marked as #pragma deprecated [C:\Users\egorb\OneDrive\Documentos\GitHub\xray-monolith\src\xrEngine\xrEngine.vcxproj]
  (compiling source file '/GameMtlLib.cpp')
  
  IGame_Level_check_textures.cpp
C:\Program Files (x86)\Microsoft Visual Studio\2022\BuildTools\VC\Tools\MSVC\14.44.35207\include\__msvc_ostream.hpp(690,62): warning C4995: 'strlen': name was marked as #pragma deprecated [C:\Users\egorb\OneDrive\Documentos\GitHub\xray-monolith\src\xrEngine\xrEngine.vcxproj]
  (compiling source file '/GameMtlLib.cpp')
  
  IGame_ObjectPool.cpp
C:\Program Files (x86)\Microsoft Visual Studio\2022\BuildTools\VC\Tools\MSVC\14.44.35207\include\xlocbuf(360,46): warning C4995: 'strlen': name was marked as #pragma deprecated [C:\Users\egorb\OneDrive\Documentos\GitHub\xray-monolith\src\xrEngine\xrEngine.vcxproj]
  (compiling source file '/GameMtlLib.cpp')
  
  IGame_Persistent.cpp
C:\Users\egorb\OneDrive\Documentos\GitHub\xray-monolith\src\xrEngine\Feel_Vision.cpp(155,35): warning C4456: declaration of 'E' hides previous local declaration [C:\Users\egorb\OneDrive\Documentos\GitHub\xray-monolith\src\xrEngine\xrEngine.vcxproj]
  (compiling source file '/Feel_Vision.cpp')
      C:\Users\egorb\OneDrive\Documentos\GitHub\xray-monolith\src\xrEngine\Feel_Vision.cpp(150,34):
      see declaration of 'E'
  
C:\Program Files (x86)\Microsoft Visual Studio\2022\BuildTools\VC\Tools\MSVC\14.44.35207\include\xlocmon(219,15): warning C4995: 'free': name was marked as #pragma deprecated [C:\Users\egorb\OneDrive\Documentos\GitHub\xray-monolith\src\xrEngine\xrEngine.vcxproj]
  (compiling source file '/GameMtlLib.cpp')
  
C:\Program Files (x86)\Microsoft Visual Studio\2022\BuildTools\VC\Tools\MSVC\14.44.35207\include\xlocmon(220,15): warning C4995: 'free': name was marked as #pragma deprecated [C:\Users\egorb\OneDrive\Documentos\GitHub\xray-monolith\src\xrEngine\xrEngine.vcxproj]
  (compiling source file '/GameMtlLib.cpp')
  
C:\Program Files (x86)\Microsoft Visual Studio\2022\BuildTools\VC\Tools\MSVC\14.44.35207\include\xlocmon(221,15): warning C4995: 'free': name was marked as #pragma deprecated [C:\Users\egorb\OneDrive\Documentos\GitHub\xray-monolith\src\xrEngine\xrEngine.vcxproj]
  (compiling source file '/GameMtlLib.cpp')
  
C:\Program Files (x86)\Microsoft Visual Studio\2022\BuildTools\VC\Tools\MSVC\14.44.35207\include\xlocmon(222,15): warning C4995: 'free': name was marked as #pragma deprecated [C:\Users\egorb\OneDrive\Documentos\GitHub\xray-monolith\src\xrEngine\xrEngine.vcxproj]
  (compiling source file '/GameMtlLib.cpp')
  
C:\Program Files (x86)\Microsoft Visual Studio\2022\BuildTools\VC\Tools\MSVC\14.44.35207\include\xlocmon(674,34): warning C4995: 'sprintf_s': name was marked as #pragma deprecated [C:\Users\egorb\OneDrive\Documentos\GitHub\xray-monolith\src\xrEngine\xrEngine.vcxproj]
  (compiling source file '/GameMtlLib.cpp')
  
  IInputReceiver.cpp
C:\Program Files (x86)\Microsoft Visual Studio\2022\BuildTools\VC\Tools\MSVC\14.44.35207\include\xloctime(615,15): warning C4995: 'free': name was marked as #pragma deprecated [C:\Users\egorb\OneDrive\Documentos\GitHub\xray-monolith\src\xrEngine\xrEngine.vcxproj]
  (compiling source file '/GameMtlLib.cpp')
  
C:\Program Files (x86)\Microsoft Visual Studio\2022\BuildTools\VC\Tools\MSVC\14.44.35207\include\xloctime(616,15): warning C4995: 'free': name was marked as #pragma deprecated [C:\Users\egorb\OneDrive\Documentos\GitHub\xray-monolith\src\xrEngine\xrEngine.vcxproj]
  (compiling source file '/GameMtlLib.cpp')
  
C:\Program Files (x86)\Microsoft Visual Studio\2022\BuildTools\VC\Tools\MSVC\14.44.35207\include\xloctime(617,15): warning C4995: 'free': name was marked as #pragma deprecated [C:\Users\egorb\OneDrive\Documentos\GitHub\xray-monolith\src\xrEngine\xrEngine.vcxproj]
  (compiling source file '/GameMtlLib.cpp')
  
C:\Program Files (x86)\Microsoft Visual Studio\2022\BuildTools\VC\Tools\MSVC\14.44.35207\include\locale(69,15): warning C4995: 'free': name was marked as #pragma deprecated [C:\Users\egorb\OneDrive\Documentos\GitHub\xray-monolith\src\xrEngine\xrEngine.vcxproj]
  (compiling source file '/GameMtlLib.cpp')
  
  imgui_base.cpp
C:\Program Files (x86)\Microsoft Visual Studio\2022\BuildTools\VC\Tools\MSVC\14.44.35207\include\regex(1241,15): warning C4995: 'free': name was marked as #pragma deprecated [C:\Users\egorb\OneDrive\Documentos\GitHub\xray-monolith\src\xrEngine\xrEngine.vcxproj]
  (compiling source file '/GameMtlLib.cpp')
  
C:\Program Files (x86)\Microsoft Visual Studio\2022\BuildTools\VC\Tools\MSVC\14.44.35207\include\regex(1307,49): warning C4995: 'realloc': name was marked as #pragma deprecated [C:\Users\egorb\OneDrive\Documentos\GitHub\xray-monolith\src\xrEngine\xrEngine.vcxproj]
  (compiling source file '/GameMtlLib.cpp')
  
C:\Users\egorb\OneDrive\Documentos\GitHub\xray-monolith\src\xrEngine\device.cpp(62,2): warning C4003: not enough arguments for function-like macro invocation 'PROF_EVENT' [C:\Users\egorb\OneDrive\Documentos\GitHub\xray-monolith\src\xrEngine\xrEngine.vcxproj]
  (compiling source file '/device.cpp')
  
C:\Users\egorb\OneDrive\Documentos\GitHub\xray-monolith\src\xrEngine\device.cpp(103,2): warning C4003: not enough arguments for function-like macro invocation 'PROF_EVENT' [C:\Users\egorb\OneDrive\Documentos\GitHub\xray-monolith\src\xrEngine\xrEngine.vcxproj]
  (compiling source file '/device.cpp')
  
C:\Users\egorb\OneDrive\Documentos\GitHub\xray-monolith\src\xrEngine\device.cpp(176,3): warning C4003: not enough arguments for function-like macro invocation 'PROF_EVENT' [C:\Users\egorb\OneDrive\Documentos\GitHub\xray-monolith\src\xrEngine\xrEngine.vcxproj]
  (compiling source file '/device.cpp')
  
  imgui_base_input.cpp
  imgui_helper.cpp
C:\Users\egorb\OneDrive\Documentos\GitHub\xray-monolith\src\3rd party\imgui\imgui.h(2091,35): warning C4995: 'memset': name was marked as #pragma deprecated [C:\Users\egorb\OneDrive\Documentos\GitHub\xray-monolith\src\xrEngine\xrEngine.vcxproj]
  (compiling source file '/imgui_base.cpp')
  
C:\Users\egorb\OneDrive\Documentos\GitHub\xray-monolith\src\3rd party\imgui\imgui.h(2102,35): warning C4995: 'memset': name was marked as #pragma deprecated [C:\Users\egorb\OneDrive\Documentos\GitHub\xray-monolith\src\xrEngine\xrEngine.vcxproj]
  (compiling source file '/imgui_base.cpp')
  
C:\Users\egorb\OneDrive\Documentos\GitHub\xray-monolith\src\3rd party\imgui\imgui.h(2197,139): warning C4995: 'memmove': name was marked as #pragma deprecated [C:\Users\egorb\OneDrive\Documentos\GitHub\xray-monolith\src\xrEngine\xrEngine.vcxproj]
  (compiling source file '/imgui_base.cpp')
  
C:\Users\egorb\OneDrive\Documentos\GitHub\xray-monolith\src\3rd party\imgui\imgui.h(2198,220): warning C4995: 'memmove': name was marked as #pragma deprecated [C:\Users\egorb\OneDrive\Documentos\GitHub\xray-monolith\src\xrEngine\xrEngine.vcxproj]
  (compiling source file '/imgui_base.cpp')
  
C:\Users\egorb\OneDrive\Documentos\GitHub\xray-monolith\src\3rd party\imgui\imgui.h(2200,218): warning C4995: 'memmove': name was marked as #pragma deprecated [C:\Users\egorb\OneDrive\Documentos\GitHub\xray-monolith\src\xrEngine\xrEngine.vcxproj]
  (compiling source file '/imgui_base.cpp')
  
  interp.cpp
C:\Users\egorb\OneDrive\Documentos\GitHub\xray-monolith\src\3rd party\imgui\imgui.h(2621,26): warning C4995: 'memset': name was marked as #pragma deprecated [C:\Users\egorb\OneDrive\Documentos\GitHub\xray-monolith\src\xrEngine\xrEngine.vcxproj]
  (compiling source file '/imgui_base.cpp')
  
C:\Users\egorb\OneDrive\Documentos\GitHub\xray-monolith\src\3rd party\imgui\imgui.h(2640,81): warning C4995: 'memset': name was marked as #pragma deprecated [C:\Users\egorb\OneDrive\Documentos\GitHub\xray-monolith\src\xrEngine\xrEngine.vcxproj]
  (compiling source file '/imgui_base.cpp')
  
C:\Users\egorb\OneDrive\Documentos\GitHub\xray-monolith\src\3rd party\imgui\imgui.h(2641,78): warning C4995: 'strcmp': name was marked as #pragma deprecated [C:\Users\egorb\OneDrive\Documentos\GitHub\xray-monolith\src\xrEngine\xrEngine.vcxproj]
  (compiling source file '/imgui_base.cpp')
  
C:\Users\egorb\OneDrive\Documentos\GitHub\xray-monolith\src\xrEngine\device.cpp(274,2): warning C4995: 'memset': name was marked as #pragma deprecated [C:\Users\egorb\OneDrive\Documentos\GitHub\xray-monolith\src\xrEngine\xrEngine.vcxproj]
  (compiling source file '/device.cpp')
  
C:\Users\egorb\OneDrive\Documentos\GitHub\xray-monolith\src\xrEngine\GameMtlLib.cpp(167,87): warning C4245: 'argument': conversion from 'SGameMtl::<unnamed-enum-flBreakable>' to 'const T', signed/unsigned mismatch [C:\Users\egorb\OneDrive\Documentos\GitHub\xray-monolith\src\xrEngine\xrEngine.vcxproj]
C:\Users\egorb\OneDrive\Documentos\GitHub\xray-monolith\src\xrEngine\GameMtlLib.cpp(167,87): warning C4245:         with [C:\Users\egorb\OneDrive\Documentos\GitHub\xray-monolith\src\xrEngine\xrEngine.vcxproj]
C:\Users\egorb\OneDrive\Documentos\GitHub\xray-monolith\src\xrEngine\GameMtlLib.cpp(167,87): warning C4245:         [ [C:\Users\egorb\OneDrive\Documentos\GitHub\xray-monolith\src\xrEngine\xrEngine.vcxproj]
C:\Users\egorb\OneDrive\Documentos\GitHub\xray-monolith\src\xrEngine\GameMtlLib.cpp(167,87): warning C4245:             T=u32 [C:\Users\egorb\OneDrive\Documentos\GitHub\xray-monolith\src\xrEngine\xrEngine.vcxproj]
C:\Users\egorb\OneDrive\Documentos\GitHub\xray-monolith\src\xrEngine\GameMtlLib.cpp(167,87): warning C4245:         ] [C:\Users\egorb\OneDrive\Documentos\GitHub\xray-monolith\src\xrEngine\xrEngine.vcxproj]
  (compiling source file '/GameMtlLib.cpp')
  
C:\Users\egorb\OneDrive\Documentos\GitHub\xray-monolith\src\xrEngine\device.cpp(296,3): warning C4003: not enough arguments for function-like macro invocation 'PROF_EVENT' [C:\Users\egorb\OneDrive\Documentos\GitHub\xray-monolith\src\xrEngine\xrEngine.vcxproj]
  (compiling source file '/device.cpp')
  
C:\Users\egorb\OneDrive\Documentos\GitHub\xray-monolith\src\xrEngine\device.cpp(313,9): warning C4244: 'argument': conversion from 'float' to 'DWORD', possible loss of data [C:\Users\egorb\OneDrive\Documentos\GitHub\xray-monolith\src\xrEngine\xrEngine.vcxproj]
  (compiling source file '/device.cpp')
  
C:\Users\egorb\OneDrive\Documentos\GitHub\xray-monolith\src\xrEngine\device.cpp(328,2): warning C4003: not enough arguments for function-like macro invocation 'PROF_EVENT' [C:\Users\egorb\OneDrive\Documentos\GitHub\xray-monolith\src\xrEngine\xrEngine.vcxproj]
  (compiling source file '/device.cpp')
  
C:\Users\egorb\OneDrive\Documentos\GitHub\xray-monolith\src\xrEngine\GameMtlLib.cpp(248,9): warning C4458: declaration of 'materials' hides class member [C:\Users\egorb\OneDrive\Documentos\GitHub\xray-monolith\src\xrEngine\xrEngine.vcxproj]
  (compiling source file '/GameMtlLib.cpp')
      C:\Users\egorb\OneDrive\Documentos\GitHub\xray-monolith\src\xrEngine\GameMtlLib.h(262,13):
      see declaration of 'CGameMtlLibrary::materials'
  
C:\Users\egorb\OneDrive\Documentos\GitHub\xray-monolith\src\xrEngine\device.cpp(390,67): warning C4244: 'argument': conversion from 'T' to 's32', possible loss of data [C:\Users\egorb\OneDrive\Documentos\GitHub\xray-monolith\src\xrEngine\xrEngine.vcxproj]
C:\Users\egorb\OneDrive\Documentos\GitHub\xray-monolith\src\xrEngine\device.cpp(390,67): warning C4244:         with [C:\Users\egorb\OneDrive\Documentos\GitHub\xray-monolith\src\xrEngine\xrEngine.vcxproj]
C:\Users\egorb\OneDrive\Documentos\GitHub\xray-monolith\src\xrEngine\device.cpp(390,67): warning C4244:         [ [C:\Users\egorb\OneDrive\Documentos\GitHub\xray-monolith\src\xrEngine\xrEngine.vcxproj]
C:\Users\egorb\OneDrive\Documentos\GitHub\xray-monolith\src\xrEngine\device.cpp(390,67): warning C4244:             T=float [C:\Users\egorb\OneDrive\Documentos\GitHub\xray-monolith\src\xrEngine\xrEngine.vcxproj]
C:\Users\egorb\OneDrive\Documentos\GitHub\xray-monolith\src\xrEngine\device.cpp(390,67): warning C4244:         ] [C:\Users\egorb\OneDrive\Documentos\GitHub\xray-monolith\src\xrEngine\xrEngine.vcxproj]
  (compiling source file '/device.cpp')
  
C:\Users\egorb\OneDrive\Documentos\GitHub\xray-monolith\src\xrEngine\device.cpp(505,2): warning C4003: not enough arguments for function-like macro invocation 'PROF_EVENT' [C:\Users\egorb\OneDrive\Documentos\GitHub\xray-monolith\src\xrEngine\xrEngine.vcxproj]
  (compiling source file '/device.cpp')
  
C:\Users\egorb\OneDrive\Documentos\GitHub\xray-monolith\src\xrEngine\device.cpp(601,2): warning C4003: not enough arguments for function-like macro invocation 'PROF_EVENT' [C:\Users\egorb\OneDrive\Documentos\GitHub\xray-monolith\src\xrEngine\xrEngine.vcxproj]
  (compiling source file '/device.cpp')
  
C:\Users\egorb\OneDrive\Documentos\GitHub\xray-monolith\src\xrEngine\device.cpp(661,2): warning C4003: not enough arguments for function-like macro invocation 'PROF_EVENT' [C:\Users\egorb\OneDrive\Documentos\GitHub\xray-monolith\src\xrEngine\xrEngine.vcxproj]
  (compiling source file '/device.cpp')
  
C:\Users\egorb\OneDrive\Documentos\GitHub\xray-monolith\src\xrEngine\device.cpp(803,2): warning C4003: not enough arguments for function-like macro invocation 'PROF_EVENT' [C:\Users\egorb\OneDrive\Documentos\GitHub\xray-monolith\src\xrEngine\xrEngine.vcxproj]
  (compiling source file '/device.cpp')
  
C:\Users\egorb\OneDrive\Documentos\GitHub\xray-monolith\src\xrEngine\device.cpp(813,2): warning C4003: not enough arguments for function-like macro invocation 'PROF_EVENT' [C:\Users\egorb\OneDrive\Documentos\GitHub\xray-monolith\src\xrEngine\xrEngine.vcxproj]
  (compiling source file '/device.cpp')
  
C:\Users\egorb\OneDrive\Documentos\GitHub\xray-monolith\src\xrEngine\device.cpp(826,2): warning C4003: not enough arguments for function-like macro invocation 'PROF_EVENT' [C:\Users\egorb\OneDrive\Documentos\GitHub\xray-monolith\src\xrEngine\xrEngine.vcxproj]
  (compiling source file '/device.cpp')
  
C:\Users\egorb\OneDrive\Documentos\GitHub\xray-monolith\src\xrEngine\device.cpp(835,2): warning C4003: not enough arguments for function-like macro invocation 'PROF_EVENT' [C:\Users\egorb\OneDrive\Documentos\GitHub\xray-monolith\src\xrEngine\xrEngine.vcxproj]
  (compiling source file '/device.cpp')
  
C:\Users\egorb\OneDrive\Documentos\GitHub\xray-monolith\src\xrEngine\device.cpp(847,2): warning C4003: not enough arguments for function-like macro invocation 'PROF_EVENT' [C:\Users\egorb\OneDrive\Documentos\GitHub\xray-monolith\src\xrEngine\xrEngine.vcxproj]
  (compiling source file '/device.cpp')
  
C:\Users\egorb\OneDrive\Documentos\GitHub\xray-monolith\src\3rd party\imgui\imgui.h(3092,23): warning C4995: 'memset': name was marked as #pragma deprecated [C:\Users\egorb\OneDrive\Documentos\GitHub\xray-monolith\src\xrEngine\xrEngine.vcxproj]
  (compiling source file '/imgui_base.cpp')
  
C:\Users\egorb\OneDrive\Documentos\GitHub\xray-monolith\src\3rd party\imgui\imgui.h(3137,36): warning C4995: 'memset': name was marked as #pragma deprecated [C:\Users\egorb\OneDrive\Documentos\GitHub\xray-monolith\src\xrEngine\xrEngine.vcxproj]
  (compiling source file '/imgui_base.cpp')
  
  IRenderable.cpp
C:\Users\egorb\OneDrive\Documentos\GitHub\xray-monolith\src\3rd party\imgui\imgui.h(2091,35): warning C4995: 'memset': name was marked as #pragma deprecated [C:\Users\egorb\OneDrive\Documentos\GitHub\xray-monolith\src\xrEngine\xrEngine.vcxproj]
  (compiling source file '/imgui_base_input.cpp')
  
C:\Users\egorb\OneDrive\Documentos\GitHub\xray-monolith\src\3rd party\imgui\imgui.h(2102,35): warning C4995: 'memset': name was marked as #pragma deprecated [C:\Users\egorb\OneDrive\Documentos\GitHub\xray-monolith\src\xrEngine\xrEngine.vcxproj]
  (compiling source file '/imgui_base_input.cpp')
  
C:\Users\egorb\OneDrive\Documentos\GitHub\xray-monolith\src\3rd party\imgui\imgui.h(3411,157): warning C4995: 'memset': name was marked as #pragma deprecated [C:\Users\egorb\OneDrive\Documentos\GitHub\xray-monolith\src\xrEngine\xrEngine.vcxproj]
  (compiling source file '/imgui_base.cpp')
  
C:\Users\egorb\OneDrive\Documentos\GitHub\xray-monolith\src\3rd party\imgui\imgui.h(2197,139): warning C4995: 'memmove': name was marked as #pragma deprecated [C:\Users\egorb\OneDrive\Documentos\GitHub\xray-monolith\src\xrEngine\xrEngine.vcxproj]
  (compiling source file '/imgui_base_input.cpp')
  
C:\Users\egorb\OneDrive\Documentos\GitHub\xray-monolith\src\3rd party\imgui\imgui.h(2198,220): warning C4995: 'memmove': name was marked as #pragma deprecated [C:\Users\egorb\OneDrive\Documentos\GitHub\xray-monolith\src\xrEngine\xrEngine.vcxproj]
  (compiling source file '/imgui_base_input.cpp')
  
C:\Users\egorb\OneDrive\Documentos\GitHub\xray-monolith\src\3rd party\imgui\imgui.h(2200,218): warning C4995: 'memmove': name was marked as #pragma deprecated [C:\Users\egorb\OneDrive\Documentos\GitHub\xray-monolith\src\xrEngine\xrEngine.vcxproj]
  (compiling source file '/imgui_base_input.cpp')
  
C:\Users\egorb\OneDrive\Documentos\GitHub\xray-monolith\src\3rd party\imgui\imgui.h(2621,26): warning C4995: 'memset': name was marked as #pragma deprecated [C:\Users\egorb\OneDrive\Documentos\GitHub\xray-monolith\src\xrEngine\xrEngine.vcxproj]
  (compiling source file '/imgui_base_input.cpp')
  
C:\Users\egorb\OneDrive\Documentos\GitHub\xray-monolith\src\3rd party\imgui\imgui.h(2640,81): warning C4995: 'memset': name was marked as #pragma deprecated [C:\Users\egorb\OneDrive\Documentos\GitHub\xray-monolith\src\xrEngine\xrEngine.vcxproj]
  (compiling source file '/imgui_base_input.cpp')
  
C:\Users\egorb\OneDrive\Documentos\GitHub\xray-monolith\src\3rd party\imgui\imgui.h(2641,78): warning C4995: 'strcmp': name was marked as #pragma deprecated [C:\Users\egorb\OneDrive\Documentos\GitHub\xray-monolith\src\xrEngine\xrEngine.vcxproj]
  (compiling source file '/imgui_base_input.cpp')
  
C:\Users\egorb\OneDrive\Documentos\GitHub\xray-monolith\src\3rd party\imgui\imgui.h(3679,27): warning C4995: 'memset': name was marked as #pragma deprecated [C:\Users\egorb\OneDrive\Documentos\GitHub\xray-monolith\src\xrEngine\xrEngine.vcxproj]
  (compiling source file '/imgui_base.cpp')
  
C:\Users\egorb\OneDrive\Documentos\GitHub\xray-monolith\src\3rd party\imgui\imgui.h(3850,30): warning C4995: 'memset': name was marked as #pragma deprecated [C:\Users\egorb\OneDrive\Documentos\GitHub\xray-monolith\src\xrEngine\xrEngine.vcxproj]
  (compiling source file '/imgui_base.cpp')
  
C:\Users\egorb\OneDrive\Documentos\GitHub\xray-monolith\src\3rd party\imgui\imgui.h(3092,23): warning C4995: 'memset': name was marked as #pragma deprecated [C:\Users\egorb\OneDrive\Documentos\GitHub\xray-monolith\src\xrEngine\xrEngine.vcxproj]
  (compiling source file '/imgui_base_input.cpp')
  
C:\Users\egorb\OneDrive\Documentos\GitHub\xray-monolith\src\3rd party\imgui\imgui.h(3137,36): warning C4995: 'memset': name was marked as #pragma deprecated [C:\Users\egorb\OneDrive\Documentos\GitHub\xray-monolith\src\xrEngine\xrEngine.vcxproj]
  (compiling source file '/imgui_base_input.cpp')
  
  ISheduled.cpp
  LightAnimLibrary.cpp
  line_editor.cpp
  line_edit_control.cpp
C:\Users\egorb\OneDrive\Documentos\GitHub\xray-monolith\src\3rd party\imgui\imgui.h(3411,157): warning C4995: 'memset': name was marked as #pragma deprecated [C:\Users\egorb\OneDrive\Documentos\GitHub\xray-monolith\src\xrEngine\xrEngine.vcxproj]
  (compiling source file '/imgui_base_input.cpp')
  
C:\Users\egorb\OneDrive\Documentos\GitHub\xray-monolith\src\3rd party\imgui\imgui.h(3679,27): warning C4995: 'memset': name was marked as #pragma deprecated [C:\Users\egorb\OneDrive\Documentos\GitHub\xray-monolith\src\xrEngine\xrEngine.vcxproj]
  (compiling source file '/imgui_base_input.cpp')
  
C:\Users\egorb\OneDrive\Documentos\GitHub\xray-monolith\src\3rd party\imgui\imgui.h(3850,30): warning C4995: 'memset': name was marked as #pragma deprecated [C:\Users\egorb\OneDrive\Documentos\GitHub\xray-monolith\src\xrEngine\xrEngine.vcxproj]
  (compiling source file '/imgui_base_input.cpp')
  
C:\Users\egorb\OneDrive\Documentos\GitHub\xray-monolith\src\3rd party\imgui\imgui.h(2091,35): warning C4995: 'memset': name was marked as #pragma deprecated [C:\Users\egorb\OneDrive\Documentos\GitHub\xray-monolith\src\xrEngine\xrEngine.vcxproj]
  (compiling source file '/imgui_helper.cpp')
  
C:\Users\egorb\OneDrive\Documentos\GitHub\xray-monolith\src\3rd party\imgui\imgui.h(2102,35): warning C4995: 'memset': name was marked as #pragma deprecated [C:\Users\egorb\OneDrive\Documentos\GitHub\xray-monolith\src\xrEngine\xrEngine.vcxproj]
  (compiling source file '/imgui_helper.cpp')
  
C:\Users\egorb\OneDrive\Documentos\GitHub\xray-monolith\src\3rd party\imgui\imgui.h(2197,139): warning C4995: 'memmove': name was marked as #pragma deprecated [C:\Users\egorb\OneDrive\Documentos\GitHub\xray-monolith\src\xrEngine\xrEngine.vcxproj]
  (compiling source file '/imgui_helper.cpp')
  
C:\Users\egorb\OneDrive\Documentos\GitHub\xray-monolith\src\3rd party\imgui\imgui.h(2198,220): warning C4995: 'memmove': name was marked as #pragma deprecated [C:\Users\egorb\OneDrive\Documentos\GitHub\xray-monolith\src\xrEngine\xrEngine.vcxproj]
  (compiling source file '/imgui_helper.cpp')
  
C:\Users\egorb\OneDrive\Documentos\GitHub\xray-monolith\src\3rd party\imgui\imgui.h(2200,218): warning C4995: 'memmove': name was marked as #pragma deprecated [C:\Users\egorb\OneDrive\Documentos\GitHub\xray-monolith\src\xrEngine\xrEngine.vcxproj]
  (compiling source file '/imgui_helper.cpp')
  
C:\Users\egorb\OneDrive\Documentos\GitHub\xray-monolith\src\3rd party\imgui\imgui_internal.h(467,58): warning C4995: 'fabsf': name was marked as #pragma deprecated [C:\Users\egorb\OneDrive\Documentos\GitHub\xray-monolith\src\xrEngine\xrEngine.vcxproj]
  (compiling source file '/imgui_base_input.cpp')
  
C:\Users\egorb\OneDrive\Documentos\GitHub\xray-monolith\src\xrcdb\ispatial.h(151,9): warning C4311: '<function-style-cast>': pointer truncation from 'ISpatial_NODE *' to 'ISpatial_NODE::ptrt' [C:\Users\egorb\OneDrive\Documentos\GitHub\xray-monolith\src\xrEngine\xrEngine.vcxproj]
  (compiling source file '/IRenderable.cpp')
  
C:\Users\egorb\OneDrive\Documentos\GitHub\xray-monolith\src\3rd party\imgui\imgui_internal.h(468,58): warning C4995: 'fabs': name was marked as #pragma deprecated [C:\Users\egorb\OneDrive\Documentos\GitHub\xray-monolith\src\xrEngine\xrEngine.vcxproj]
  (compiling source file '/imgui_base_input.cpp')
  
C:\Users\egorb\OneDrive\Documentos\GitHub\xray-monolith\src\xrcdb\ispatial.h(151,9): warning C4302: '<function-style-cast>': truncation from 'ISpatial_NODE *' to 'ISpatial_NODE::ptrt' [C:\Users\egorb\OneDrive\Documentos\GitHub\xray-monolith\src\xrEngine\xrEngine.vcxproj]
  (compiling source file '/IRenderable.cpp')
  
C:\Users\egorb\OneDrive\Documentos\GitHub\xray-monolith\src\xrcdb\ispatial.h(151,29): warning C4311: '<function-style-cast>': pointer truncation from 'ISpatial_NODE *' to 'ISpatial_NODE::ptrt' [C:\Users\egorb\OneDrive\Documentos\GitHub\xray-monolith\src\xrEngine\xrEngine.vcxproj]
  (compiling source file '/IRenderable.cpp')
  
C:\Users\egorb\OneDrive\Documentos\GitHub\xray-monolith\src\xrcdb\ispatial.h(151,29): warning C4302: '<function-style-cast>': truncation from 'ISpatial_NODE *' to 'ISpatial_NODE::ptrt' [C:\Users\egorb\OneDrive\Documentos\GitHub\xray-monolith\src\xrEngine\xrEngine.vcxproj]
  (compiling source file '/IRenderable.cpp')
  
C:\Users\egorb\OneDrive\Documentos\GitHub\xray-monolith\src\xrcdb\ispatial.h(152,9): warning C4311: '<function-style-cast>': pointer truncation from 'ISpatial_NODE *' to 'ISpatial_NODE::ptrt' [C:\Users\egorb\OneDrive\Documentos\GitHub\xray-monolith\src\xrEngine\xrEngine.vcxproj]
  (compiling source file '/IRenderable.cpp')
  
C:\Users\egorb\OneDrive\Documentos\GitHub\xray-monolith\src\3rd party\imgui\imgui_internal.h(476,64): warning C4995: 'sqrt': name was marked as #pragma deprecated [C:\Users\egorb\OneDrive\Documentos\GitHub\xray-monolith\src\xrEngine\xrEngine.vcxproj]
  (compiling source file '/imgui_base_input.cpp')
  
C:\Users\egorb\OneDrive\Documentos\GitHub\xray-monolith\src\xrcdb\ispatial.h(152,9): warning C4302: '<function-style-cast>': truncation from 'ISpatial_NODE *' to 'ISpatial_NODE::ptrt' [C:\Users\egorb\OneDrive\Documentos\GitHub\xray-monolith\src\xrEngine\xrEngine.vcxproj]
  (compiling source file '/IRenderable.cpp')
  
C:\Users\egorb\OneDrive\Documentos\GitHub\xray-monolith\src\xrcdb\ispatial.h(152,29): warning C4311: '<function-style-cast>': pointer truncation from 'ISpatial_NODE *' to 'ISpatial_NODE::ptrt' [C:\Users\egorb\OneDrive\Documentos\GitHub\xray-monolith\src\xrEngine\xrEngine.vcxproj]
  (compiling source file '/IRenderable.cpp')
  
C:\Users\egorb\OneDrive\Documentos\GitHub\xray-monolith\src\xrcdb\ispatial.h(152,29): warning C4302: '<function-style-cast>': truncation from 'ISpatial_NODE *' to 'ISpatial_NODE::ptrt' [C:\Users\egorb\OneDrive\Documentos\GitHub\xray-monolith\src\xrEngine\xrEngine.vcxproj]
  (compiling source file '/IRenderable.cpp')
  
C:\Users\egorb\OneDrive\Documentos\GitHub\xray-monolith\src\xrcdb\ispatial.h(153,9): warning C4311: '<function-style-cast>': pointer truncation from 'ISpatial_NODE *' to 'ISpatial_NODE::ptrt' [C:\Users\egorb\OneDrive\Documentos\GitHub\xray-monolith\src\xrEngine\xrEngine.vcxproj]
  (compiling source file '/IRenderable.cpp')
  
C:\Users\egorb\OneDrive\Documentos\GitHub\xray-monolith\src\xrcdb\ispatial.h(153,9): warning C4302: '<function-style-cast>': truncation from 'ISpatial_NODE *' to 'ISpatial_NODE::ptrt' [C:\Users\egorb\OneDrive\Documentos\GitHub\xray-monolith\src\xrEngine\xrEngine.vcxproj]
  (compiling source file '/IRenderable.cpp')
  
C:\Users\egorb\OneDrive\Documentos\GitHub\xray-monolith\src\xrcdb\ispatial.h(153,29): warning C4311: '<function-style-cast>': pointer truncation from 'ISpatial_NODE *' to 'ISpatial_NODE::ptrt' [C:\Users\egorb\OneDrive\Documentos\GitHub\xray-monolith\src\xrEngine\xrEngine.vcxproj]
  (compiling source file '/IRenderable.cpp')
  
C:\Users\egorb\OneDrive\Documentos\GitHub\xray-monolith\src\xrcdb\ispatial.h(153,29): warning C4302: '<function-style-cast>': truncation from 'ISpatial_NODE *' to 'ISpatial_NODE::ptrt' [C:\Users\egorb\OneDrive\Documentos\GitHub\xray-monolith\src\xrEngine\xrEngine.vcxproj]
  (compiling source file '/IRenderable.cpp')
  
C:\Users\egorb\OneDrive\Documentos\GitHub\xray-monolith\src\3rd party\imgui\imgui.h(2621,26): warning C4995: 'memset': name was marked as #pragma deprecated [C:\Users\egorb\OneDrive\Documentos\GitHub\xray-monolith\src\xrEngine\xrEngine.vcxproj]
  (compiling source file '/imgui_helper.cpp')
  
C:\Users\egorb\OneDrive\Documentos\GitHub\xray-monolith\src\xrcdb\ispatial.h(154,9): warning C4311: '<function-style-cast>': pointer truncation from 'ISpatial_NODE *' to 'ISpatial_NODE::ptrt' [C:\Users\egorb\OneDrive\Documentos\GitHub\xray-monolith\src\xrEngine\xrEngine.vcxproj]
  (compiling source file '/IRenderable.cpp')
  
C:\Users\egorb\OneDrive\Documentos\GitHub\xray-monolith\src\xrcdb\ispatial.h(154,9): warning C4302: '<function-style-cast>': truncation from 'ISpatial_NODE *' to 'ISpatial_NODE::ptrt' [C:\Users\egorb\OneDrive\Documentos\GitHub\xray-monolith\src\xrEngine\xrEngine.vcxproj]
  (compiling source file '/IRenderable.cpp')
  
C:\Users\egorb\OneDrive\Documentos\GitHub\xray-monolith\src\xrcdb\ispatial.h(154,29): warning C4311: '<function-style-cast>': pointer truncation from 'ISpatial_NODE *' to 'ISpatial_NODE::ptrt' [C:\Users\egorb\OneDrive\Documentos\GitHub\xray-monolith\src\xrEngine\xrEngine.vcxproj]
  (compiling source file '/IRenderable.cpp')
  
C:\Users\egorb\OneDrive\Documentos\GitHub\xray-monolith\src\3rd party\imgui\imgui.h(2640,81): warning C4995: 'memset': name was marked as #pragma deprecated [C:\Users\egorb\OneDrive\Documentos\GitHub\xray-monolith\src\xrEngine\xrEngine.vcxproj]
  (compiling source file '/imgui_helper.cpp')
  
C:\Users\egorb\OneDrive\Documentos\GitHub\xray-monolith\src\xrcdb\ispatial.h(154,29): warning C4302: '<function-style-cast>': truncation from 'ISpatial_NODE *' to 'ISpatial_NODE::ptrt' [C:\Users\egorb\OneDrive\Documentos\GitHub\xray-monolith\src\xrEngine\xrEngine.vcxproj]
  (compiling source file '/IRenderable.cpp')
  
C:\Users\egorb\OneDrive\Documentos\GitHub\xray-monolith\src\3rd party\imgui\imgui.h(2641,78): warning C4995: 'strcmp': name was marked as #pragma deprecated [C:\Users\egorb\OneDrive\Documentos\GitHub\xray-monolith\src\xrEngine\xrEngine.vcxproj]
  (compiling source file '/imgui_helper.cpp')
  
C:\Users\egorb\OneDrive\Documentos\GitHub\xray-monolith\src\3rd party\imgui\imgui_internal.h(521,106): warning C4995: 'fabsf': name was marked as #pragma deprecated [C:\Users\egorb\OneDrive\Documentos\GitHub\xray-monolith\src\xrEngine\xrEngine.vcxproj]
  (compiling source file '/imgui_base_input.cpp')
  
C:\Users\egorb\OneDrive\Documentos\GitHub\xray-monolith\src\3rd party\imgui\imgui_internal.h(586,67): warning C4995: 'memset': name was marked as #pragma deprecated [C:\Users\egorb\OneDrive\Documentos\GitHub\xray-monolith\src\xrEngine\xrEngine.vcxproj]
  (compiling source file '/imgui_base_input.cpp')
  
C:\Users\egorb\OneDrive\Documentos\GitHub\xray-monolith\src\3rd party\imgui\imgui_internal.h(612,51): warning C4995: 'memset': name was marked as #pragma deprecated [C:\Users\egorb\OneDrive\Documentos\GitHub\xray-monolith\src\xrEngine\xrEngine.vcxproj]
  (compiling source file '/imgui_base_input.cpp')
  
C:\Users\egorb\OneDrive\Documentos\GitHub\xray-monolith\src\3rd party\imgui\imgui_internal.h(613,51): warning C4995: 'memset': name was marked as #pragma deprecated [C:\Users\egorb\OneDrive\Documentos\GitHub\xray-monolith\src\xrEngine\xrEngine.vcxproj]
  (compiling source file '/imgui_base_input.cpp')
  
C:\Users\egorb\OneDrive\Documentos\GitHub\xray-monolith\src\3rd party\imgui\imgui_internal.h(626,83): warning C4995: 'memset': name was marked as #pragma deprecated [C:\Users\egorb\OneDrive\Documentos\GitHub\xray-monolith\src\xrEngine\xrEngine.vcxproj]
  (compiling source file '/imgui_base_input.cpp')
  
C:\Users\egorb\OneDrive\Documentos\GitHub\xray-monolith\src\3rd party\imgui\imgui_internal.h(675,55): warning C4995: 'memset': name was marked as #pragma deprecated [C:\Users\egorb\OneDrive\Documentos\GitHub\xray-monolith\src\xrEngine\xrEngine.vcxproj]
  (compiling source file '/imgui_base_input.cpp')
  
C:\Users\egorb\OneDrive\Documentos\GitHub\xray-monolith\src\3rd party\imgui\imgui_internal.h(818,47): warning C4995: 'memset': name was marked as #pragma deprecated [C:\Users\egorb\OneDrive\Documentos\GitHub\xray-monolith\src\xrEngine\xrEngine.vcxproj]
  (compiling source file '/imgui_base_input.cpp')
  
C:\Users\egorb\OneDrive\Documentos\GitHub\xray-monolith\src\3rd party\imgui\imgui_internal.h(1078,31): warning C4995: 'memset': name was marked as #pragma deprecated [C:\Users\egorb\OneDrive\Documentos\GitHub\xray-monolith\src\xrEngine\xrEngine.vcxproj]
  (compiling source file '/imgui_base_input.cpp')
  
C:\Users\egorb\OneDrive\Documentos\GitHub\xray-monolith\src\3rd party\imgui\imgui_internal.h(1111,26): warning C4995: 'memset': name was marked as #pragma deprecated [C:\Users\egorb\OneDrive\Documentos\GitHub\xray-monolith\src\xrEngine\xrEngine.vcxproj]
  (compiling source file '/imgui_base_input.cpp')
  
C:\Users\egorb\OneDrive\Documentos\GitHub\xray-monolith\src\3rd party\imgui\imgui_internal.h(1123,43): warning C4995: 'memset': name was marked as #pragma deprecated [C:\Users\egorb\OneDrive\Documentos\GitHub\xray-monolith\src\xrEngine\xrEngine.vcxproj]
  (compiling source file '/imgui_base_input.cpp')
  
C:\Users\egorb\OneDrive\Documentos\GitHub\xray-monolith\src\3rd party\imgui\imgui_internal.h(1241,35): warning C4995: 'memset': name was marked as #pragma deprecated [C:\Users\egorb\OneDrive\Documentos\GitHub\xray-monolith\src\xrEngine\xrEngine.vcxproj]
  (compiling source file '/imgui_base_input.cpp')
  
C:\Users\egorb\OneDrive\Documentos\GitHub\xray-monolith\src\3rd party\imgui\imgui.h(3092,23): warning C4995: 'memset': name was marked as #pragma deprecated [C:\Users\egorb\OneDrive\Documentos\GitHub\xray-monolith\src\xrEngine\xrEngine.vcxproj]
  (compiling source file '/imgui_helper.cpp')
  
C:\Users\egorb\OneDrive\Documentos\GitHub\xray-monolith\src\3rd party\imgui\imgui_internal.h(1270,35): warning C4995: 'memset': name was marked as #pragma deprecated [C:\Users\egorb\OneDrive\Documentos\GitHub\xray-monolith\src\xrEngine\xrEngine.vcxproj]
  (compiling source file '/imgui_base_input.cpp')
  
C:\Users\egorb\OneDrive\Documentos\GitHub\xray-monolith\src\3rd party\imgui\imgui_internal.h(1287,31): warning C4995: 'memset': name was marked as #pragma deprecated [C:\Users\egorb\OneDrive\Documentos\GitHub\xray-monolith\src\xrEngine\xrEngine.vcxproj]
  (compiling source file '/imgui_base_input.cpp')
  
  mailSlot.cpp
C:\Users\egorb\OneDrive\Documentos\GitHub\xray-monolith\src\3rd party\imgui\imgui_internal.h(1317,33): warning C4995: 'memset': name was marked as #pragma deprecated [C:\Users\egorb\OneDrive\Documentos\GitHub\xray-monolith\src\xrEngine\xrEngine.vcxproj]
  (compiling source file '/imgui_base_input.cpp')
  
C:\Users\egorb\OneDrive\Documentos\GitHub\xray-monolith\src\3rd party\imgui\imgui.h(3137,36): warning C4995: 'memset': name was marked as #pragma deprecated [C:\Users\egorb\OneDrive\Documentos\GitHub\xray-monolith\src\xrEngine\xrEngine.vcxproj]
  (compiling source file '/imgui_helper.cpp')
  
C:\Users\egorb\OneDrive\Documentos\GitHub\xray-monolith\src\3rd party\imgui\imgui_internal.h(1377,27): warning C4995: 'memset': name was marked as #pragma deprecated [C:\Users\egorb\OneDrive\Documentos\GitHub\xray-monolith\src\xrEngine\xrEngine.vcxproj]
  (compiling source file '/imgui_base_input.cpp')
  
C:\Users\egorb\OneDrive\Documentos\GitHub\xray-monolith\src\3rd party\imgui\imgui_internal.h(1458,25): warning C4995: 'memset': name was marked as #pragma deprecated [C:\Users\egorb\OneDrive\Documentos\GitHub\xray-monolith\src\xrEngine\xrEngine.vcxproj]
  (compiling source file '/imgui_base_input.cpp')
  
C:\Users\egorb\OneDrive\Documentos\GitHub\xray-monolith\src\3rd party\imgui\imgui_internal.h(1573,39): warning C4995: 'memset': name was marked as #pragma deprecated [C:\Users\egorb\OneDrive\Documentos\GitHub\xray-monolith\src\xrEngine\xrEngine.vcxproj]
  (compiling source file '/imgui_base_input.cpp')
  
  MbHelpers.cpp
C:\Users\egorb\OneDrive\Documentos\GitHub\xray-monolith\src\3rd party\imgui\imgui_internal.h(1706,32): warning C4995: 'memset': name was marked as #pragma deprecated [C:\Users\egorb\OneDrive\Documentos\GitHub\xray-monolith\src\xrEngine\xrEngine.vcxproj]
  (compiling source file '/imgui_base_input.cpp')
  
C:\Users\egorb\OneDrive\Documentos\GitHub\xray-monolith\src\3rd party\imgui\imgui_internal.h(1742,28): warning C4995: 'memset': name was marked as #pragma deprecated [C:\Users\egorb\OneDrive\Documentos\GitHub\xray-monolith\src\xrEngine\xrEngine.vcxproj]
  (compiling source file '/imgui_base_input.cpp')
  
C:\Users\egorb\OneDrive\Documentos\GitHub\xray-monolith\src\3rd party\imgui\imgui_internal.h(1763,27): warning C4995: 'memset': name was marked as #pragma deprecated [C:\Users\egorb\OneDrive\Documentos\GitHub\xray-monolith\src\xrEngine\xrEngine.vcxproj]
  (compiling source file '/imgui_base_input.cpp')
  
C:\Users\egorb\OneDrive\Documentos\GitHub\xray-monolith\src\3rd party\imgui\imgui_internal.h(1791,31): warning C4995: 'memset': name was marked as #pragma deprecated [C:\Users\egorb\OneDrive\Documentos\GitHub\xray-monolith\src\xrEngine\xrEngine.vcxproj]
  (compiling source file '/imgui_base_input.cpp')
  
C:\Users\egorb\OneDrive\Documentos\GitHub\xray-monolith\src\3rd party\imgui\imgui_internal.h(1822,69): warning C4995: 'memset': name was marked as #pragma deprecated [C:\Users\egorb\OneDrive\Documentos\GitHub\xray-monolith\src\xrEngine\xrEngine.vcxproj]
  (compiling source file '/imgui_base_input.cpp')
  
C:\Users\egorb\OneDrive\Documentos\GitHub\xray-monolith\src\xrcdb\ispatial.h(151,9): warning C4311: '<function-style-cast>': pointer truncation from 'ISpatial_NODE *' to 'ISpatial_NODE::ptrt' [C:\Users\egorb\OneDrive\Documentos\GitHub\xray-monolith\src\xrEngine\xrEngine.vcxproj]
  (compiling source file '/ISheduled.cpp')
  
C:\Users\egorb\OneDrive\Documentos\GitHub\xray-monolith\src\xrcdb\ispatial.h(151,9): warning C4302: '<function-style-cast>': truncation from 'ISpatial_NODE *' to 'ISpatial_NODE::ptrt' [C:\Users\egorb\OneDrive\Documentos\GitHub\xray-monolith\src\xrEngine\xrEngine.vcxproj]
  (compiling source file '/ISheduled.cpp')
  
C:\Users\egorb\OneDrive\Documentos\GitHub\xray-monolith\src\xrcdb\ispatial.h(151,29): warning C4311: '<function-style-cast>': pointer truncation from 'ISpatial_NODE *' to 'ISpatial_NODE::ptrt' [C:\Users\egorb\OneDrive\Documentos\GitHub\xray-monolith\src\xrEngine\xrEngine.vcxproj]
  (compiling source file '/ISheduled.cpp')
  
C:\Users\egorb\OneDrive\Documentos\GitHub\xray-monolith\src\xrcdb\ispatial.h(151,29): warning C4302: '<function-style-cast>': truncation from 'ISpatial_NODE *' to 'ISpatial_NODE::ptrt' [C:\Users\egorb\OneDrive\Documentos\GitHub\xray-monolith\src\xrEngine\xrEngine.vcxproj]
  (compiling source file '/ISheduled.cpp')
  
C:\Users\egorb\OneDrive\Documentos\GitHub\xray-monolith\src\xrcdb\ispatial.h(152,9): warning C4311: '<function-style-cast>': pointer truncation from 'ISpatial_NODE *' to 'ISpatial_NODE::ptrt' [C:\Users\egorb\OneDrive\Documentos\GitHub\xray-monolith\src\xrEngine\xrEngine.vcxproj]
  (compiling source file '/ISheduled.cpp')
  
C:\Users\egorb\OneDrive\Documentos\GitHub\xray-monolith\src\xrcdb\ispatial.h(152,9): warning C4302: '<function-style-cast>': truncation from 'ISpatial_NODE *' to 'ISpatial_NODE::ptrt' [C:\Users\egorb\OneDrive\Documentos\GitHub\xray-monolith\src\xrEngine\xrEngine.vcxproj]
  (compiling source file '/ISheduled.cpp')
  
C:\Users\egorb\OneDrive\Documentos\GitHub\xray-monolith\src\xrcdb\ispatial.h(152,29): warning C4311: '<function-style-cast>': pointer truncation from 'ISpatial_NODE *' to 'ISpatial_NODE::ptrt' [C:\Users\egorb\OneDrive\Documentos\GitHub\xray-monolith\src\xrEngine\xrEngine.vcxproj]
  (compiling source file '/ISheduled.cpp')
  
C:\Users\egorb\OneDrive\Documentos\GitHub\xray-monolith\src\xrcdb\ispatial.h(152,29): warning C4302: '<function-style-cast>': truncation from 'ISpatial_NODE *' to 'ISpatial_NODE::ptrt' [C:\Users\egorb\OneDrive\Documentos\GitHub\xray-monolith\src\xrEngine\xrEngine.vcxproj]
  (compiling source file '/ISheduled.cpp')
  
C:\Users\egorb\OneDrive\Documentos\GitHub\xray-monolith\src\xrcdb\ispatial.h(153,9): warning C4311: '<function-style-cast>': pointer truncation from 'ISpatial_NODE *' to 'ISpatial_NODE::ptrt' [C:\Users\egorb\OneDrive\Documentos\GitHub\xray-monolith\src\xrEngine\xrEngine.vcxproj]
  (compiling source file '/ISheduled.cpp')
  
C:\Users\egorb\OneDrive\Documentos\GitHub\xray-monolith\src\xrcdb\ispatial.h(153,9): warning C4302: '<function-style-cast>': truncation from 'ISpatial_NODE *' to 'ISpatial_NODE::ptrt' [C:\Users\egorb\OneDrive\Documentos\GitHub\xray-monolith\src\xrEngine\xrEngine.vcxproj]
  (compiling source file '/ISheduled.cpp')
  
C:\Users\egorb\OneDrive\Documentos\GitHub\xray-monolith\src\xrcdb\ispatial.h(153,29): warning C4311: '<function-style-cast>': pointer truncation from 'ISpatial_NODE *' to 'ISpatial_NODE::ptrt' [C:\Users\egorb\OneDrive\Documentos\GitHub\xray-monolith\src\xrEngine\xrEngine.vcxproj]
  (compiling source file '/ISheduled.cpp')
  
C:\Users\egorb\OneDrive\Documentos\GitHub\xray-monolith\src\xrcdb\ispatial.h(153,29): warning C4302: '<function-style-cast>': truncation from 'ISpatial_NODE *' to 'ISpatial_NODE::ptrt' [C:\Users\egorb\OneDrive\Documentos\GitHub\xray-monolith\src\xrEngine\xrEngine.vcxproj]
  (compiling source file '/ISheduled.cpp')
  
C:\Users\egorb\OneDrive\Documentos\GitHub\xray-monolith\src\xrcdb\ispatial.h(154,9): warning C4311: '<function-style-cast>': pointer truncation from 'ISpatial_NODE *' to 'ISpatial_NODE::ptrt' [C:\Users\egorb\OneDrive\Documentos\GitHub\xray-monolith\src\xrEngine\xrEngine.vcxproj]
  (compiling source file '/ISheduled.cpp')
  
C:\Users\egorb\OneDrive\Documentos\GitHub\xray-monolith\src\xrcdb\ispatial.h(154,9): warning C4302: '<function-style-cast>': truncation from 'ISpatial_NODE *' to 'ISpatial_NODE::ptrt' [C:\Users\egorb\OneDrive\Documentos\GitHub\xray-monolith\src\xrEngine\xrEngine.vcxproj]
  (compiling source file '/ISheduled.cpp')
  
C:\Users\egorb\OneDrive\Documentos\GitHub\xray-monolith\src\xrcdb\ispatial.h(154,29): warning C4311: '<function-style-cast>': pointer truncation from 'ISpatial_NODE *' to 'ISpatial_NODE::ptrt' [C:\Users\egorb\OneDrive\Documentos\GitHub\xray-monolith\src\xrEngine\xrEngine.vcxproj]
  (compiling source file '/ISheduled.cpp')
  
C:\Users\egorb\OneDrive\Documentos\GitHub\xray-monolith\src\xrcdb\ispatial.h(154,29): warning C4302: '<function-style-cast>': truncation from 'ISpatial_NODE *' to 'ISpatial_NODE::ptrt' [C:\Users\egorb\OneDrive\Documentos\GitHub\xray-monolith\src\xrEngine\xrEngine.vcxproj]
  (compiling source file '/ISheduled.cpp')
  
C:\Users\egorb\OneDrive\Documentos\GitHub\xray-monolith\src\3rd party\imgui\imgui.h(3411,157): warning C4995: 'memset': name was marked as #pragma deprecated [C:\Users\egorb\OneDrive\Documentos\GitHub\xray-monolith\src\xrEngine\xrEngine.vcxproj]
  (compiling source file '/imgui_helper.cpp')
  
C:\Users\egorb\OneDrive\Documentos\GitHub\xray-monolith\src\3rd party\imgui\imgui_internal.h(1991,39): warning C4995: 'memset': name was marked as #pragma deprecated [C:\Users\egorb\OneDrive\Documentos\GitHub\xray-monolith\src\xrEngine\xrEngine.vcxproj]
  (compiling source file '/imgui_base_input.cpp')
  
C:\Users\egorb\OneDrive\Documentos\GitHub\xray-monolith\src\3rd party\imgui\imgui_internal.h(2069,35): warning C4995: 'memset': name was marked as #pragma deprecated [C:\Users\egorb\OneDrive\Documentos\GitHub\xray-monolith\src\xrEngine\xrEngine.vcxproj]
  (compiling source file '/imgui_base_input.cpp')
  
C:\Users\egorb\OneDrive\Documentos\GitHub\xray-monolith\src\3rd party\imgui\imgui_internal.h(2085,30): warning C4995: 'memset': name was marked as #pragma deprecated [C:\Users\egorb\OneDrive\Documentos\GitHub\xray-monolith\src\xrEngine\xrEngine.vcxproj]
  (compiling source file '/imgui_base_input.cpp')
  
C:\Users\egorb\OneDrive\Documentos\GitHub\xray-monolith\src\3rd party\imgui\imgui_internal.h(2174,29): warning C4995: 'memset': name was marked as #pragma deprecated [C:\Users\egorb\OneDrive\Documentos\GitHub\xray-monolith\src\xrEngine\xrEngine.vcxproj]
  (compiling source file '/imgui_base_input.cpp')
  
C:\Users\egorb\OneDrive\Documentos\GitHub\xray-monolith\src\3rd party\imgui\imgui_internal.h(2203,31): warning C4995: 'memset': name was marked as #pragma deprecated [C:\Users\egorb\OneDrive\Documentos\GitHub\xray-monolith\src\xrEngine\xrEngine.vcxproj]
  (compiling source file '/imgui_base_input.cpp')
  
C:\Users\egorb\OneDrive\Documentos\GitHub\xray-monolith\src\3rd party\imgui\imgui.h(3679,27): warning C4995: 'memset': name was marked as #pragma deprecated [C:\Users\egorb\OneDrive\Documentos\GitHub\xray-monolith\src\xrEngine\xrEngine.vcxproj]
  (compiling source file '/imgui_helper.cpp')
  
C:\Users\egorb\OneDrive\Documentos\GitHub\xray-monolith\src\3rd party\imgui\imgui_internal.h(2216,31): warning C4995: 'memset': name was marked as #pragma deprecated [C:\Users\egorb\OneDrive\Documentos\GitHub\xray-monolith\src\xrEngine\xrEngine.vcxproj]
  (compiling source file '/imgui_base_input.cpp')
  
C:\Users\egorb\OneDrive\Documentos\GitHub\xray-monolith\src\xrcdb\ispatial.h(151,9): warning C4311: '<function-style-cast>': pointer truncation from 'ISpatial_NODE *' to 'ISpatial_NODE::ptrt' [C:\Users\egorb\OneDrive\Documentos\GitHub\xray-monolith\src\xrEngine\xrEngine.vcxproj]
  (compiling source file '/IGame_ObjectPool.cpp')
  
C:\Users\egorb\OneDrive\Documentos\GitHub\xray-monolith\src\xrcdb\ispatial.h(151,9): warning C4302: '<function-style-cast>': truncation from 'ISpatial_NODE *' to 'ISpatial_NODE::ptrt' [C:\Users\egorb\OneDrive\Documentos\GitHub\xray-monolith\src\xrEngine\xrEngine.vcxproj]
  (compiling source file '/IGame_ObjectPool.cpp')
  
C:\Users\egorb\OneDrive\Documentos\GitHub\xray-monolith\src\xrcdb\ispatial.h(151,29): warning C4311: '<function-style-cast>': pointer truncation from 'ISpatial_NODE *' to 'ISpatial_NODE::ptrt' [C:\Users\egorb\OneDrive\Documentos\GitHub\xray-monolith\src\xrEngine\xrEngine.vcxproj]
  (compiling source file '/IGame_ObjectPool.cpp')
  
C:\Users\egorb\OneDrive\Documentos\GitHub\xray-monolith\src\xrcdb\ispatial.h(151,29): warning C4302: '<function-style-cast>': truncation from 'ISpatial_NODE *' to 'ISpatial_NODE::ptrt' [C:\Users\egorb\OneDrive\Documentos\GitHub\xray-monolith\src\xrEngine\xrEngine.vcxproj]
  (compiling source file '/IGame_ObjectPool.cpp')
  
C:\Users\egorb\OneDrive\Documentos\GitHub\xray-monolith\src\3rd party\imgui\imgui_internal.h(2234,35): warning C4995: 'memset': name was marked as #pragma deprecated [C:\Users\egorb\OneDrive\Documentos\GitHub\xray-monolith\src\xrEngine\xrEngine.vcxproj]
  (compiling source file '/imgui_base_input.cpp')
  
C:\Users\egorb\OneDrive\Documentos\GitHub\xray-monolith\src\xrcdb\ispatial.h(152,9): warning C4311: '<function-style-cast>': pointer truncation from 'ISpatial_NODE *' to 'ISpatial_NODE::ptrt' [C:\Users\egorb\OneDrive\Documentos\GitHub\xray-monolith\src\xrEngine\xrEngine.vcxproj]
  (compiling source file '/IGame_ObjectPool.cpp')
  
C:\Users\egorb\OneDrive\Documentos\GitHub\xray-monolith\src\xrcdb\ispatial.h(152,9): warning C4302: '<function-style-cast>': truncation from 'ISpatial_NODE *' to 'ISpatial_NODE::ptrt' [C:\Users\egorb\OneDrive\Documentos\GitHub\xray-monolith\src\xrEngine\xrEngine.vcxproj]
  (compiling source file '/IGame_ObjectPool.cpp')
  
C:\Users\egorb\OneDrive\Documentos\GitHub\xray-monolith\src\xrcdb\ispatial.h(152,29): warning C4311: '<function-style-cast>': pointer truncation from 'ISpatial_NODE *' to 'ISpatial_NODE::ptrt' [C:\Users\egorb\OneDrive\Documentos\GitHub\xray-monolith\src\xrEngine\xrEngine.vcxproj]
  (compiling source file '/IGame_ObjectPool.cpp')
  
C:\Users\egorb\OneDrive\Documentos\GitHub\xray-monolith\src\xrcdb\ispatial.h(152,29): warning C4302: '<function-style-cast>': truncation from 'ISpatial_NODE *' to 'ISpatial_NODE::ptrt' [C:\Users\egorb\OneDrive\Documentos\GitHub\xray-monolith\src\xrEngine\xrEngine.vcxproj]
  (compiling source file '/IGame_ObjectPool.cpp')
  
C:\Users\egorb\OneDrive\Documentos\GitHub\xray-monolith\src\xrcdb\ispatial.h(153,9): warning C4311: '<function-style-cast>': pointer truncation from 'ISpatial_NODE *' to 'ISpatial_NODE::ptrt' [C:\Users\egorb\OneDrive\Documentos\GitHub\xray-monolith\src\xrEngine\xrEngine.vcxproj]
  (compiling source file '/IGame_ObjectPool.cpp')
  
C:\Users\egorb\OneDrive\Documentos\GitHub\xray-monolith\src\xrcdb\ispatial.h(153,9): warning C4302: '<function-style-cast>': truncation from 'ISpatial_NODE *' to 'ISpatial_NODE::ptrt' [C:\Users\egorb\OneDrive\Documentos\GitHub\xray-monolith\src\xrEngine\xrEngine.vcxproj]
  (compiling source file '/IGame_ObjectPool.cpp')
  
C:\Users\egorb\OneDrive\Documentos\GitHub\xray-monolith\src\xrcdb\ispatial.h(153,29): warning C4311: '<function-style-cast>': pointer truncation from 'ISpatial_NODE *' to 'ISpatial_NODE::ptrt' [C:\Users\egorb\OneDrive\Documentos\GitHub\xray-monolith\src\xrEngine\xrEngine.vcxproj]
  (compiling source file '/IGame_ObjectPool.cpp')
  
C:\Users\egorb\OneDrive\Documentos\GitHub\xray-monolith\src\xrcdb\ispatial.h(153,29): warning C4302: '<function-style-cast>': truncation from 'ISpatial_NODE *' to 'ISpatial_NODE::ptrt' [C:\Users\egorb\OneDrive\Documentos\GitHub\xray-monolith\src\xrEngine\xrEngine.vcxproj]
  (compiling source file '/IGame_ObjectPool.cpp')
  
C:\Users\egorb\OneDrive\Documentos\GitHub\xray-monolith\src\xrcdb\ispatial.h(154,9): warning C4311: '<function-style-cast>': pointer truncation from 'ISpatial_NODE *' to 'ISpatial_NODE::ptrt' [C:\Users\egorb\OneDrive\Documentos\GitHub\xray-monolith\src\xrEngine\xrEngine.vcxproj]
  (compiling source file '/IGame_ObjectPool.cpp')
  
C:\Users\egorb\OneDrive\Documentos\GitHub\xray-monolith\src\xrcdb\ispatial.h(154,9): warning C4302: '<function-style-cast>': truncation from 'ISpatial_NODE *' to 'ISpatial_NODE::ptrt' [C:\Users\egorb\OneDrive\Documentos\GitHub\xray-monolith\src\xrEngine\xrEngine.vcxproj]
  (compiling source file '/IGame_ObjectPool.cpp')
  
C:\Users\egorb\OneDrive\Documentos\GitHub\xray-monolith\src\xrcdb\ispatial.h(154,29): warning C4311: '<function-style-cast>': pointer truncation from 'ISpatial_NODE *' to 'ISpatial_NODE::ptrt' [C:\Users\egorb\OneDrive\Documentos\GitHub\xray-monolith\src\xrEngine\xrEngine.vcxproj]
  (compiling source file '/IGame_ObjectPool.cpp')
  
C:\Users\egorb\OneDrive\Documentos\GitHub\xray-monolith\src\xrcdb\ispatial.h(154,29): warning C4302: '<function-style-cast>': truncation from 'ISpatial_NODE *' to 'ISpatial_NODE::ptrt' [C:\Users\egorb\OneDrive\Documentos\GitHub\xray-monolith\src\xrEngine\xrEngine.vcxproj]
  (compiling source file '/IGame_ObjectPool.cpp')
  
C:\Users\egorb\OneDrive\Documentos\GitHub\xray-monolith\src\3rd party\imgui\imgui.h(3850,30): warning C4995: 'memset': name was marked as #pragma deprecated [C:\Users\egorb\OneDrive\Documentos\GitHub\xray-monolith\src\xrEngine\xrEngine.vcxproj]
  (compiling source file '/imgui_helper.cpp')
  
C:\Users\egorb\OneDrive\Documentos\GitHub\xray-monolith\src\xrcdb\ispatial.h(151,9): warning C4311: '<function-style-cast>': pointer truncation from 'ISpatial_NODE *' to 'ISpatial_NODE::ptrt' [C:\Users\egorb\OneDrive\Documentos\GitHub\xray-monolith\src\xrEngine\xrEngine.vcxproj]
  (compiling source file '/IGame_Persistent.cpp')
  
C:\Users\egorb\OneDrive\Documentos\GitHub\xray-monolith\src\xrcdb\ispatial.h(151,9): warning C4302: '<function-style-cast>': truncation from 'ISpatial_NODE *' to 'ISpatial_NODE::ptrt' [C:\Users\egorb\OneDrive\Documentos\GitHub\xray-monolith\src\xrEngine\xrEngine.vcxproj]
  (compiling source file '/IGame_Persistent.cpp')
  
C:\Users\egorb\OneDrive\Documentos\GitHub\xray-monolith\src\xrcdb\ispatial.h(151,29): warning C4311: '<function-style-cast>': pointer truncation from 'ISpatial_NODE *' to 'ISpatial_NODE::ptrt' [C:\Users\egorb\OneDrive\Documentos\GitHub\xray-monolith\src\xrEngine\xrEngine.vcxproj]
  (compiling source file '/IGame_Persistent.cpp')
  
C:\Users\egorb\OneDrive\Documentos\GitHub\xray-monolith\src\xrcdb\ispatial.h(151,29): warning C4302: '<function-style-cast>': truncation from 'ISpatial_NODE *' to 'ISpatial_NODE::ptrt' [C:\Users\egorb\OneDrive\Documentos\GitHub\xray-monolith\src\xrEngine\xrEngine.vcxproj]
  (compiling source file '/IGame_Persistent.cpp')
  
C:\Users\egorb\OneDrive\Documentos\GitHub\xray-monolith\src\xrcdb\ispatial.h(152,9): warning C4311: '<function-style-cast>': pointer truncation from 'ISpatial_NODE *' to 'ISpatial_NODE::ptrt' [C:\Users\egorb\OneDrive\Documentos\GitHub\xray-monolith\src\xrEngine\xrEngine.vcxproj]
  (compiling source file '/IGame_Persistent.cpp')
  
C:\Users\egorb\OneDrive\Documentos\GitHub\xray-monolith\src\xrcdb\ispatial.h(152,9): warning C4302: '<function-style-cast>': truncation from 'ISpatial_NODE *' to 'ISpatial_NODE::ptrt' [C:\Users\egorb\OneDrive\Documentos\GitHub\xray-monolith\src\xrEngine\xrEngine.vcxproj]
  (compiling source file '/IGame_Persistent.cpp')
  
C:\Users\egorb\OneDrive\Documentos\GitHub\xray-monolith\src\xrcdb\ispatial.h(152,29): warning C4311: '<function-style-cast>': pointer truncation from 'ISpatial_NODE *' to 'ISpatial_NODE::ptrt' [C:\Users\egorb\OneDrive\Documentos\GitHub\xray-monolith\src\xrEngine\xrEngine.vcxproj]
  (compiling source file '/IGame_Persistent.cpp')
  
C:\Users\egorb\OneDrive\Documentos\GitHub\xray-monolith\src\xrcdb\ispatial.h(152,29): warning C4302: '<function-style-cast>': truncation from 'ISpatial_NODE *' to 'ISpatial_NODE::ptrt' [C:\Users\egorb\OneDrive\Documentos\GitHub\xray-monolith\src\xrEngine\xrEngine.vcxproj]
  (compiling source file '/IGame_Persistent.cpp')
  
C:\Users\egorb\OneDrive\Documentos\GitHub\xray-monolith\src\xrcdb\ispatial.h(153,9): warning C4311: '<function-style-cast>': pointer truncation from 'ISpatial_NODE *' to 'ISpatial_NODE::ptrt' [C:\Users\egorb\OneDrive\Documentos\GitHub\xray-monolith\src\xrEngine\xrEngine.vcxproj]
  (compiling source file '/IGame_Persistent.cpp')
  
C:\Users\egorb\OneDrive\Documentos\GitHub\xray-monolith\src\xrcdb\ispatial.h(153,9): warning C4302: '<function-style-cast>': truncation from 'ISpatial_NODE *' to 'ISpatial_NODE::ptrt' [C:\Users\egorb\OneDrive\Documentos\GitHub\xray-monolith\src\xrEngine\xrEngine.vcxproj]
  (compiling source file '/IGame_Persistent.cpp')
  
C:\Users\egorb\OneDrive\Documentos\GitHub\xray-monolith\src\xrcdb\ispatial.h(153,29): warning C4311: '<function-style-cast>': pointer truncation from 'ISpatial_NODE *' to 'ISpatial_NODE::ptrt' [C:\Users\egorb\OneDrive\Documentos\GitHub\xray-monolith\src\xrEngine\xrEngine.vcxproj]
  (compiling source file '/IGame_Persistent.cpp')
  
C:\Users\egorb\OneDrive\Documentos\GitHub\xray-monolith\src\xrcdb\ispatial.h(153,29): warning C4302: '<function-style-cast>': truncation from 'ISpatial_NODE *' to 'ISpatial_NODE::ptrt' [C:\Users\egorb\OneDrive\Documentos\GitHub\xray-monolith\src\xrEngine\xrEngine.vcxproj]
  (compiling source file '/IGame_Persistent.cpp')
  
C:\Users\egorb\OneDrive\Documentos\GitHub\xray-monolith\src\xrcdb\ispatial.h(154,9): warning C4311: '<function-style-cast>': pointer truncation from 'ISpatial_NODE *' to 'ISpatial_NODE::ptrt' [C:\Users\egorb\OneDrive\Documentos\GitHub\xray-monolith\src\xrEngine\xrEngine.vcxproj]
  (compiling source file '/IGame_Persistent.cpp')
  
C:\Users\egorb\OneDrive\Documentos\GitHub\xray-monolith\src\xrcdb\ispatial.h(154,9): warning C4302: '<function-style-cast>': truncation from 'ISpatial_NODE *' to 'ISpatial_NODE::ptrt' [C:\Users\egorb\OneDrive\Documentos\GitHub\xray-monolith\src\xrEngine\xrEngine.vcxproj]
  (compiling source file '/IGame_Persistent.cpp')
  
C:\Users\egorb\OneDrive\Documentos\GitHub\xray-monolith\src\xrcdb\ispatial.h(154,29): warning C4311: '<function-style-cast>': pointer truncation from 'ISpatial_NODE *' to 'ISpatial_NODE::ptrt' [C:\Users\egorb\OneDrive\Documentos\GitHub\xray-monolith\src\xrEngine\xrEngine.vcxproj]
  (compiling source file '/IGame_Persistent.cpp')
  
C:\Users\egorb\OneDrive\Documentos\GitHub\xray-monolith\src\xrcdb\ispatial.h(154,29): warning C4302: '<function-style-cast>': truncation from 'ISpatial_NODE *' to 'ISpatial_NODE::ptrt' [C:\Users\egorb\OneDrive\Documentos\GitHub\xray-monolith\src\xrEngine\xrEngine.vcxproj]
  (compiling source file '/IGame_Persistent.cpp')
  
C:\Users\egorb\OneDrive\Documentos\GitHub\xray-monolith\src\3rd party\imgui\imgui_internal.h(2873,27): warning C4995: 'memset': name was marked as #pragma deprecated [C:\Users\egorb\OneDrive\Documentos\GitHub\xray-monolith\src\xrEngine\xrEngine.vcxproj]
  (compiling source file '/imgui_base_input.cpp')
  
C:\Users\egorb\OneDrive\Documentos\GitHub\xray-monolith\src\3rd party\imgui\imgui_internal.h(2979,9): warning C4995: 'memset': name was marked as #pragma deprecated [C:\Users\egorb\OneDrive\Documentos\GitHub\xray-monolith\src\xrEngine\xrEngine.vcxproj]
  (compiling source file '/imgui_base_input.cpp')
  
  motion.cpp
C:\Users\egorb\OneDrive\Documentos\GitHub\xray-monolith\src\3rd party\imgui\imgui_internal.h(3140,35): warning C4995: 'memset': name was marked as #pragma deprecated [C:\Users\egorb\OneDrive\Documentos\GitHub\xray-monolith\src\xrEngine\xrEngine.vcxproj]
  (compiling source file '/imgui_base_input.cpp')
  
C:\Users\egorb\OneDrive\Documentos\GitHub\xray-monolith\src\3rd party\imgui\imgui_internal.h(3168,35): warning C4995: 'memset': name was marked as #pragma deprecated [C:\Users\egorb\OneDrive\Documentos\GitHub\xray-monolith\src\xrEngine\xrEngine.vcxproj]
  (compiling source file '/imgui_base_input.cpp')
  
C:\Users\egorb\OneDrive\Documentos\GitHub\xray-monolith\src\3rd party\imgui\imgui_internal.h(3205,35): warning C4995: 'memset': name was marked as #pragma deprecated [C:\Users\egorb\OneDrive\Documentos\GitHub\xray-monolith\src\xrEngine\xrEngine.vcxproj]
  (compiling source file '/imgui_base_input.cpp')
  
C:\Users\egorb\OneDrive\Documentos\GitHub\xray-monolith\src\xrcdb\ispatial.h(151,9): warning C4311: '<function-style-cast>': pointer truncation from 'ISpatial_NODE *' to 'ISpatial_NODE::ptrt' [C:\Users\egorb\OneDrive\Documentos\GitHub\xray-monolith\src\xrEngine\xrEngine.vcxproj]
  (compiling source file '/IGame_Level.cpp')
  
C:\Users\egorb\OneDrive\Documentos\GitHub\xray-monolith\src\xrcdb\ispatial.h(151,9): warning C4302: '<function-style-cast>': truncation from 'ISpatial_NODE *' to 'ISpatial_NODE::ptrt' [C:\Users\egorb\OneDrive\Documentos\GitHub\xray-monolith\src\xrEngine\xrEngine.vcxproj]
  (compiling source file '/IGame_Level.cpp')
  
C:\Users\egorb\OneDrive\Documentos\GitHub\xray-monolith\src\xrcdb\ispatial.h(151,29): warning C4311: '<function-style-cast>': pointer truncation from 'ISpatial_NODE *' to 'ISpatial_NODE::ptrt' [C:\Users\egorb\OneDrive\Documentos\GitHub\xray-monolith\src\xrEngine\xrEngine.vcxproj]
  (compiling source file '/IGame_Level.cpp')
  
C:\Users\egorb\OneDrive\Documentos\GitHub\xray-monolith\src\xrcdb\ispatial.h(151,29): warning C4302: '<function-style-cast>': truncation from 'ISpatial_NODE *' to 'ISpatial_NODE::ptrt' [C:\Users\egorb\OneDrive\Documentos\GitHub\xray-monolith\src\xrEngine\xrEngine.vcxproj]
  (compiling source file '/IGame_Level.cpp')
  
C:\Users\egorb\OneDrive\Documentos\GitHub\xray-monolith\src\xrcdb\ispatial.h(152,9): warning C4311: '<function-style-cast>': pointer truncation from 'ISpatial_NODE *' to 'ISpatial_NODE::ptrt' [C:\Users\egorb\OneDrive\Documentos\GitHub\xray-monolith\src\xrEngine\xrEngine.vcxproj]
  (compiling source file '/IGame_Level.cpp')
  
C:\Users\egorb\OneDrive\Documentos\GitHub\xray-monolith\src\xrcdb\ispatial.h(152,9): warning C4302: '<function-style-cast>': truncation from 'ISpatial_NODE *' to 'ISpatial_NODE::ptrt' [C:\Users\egorb\OneDrive\Documentos\GitHub\xray-monolith\src\xrEngine\xrEngine.vcxproj]
  (compiling source file '/IGame_Level.cpp')
  
C:\Users\egorb\OneDrive\Documentos\GitHub\xray-monolith\src\xrcdb\ispatial.h(152,29): warning C4311: '<function-style-cast>': pointer truncation from 'ISpatial_NODE *' to 'ISpatial_NODE::ptrt' [C:\Users\egorb\OneDrive\Documentos\GitHub\xray-monolith\src\xrEngine\xrEngine.vcxproj]
  (compiling source file '/IGame_Level.cpp')
  
C:\Users\egorb\OneDrive\Documentos\GitHub\xray-monolith\src\xrcdb\ispatial.h(152,29): warning C4302: '<function-style-cast>': truncation from 'ISpatial_NODE *' to 'ISpatial_NODE::ptrt' [C:\Users\egorb\OneDrive\Documentos\GitHub\xray-monolith\src\xrEngine\xrEngine.vcxproj]
  (compiling source file '/IGame_Level.cpp')
  
C:\Users\egorb\OneDrive\Documentos\GitHub\xray-monolith\src\xrcdb\ispatial.h(153,9): warning C4311: '<function-style-cast>': pointer truncation from 'ISpatial_NODE *' to 'ISpatial_NODE::ptrt' [C:\Users\egorb\OneDrive\Documentos\GitHub\xray-monolith\src\xrEngine\xrEngine.vcxproj]
  (compiling source file '/IGame_Level.cpp')
  
C:\Users\egorb\OneDrive\Documentos\GitHub\xray-monolith\src\xrcdb\ispatial.h(153,9): warning C4302: '<function-style-cast>': truncation from 'ISpatial_NODE *' to 'ISpatial_NODE::ptrt' [C:\Users\egorb\OneDrive\Documentos\GitHub\xray-monolith\src\xrEngine\xrEngine.vcxproj]
  (compiling source file '/IGame_Level.cpp')
  
C:\Users\egorb\OneDrive\Documentos\GitHub\xray-monolith\src\xrcdb\ispatial.h(153,29): warning C4311: '<function-style-cast>': pointer truncation from 'ISpatial_NODE *' to 'ISpatial_NODE::ptrt' [C:\Users\egorb\OneDrive\Documentos\GitHub\xray-monolith\src\xrEngine\xrEngine.vcxproj]
  (compiling source file '/IGame_Level.cpp')
  
C:\Users\egorb\OneDrive\Documentos\GitHub\xray-monolith\src\xrcdb\ispatial.h(153,29): warning C4302: '<function-style-cast>': truncation from 'ISpatial_NODE *' to 'ISpatial_NODE::ptrt' [C:\Users\egorb\OneDrive\Documentos\GitHub\xray-monolith\src\xrEngine\xrEngine.vcxproj]
  (compiling source file '/IGame_Level.cpp')
  
C:\Users\egorb\OneDrive\Documentos\GitHub\xray-monolith\src\xrcdb\ispatial.h(154,9): warning C4311: '<function-style-cast>': pointer truncation from 'ISpatial_NODE *' to 'ISpatial_NODE::ptrt' [C:\Users\egorb\OneDrive\Documentos\GitHub\xray-monolith\src\xrEngine\xrEngine.vcxproj]
  (compiling source file '/IGame_Level.cpp')
  
C:\Users\egorb\OneDrive\Documentos\GitHub\xray-monolith\src\xrcdb\ispatial.h(154,9): warning C4302: '<function-style-cast>': truncation from 'ISpatial_NODE *' to 'ISpatial_NODE::ptrt' [C:\Users\egorb\OneDrive\Documentos\GitHub\xray-monolith\src\xrEngine\xrEngine.vcxproj]
  (compiling source file '/IGame_Level.cpp')
  
C:\Users\egorb\OneDrive\Documentos\GitHub\xray-monolith\src\xrcdb\ispatial.h(154,29): warning C4311: '<function-style-cast>': pointer truncation from 'ISpatial_NODE *' to 'ISpatial_NODE::ptrt' [C:\Users\egorb\OneDrive\Documentos\GitHub\xray-monolith\src\xrEngine\xrEngine.vcxproj]
  (compiling source file '/IGame_Level.cpp')
  
C:\Users\egorb\OneDrive\Documentos\GitHub\xray-monolith\src\xrcdb\ispatial.h(154,29): warning C4302: '<function-style-cast>': truncation from 'ISpatial_NODE *' to 'ISpatial_NODE::ptrt' [C:\Users\egorb\OneDrive\Documentos\GitHub\xray-monolith\src\xrEngine\xrEngine.vcxproj]
  (compiling source file '/IGame_Level.cpp')
  
C:\Users\egorb\OneDrive\Documentos\GitHub\xray-monolith\src\xrEngine\IGame_Persistent.cpp(389,12): warning C4244: 'initializing': conversion from 'double' to 'float', possible loss of data [C:\Users\egorb\OneDrive\Documentos\GitHub\xray-monolith\src\xrEngine\xrEngine.vcxproj]
  (compiling source file '/IGame_Persistent.cpp')
  
C:\Users\egorb\OneDrive\Documentos\GitHub\xray-monolith\src\xrEngine\IGame_Persistent.cpp(434,20): warning C4244: 'argument': conversion from 'int' to 'u8', possible loss of data [C:\Users\egorb\OneDrive\Documentos\GitHub\xray-monolith\src\xrEngine\xrEngine.vcxproj]
  (compiling source file '/IGame_Persistent.cpp')
  
C:\Users\egorb\OneDrive\Documentos\GitHub\xray-monolith\src\xrEngine\IGame_Persistent.cpp(460,20): warning C4244: 'argument': conversion from 'int' to 'u8', possible loss of data [C:\Users\egorb\OneDrive\Documentos\GitHub\xray-monolith\src\xrEngine\xrEngine.vcxproj]
  (compiling source file '/IGame_Persistent.cpp')
  
C:\Users\egorb\OneDrive\Documentos\GitHub\xray-monolith\src\xrEngine\IGame_Persistent.cpp(476,19): warning C4244: 'argument': conversion from 'int' to 'u8', possible loss of data [C:\Users\egorb\OneDrive\Documentos\GitHub\xray-monolith\src\xrEngine\xrEngine.vcxproj]
  (compiling source file '/IGame_Persistent.cpp')
  
C:\Users\egorb\OneDrive\Documentos\GitHub\xray-monolith\src\xrEngine\IGame_Persistent.cpp(516,24): warning C4244: 'argument': conversion from 'int' to 'u8', possible loss of data [C:\Users\egorb\OneDrive\Documentos\GitHub\xray-monolith\src\xrEngine\xrEngine.vcxproj]
  (compiling source file '/IGame_Persistent.cpp')
  
C:\Users\egorb\OneDrive\Documentos\GitHub\xray-monolith\src\xrEngine\IGame_Persistent.cpp(526,19): warning C4995: 'sin': name was marked as #pragma deprecated [C:\Users\egorb\OneDrive\Documentos\GitHub\xray-monolith\src\xrEngine\xrEngine.vcxproj]
  (compiling source file '/IGame_Persistent.cpp')
  
C:\Users\egorb\OneDrive\Documentos\GitHub\xray-monolith\src\xrEngine\IGame_Persistent.cpp(529,42): warning C4995: 'cos': name was marked as #pragma deprecated [C:\Users\egorb\OneDrive\Documentos\GitHub\xray-monolith\src\xrEngine\xrEngine.vcxproj]
  (compiling source file '/IGame_Persistent.cpp')
  
C:\Users\egorb\OneDrive\Documentos\GitHub\xray-monolith\src\xrEngine\IGame_Persistent.cpp(540,17): warning C4244: 'initializing': conversion from 'double' to 'float', possible loss of data [C:\Users\egorb\OneDrive\Documentos\GitHub\xray-monolith\src\xrEngine\xrEngine.vcxproj]
  (compiling source file '/IGame_Persistent.cpp')
  
C:\Users\egorb\OneDrive\Documentos\GitHub\xray-monolith\src\xrEngine\IGame_Persistent.cpp(608,22): warning C4244: 'argument': conversion from 'int' to 'u8', possible loss of data [C:\Users\egorb\OneDrive\Documentos\GitHub\xray-monolith\src\xrEngine\xrEngine.vcxproj]
  (compiling source file '/IGame_Persistent.cpp')
  
C:\Users\egorb\OneDrive\Documentos\GitHub\xray-monolith\src\xrEngine\IGame_Persistent.cpp(621,32): warning C4244: '=': conversion from 'IGame_Persistent::GrassBenders_Anim' to 's8', possible loss of data [C:\Users\egorb\OneDrive\Documentos\GitHub\xray-monolith\src\xrEngine\xrEngine.vcxproj]
  (compiling source file '/IGame_Persistent.cpp')
  
  ObjectAnimator.cpp
  ObjectDump.cpp
  perlin.cpp
  phdebug.cpp
  PS_instance.cpp
  pure.cpp
C:\Users\egorb\OneDrive\Documentos\GitHub\xray-monolith\src\xrEngine\imgui_base.cpp(271,20): warning C4239: nonstandard extension used: 'initializing': conversion from 'std::_Tree_iterator<std::_Tree_val<std::_Tree_simple_types<std::pair<const K,V>>>>' to 'std::_Tree_iterator<std::_Tree_val<std::_Tree_simple_types<std::pair<const K,V>>>> &' [C:\Users\egorb\OneDrive\Documentos\GitHub\xray-monolith\src\xrEngine\xrEngine.vcxproj]
C:\Users\egorb\OneDrive\Documentos\GitHub\xray-monolith\src\xrEngine\imgui_base.cpp(271,20): warning C4239:         with [C:\Users\egorb\OneDrive\Documentos\GitHub\xray-monolith\src\xrEngine\xrEngine.vcxproj]
C:\Users\egorb\OneDrive\Documentos\GitHub\xray-monolith\src\xrEngine\imgui_base.cpp(271,20): warning C4239:         [ [C:\Users\egorb\OneDrive\Documentos\GitHub\xray-monolith\src\xrEngine\xrEngine.vcxproj]
C:\Users\egorb\OneDrive\Documentos\GitHub\xray-monolith\src\xrEngine\imgui_base.cpp(271,20): warning C4239:             K=shared_str, [C:\Users\egorb\OneDrive\Documentos\GitHub\xray-monolith\src\xrEngine\xrEngine.vcxproj]
C:\Users\egorb\OneDrive\Documentos\GitHub\xray-monolith\src\xrEngine\imgui_base.cpp(271,20): warning C4239:             V=ImFont * [C:\Users\egorb\OneDrive\Documentos\GitHub\xray-monolith\src\xrEngine\xrEngine.vcxproj]
C:\Users\egorb\OneDrive\Documentos\GitHub\xray-monolith\src\xrEngine\imgui_base.cpp(271,20): warning C4239:         ] [C:\Users\egorb\OneDrive\Documentos\GitHub\xray-monolith\src\xrEngine\xrEngine.vcxproj]
  (compiling source file '/imgui_base.cpp')
      C:\Users\egorb\OneDrive\Documentos\GitHub\xray-monolith\src\xrEngine\imgui_base.cpp(271,20):
      A non-const reference may only be bound to an lvalue
  
C:\Users\egorb\OneDrive\Documentos\GitHub\xray-monolith\src\xrEngine\imgui_base.cpp(297,51): warning C4238: nonstandard extension used: class rvalue used as lvalue [C:\Users\egorb\OneDrive\Documentos\GitHub\xray-monolith\src\xrEngine\xrEngine.vcxproj]
  (compiling source file '/imgui_base.cpp')
  
C:\Users\egorb\OneDrive\Documentos\GitHub\xray-monolith\src\xrEngine\imgui_base.cpp(298,45): warning C4238: nonstandard extension used: class rvalue used as lvalue [C:\Users\egorb\OneDrive\Documentos\GitHub\xray-monolith\src\xrEngine\xrEngine.vcxproj]
  (compiling source file '/imgui_base.cpp')
  
C:\Users\egorb\OneDrive\Documentos\GitHub\xray-monolith\src\xrEngine\imgui_base_input.cpp(105,23): warning C4244: '=': conversion from 'int' to 'T', possible loss of data [C:\Users\egorb\OneDrive\Documentos\GitHub\xray-monolith\src\xrEngine\xrEngine.vcxproj]
C:\Users\egorb\OneDrive\Documentos\GitHub\xray-monolith\src\xrEngine\imgui_base_input.cpp(105,23): warning C4244:         with [C:\Users\egorb\OneDrive\Documentos\GitHub\xray-monolith\src\xrEngine\xrEngine.vcxproj]
C:\Users\egorb\OneDrive\Documentos\GitHub\xray-monolith\src\xrEngine\imgui_base_input.cpp(105,23): warning C4244:         [ [C:\Users\egorb\OneDrive\Documentos\GitHub\xray-monolith\src\xrEngine\xrEngine.vcxproj]
C:\Users\egorb\OneDrive\Documentos\GitHub\xray-monolith\src\xrEngine\imgui_base_input.cpp(105,23): warning C4244:             T=float [C:\Users\egorb\OneDrive\Documentos\GitHub\xray-monolith\src\xrEngine\xrEngine.vcxproj]
C:\Users\egorb\OneDrive\Documentos\GitHub\xray-monolith\src\xrEngine\imgui_base_input.cpp(105,23): warning C4244:         ] [C:\Users\egorb\OneDrive\Documentos\GitHub\xray-monolith\src\xrEngine\xrEngine.vcxproj]
  (compiling source file '/imgui_base_input.cpp')
  
C:\Users\egorb\OneDrive\Documentos\GitHub\xray-monolith\src\xrEngine\imgui_base_input.cpp(106,23): warning C4244: '=': conversion from 'int' to 'T', possible loss of data [C:\Users\egorb\OneDrive\Documentos\GitHub\xray-monolith\src\xrEngine\xrEngine.vcxproj]
C:\Users\egorb\OneDrive\Documentos\GitHub\xray-monolith\src\xrEngine\imgui_base_input.cpp(106,23): warning C4244:         with [C:\Users\egorb\OneDrive\Documentos\GitHub\xray-monolith\src\xrEngine\xrEngine.vcxproj]
C:\Users\egorb\OneDrive\Documentos\GitHub\xray-monolith\src\xrEngine\imgui_base_input.cpp(106,23): warning C4244:         [ [C:\Users\egorb\OneDrive\Documentos\GitHub\xray-monolith\src\xrEngine\xrEngine.vcxproj]
C:\Users\egorb\OneDrive\Documentos\GitHub\xray-monolith\src\xrEngine\imgui_base_input.cpp(106,23): warning C4244:             T=float [C:\Users\egorb\OneDrive\Documentos\GitHub\xray-monolith\src\xrEngine\xrEngine.vcxproj]
C:\Users\egorb\OneDrive\Documentos\GitHub\xray-monolith\src\xrEngine\imgui_base_input.cpp(106,23): warning C4244:         ] [C:\Users\egorb\OneDrive\Documentos\GitHub\xray-monolith\src\xrEngine\xrEngine.vcxproj]
  (compiling source file '/imgui_base_input.cpp')
  
  pure_relcase.cpp
C:\Users\egorb\OneDrive\Documentos\GitHub\xray-monolith\src\xrcdb\ispatial.h(151,9): warning C4311: '<function-style-cast>': pointer truncation from 'ISpatial_NODE *' to 'ISpatial_NODE::ptrt' [C:\Users\egorb\OneDrive\Documentos\GitHub\xray-monolith\src\xrEngine\xrEngine.vcxproj]
  (compiling source file '/ObjectDump.cpp')
  
C:\Users\egorb\OneDrive\Documentos\GitHub\xray-monolith\src\xrcdb\ispatial.h(151,9): warning C4302: '<function-style-cast>': truncation from 'ISpatial_NODE *' to 'ISpatial_NODE::ptrt' [C:\Users\egorb\OneDrive\Documentos\GitHub\xray-monolith\src\xrEngine\xrEngine.vcxproj]
  (compiling source file '/ObjectDump.cpp')
  
C:\Users\egorb\OneDrive\Documentos\GitHub\xray-monolith\src\xrcdb\ispatial.h(151,29): warning C4311: '<function-style-cast>': pointer truncation from 'ISpatial_NODE *' to 'ISpatial_NODE::ptrt' [C:\Users\egorb\OneDrive\Documentos\GitHub\xray-monolith\src\xrEngine\xrEngine.vcxproj]
  (compiling source file '/ObjectDump.cpp')
  
C:\Users\egorb\OneDrive\Documentos\GitHub\xray-monolith\src\xrcdb\ispatial.h(151,29): warning C4302: '<function-style-cast>': truncation from 'ISpatial_NODE *' to 'ISpatial_NODE::ptrt' [C:\Users\egorb\OneDrive\Documentos\GitHub\xray-monolith\src\xrEngine\xrEngine.vcxproj]
  (compiling source file '/ObjectDump.cpp')
  
C:\Users\egorb\OneDrive\Documentos\GitHub\xray-monolith\src\xrcdb\ispatial.h(152,9): warning C4311: '<function-style-cast>': pointer truncation from 'ISpatial_NODE *' to 'ISpatial_NODE::ptrt' [C:\Users\egorb\OneDrive\Documentos\GitHub\xray-monolith\src\xrEngine\xrEngine.vcxproj]
  (compiling source file '/ObjectDump.cpp')
  
C:\Users\egorb\OneDrive\Documentos\GitHub\xray-monolith\src\xrcdb\ispatial.h(152,9): warning C4302: '<function-style-cast>': truncation from 'ISpatial_NODE *' to 'ISpatial_NODE::ptrt' [C:\Users\egorb\OneDrive\Documentos\GitHub\xray-monolith\src\xrEngine\xrEngine.vcxproj]
  (compiling source file '/ObjectDump.cpp')
  
C:\Users\egorb\OneDrive\Documentos\GitHub\xray-monolith\src\xrcdb\ispatial.h(152,29): warning C4311: '<function-style-cast>': pointer truncation from 'ISpatial_NODE *' to 'ISpatial_NODE::ptrt' [C:\Users\egorb\OneDrive\Documentos\GitHub\xray-monolith\src\xrEngine\xrEngine.vcxproj]
  (compiling source file '/ObjectDump.cpp')
  
C:\Users\egorb\OneDrive\Documentos\GitHub\xray-monolith\src\xrcdb\ispatial.h(152,29): warning C4302: '<function-style-cast>': truncation from 'ISpatial_NODE *' to 'ISpatial_NODE::ptrt' [C:\Users\egorb\OneDrive\Documentos\GitHub\xray-monolith\src\xrEngine\xrEngine.vcxproj]
  (compiling source file '/ObjectDump.cpp')
  
C:\Users\egorb\OneDrive\Documentos\GitHub\xray-monolith\src\xrcdb\ispatial.h(153,9): warning C4311: '<function-style-cast>': pointer truncation from 'ISpatial_NODE *' to 'ISpatial_NODE::ptrt' [C:\Users\egorb\OneDrive\Documentos\GitHub\xray-monolith\src\xrEngine\xrEngine.vcxproj]
  (compiling source file '/ObjectDump.cpp')
  
C:\Users\egorb\OneDrive\Documentos\GitHub\xray-monolith\src\xrcdb\ispatial.h(153,9): warning C4302: '<function-style-cast>': truncation from 'ISpatial_NODE *' to 'ISpatial_NODE::ptrt' [C:\Users\egorb\OneDrive\Documentos\GitHub\xray-monolith\src\xrEngine\xrEngine.vcxproj]
  (compiling source file '/ObjectDump.cpp')
  
C:\Users\egorb\OneDrive\Documentos\GitHub\xray-monolith\src\xrcdb\ispatial.h(153,29): warning C4311: '<function-style-cast>': pointer truncation from 'ISpatial_NODE *' to 'ISpatial_NODE::ptrt' [C:\Users\egorb\OneDrive\Documentos\GitHub\xray-monolith\src\xrEngine\xrEngine.vcxproj]
  (compiling source file '/ObjectDump.cpp')
  
C:\Users\egorb\OneDrive\Documentos\GitHub\xray-monolith\src\xrcdb\ispatial.h(153,29): warning C4302: '<function-style-cast>': truncation from 'ISpatial_NODE *' to 'ISpatial_NODE::ptrt' [C:\Users\egorb\OneDrive\Documentos\GitHub\xray-monolith\src\xrEngine\xrEngine.vcxproj]
  (compiling source file '/ObjectDump.cpp')
  
C:\Users\egorb\OneDrive\Documentos\GitHub\xray-monolith\src\xrcdb\ispatial.h(154,9): warning C4311: '<function-style-cast>': pointer truncation from 'ISpatial_NODE *' to 'ISpatial_NODE::ptrt' [C:\Users\egorb\OneDrive\Documentos\GitHub\xray-monolith\src\xrEngine\xrEngine.vcxproj]
  (compiling source file '/ObjectDump.cpp')
  
C:\Users\egorb\OneDrive\Documentos\GitHub\xray-monolith\src\xrcdb\ispatial.h(154,9): warning C4302: '<function-style-cast>': truncation from 'ISpatial_NODE *' to 'ISpatial_NODE::ptrt' [C:\Users\egorb\OneDrive\Documentos\GitHub\xray-monolith\src\xrEngine\xrEngine.vcxproj]
  (compiling source file '/ObjectDump.cpp')
  
C:\Users\egorb\OneDrive\Documentos\GitHub\xray-monolith\src\xrcdb\ispatial.h(154,29): warning C4311: '<function-style-cast>': pointer truncation from 'ISpatial_NODE *' to 'ISpatial_NODE::ptrt' [C:\Users\egorb\OneDrive\Documentos\GitHub\xray-monolith\src\xrEngine\xrEngine.vcxproj]
  (compiling source file '/ObjectDump.cpp')
  
C:\Users\egorb\OneDrive\Documentos\GitHub\xray-monolith\src\xrcdb\ispatial.h(154,29): warning C4302: '<function-style-cast>': truncation from 'ISpatial_NODE *' to 'ISpatial_NODE::ptrt' [C:\Users\egorb\OneDrive\Documentos\GitHub\xray-monolith\src\xrEngine\xrEngine.vcxproj]
  (compiling source file '/ObjectDump.cpp')
  
C:\Users\egorb\OneDrive\Documentos\GitHub\xray-monolith\src\xrcdb\ispatial.h(151,9): warning C4311: '<function-style-cast>': pointer truncation from 'ISpatial_NODE *' to 'ISpatial_NODE::ptrt' [C:\Users\egorb\OneDrive\Documentos\GitHub\xray-monolith\src\xrEngine\xrEngine.vcxproj]
  (compiling source file '/PS_instance.cpp')
  
C:\Users\egorb\OneDrive\Documentos\GitHub\xray-monolith\src\xrcdb\ispatial.h(151,9): warning C4302: '<function-style-cast>': truncation from 'ISpatial_NODE *' to 'ISpatial_NODE::ptrt' [C:\Users\egorb\OneDrive\Documentos\GitHub\xray-monolith\src\xrEngine\xrEngine.vcxproj]
  (compiling source file '/PS_instance.cpp')
  
C:\Users\egorb\OneDrive\Documentos\GitHub\xray-monolith\src\xrcdb\ispatial.h(151,29): warning C4311: '<function-style-cast>': pointer truncation from 'ISpatial_NODE *' to 'ISpatial_NODE::ptrt' [C:\Users\egorb\OneDrive\Documentos\GitHub\xray-monolith\src\xrEngine\xrEngine.vcxproj]
  (compiling source file '/PS_instance.cpp')
  
C:\Users\egorb\OneDrive\Documentos\GitHub\xray-monolith\src\xrcdb\ispatial.h(151,29): warning C4302: '<function-style-cast>': truncation from 'ISpatial_NODE *' to 'ISpatial_NODE::ptrt' [C:\Users\egorb\OneDrive\Documentos\GitHub\xray-monolith\src\xrEngine\xrEngine.vcxproj]
  (compiling source file '/PS_instance.cpp')
  
C:\Users\egorb\OneDrive\Documentos\GitHub\xray-monolith\src\xrcdb\ispatial.h(152,9): warning C4311: '<function-style-cast>': pointer truncation from 'ISpatial_NODE *' to 'ISpatial_NODE::ptrt' [C:\Users\egorb\OneDrive\Documentos\GitHub\xray-monolith\src\xrEngine\xrEngine.vcxproj]
  (compiling source file '/PS_instance.cpp')
  
C:\Users\egorb\OneDrive\Documentos\GitHub\xray-monolith\src\xrcdb\ispatial.h(152,9): warning C4302: '<function-style-cast>': truncation from 'ISpatial_NODE *' to 'ISpatial_NODE::ptrt' [C:\Users\egorb\OneDrive\Documentos\GitHub\xray-monolith\src\xrEngine\xrEngine.vcxproj]
  (compiling source file '/PS_instance.cpp')
  
C:\Users\egorb\OneDrive\Documentos\GitHub\xray-monolith\src\xrcdb\ispatial.h(152,29): warning C4311: '<function-style-cast>': pointer truncation from 'ISpatial_NODE *' to 'ISpatial_NODE::ptrt' [C:\Users\egorb\OneDrive\Documentos\GitHub\xray-monolith\src\xrEngine\xrEngine.vcxproj]
  (compiling source file '/PS_instance.cpp')
  
C:\Users\egorb\OneDrive\Documentos\GitHub\xray-monolith\src\xrcdb\ispatial.h(152,29): warning C4302: '<function-style-cast>': truncation from 'ISpatial_NODE *' to 'ISpatial_NODE::ptrt' [C:\Users\egorb\OneDrive\Documentos\GitHub\xray-monolith\src\xrEngine\xrEngine.vcxproj]
  (compiling source file '/PS_instance.cpp')
  
C:\Users\egorb\OneDrive\Documentos\GitHub\xray-monolith\src\xrcdb\ispatial.h(153,9): warning C4311: '<function-style-cast>': pointer truncation from 'ISpatial_NODE *' to 'ISpatial_NODE::ptrt' [C:\Users\egorb\OneDrive\Documentos\GitHub\xray-monolith\src\xrEngine\xrEngine.vcxproj]
  (compiling source file '/PS_instance.cpp')
  
C:\Users\egorb\OneDrive\Documentos\GitHub\xray-monolith\src\xrcdb\ispatial.h(153,9): warning C4302: '<function-style-cast>': truncation from 'ISpatial_NODE *' to 'ISpatial_NODE::ptrt' [C:\Users\egorb\OneDrive\Documentos\GitHub\xray-monolith\src\xrEngine\xrEngine.vcxproj]
  (compiling source file '/PS_instance.cpp')
  
C:\Users\egorb\OneDrive\Documentos\GitHub\xray-monolith\src\xrcdb\ispatial.h(153,29): warning C4311: '<function-style-cast>': pointer truncation from 'ISpatial_NODE *' to 'ISpatial_NODE::ptrt' [C:\Users\egorb\OneDrive\Documentos\GitHub\xray-monolith\src\xrEngine\xrEngine.vcxproj]
  (compiling source file '/PS_instance.cpp')
  
C:\Users\egorb\OneDrive\Documentos\GitHub\xray-monolith\src\xrcdb\ispatial.h(153,29): warning C4302: '<function-style-cast>': truncation from 'ISpatial_NODE *' to 'ISpatial_NODE::ptrt' [C:\Users\egorb\OneDrive\Documentos\GitHub\xray-monolith\src\xrEngine\xrEngine.vcxproj]
  (compiling source file '/PS_instance.cpp')
  
C:\Users\egorb\OneDrive\Documentos\GitHub\xray-monolith\src\xrcdb\ispatial.h(154,9): warning C4311: '<function-style-cast>': pointer truncation from 'ISpatial_NODE *' to 'ISpatial_NODE::ptrt' [C:\Users\egorb\OneDrive\Documentos\GitHub\xray-monolith\src\xrEngine\xrEngine.vcxproj]
  (compiling source file '/PS_instance.cpp')
  
C:\Users\egorb\OneDrive\Documentos\GitHub\xray-monolith\src\xrcdb\ispatial.h(154,9): warning C4302: '<function-style-cast>': truncation from 'ISpatial_NODE *' to 'ISpatial_NODE::ptrt' [C:\Users\egorb\OneDrive\Documentos\GitHub\xray-monolith\src\xrEngine\xrEngine.vcxproj]
  (compiling source file '/PS_instance.cpp')
  
C:\Users\egorb\OneDrive\Documentos\GitHub\xray-monolith\src\xrcdb\ispatial.h(154,29): warning C4311: '<function-style-cast>': pointer truncation from 'ISpatial_NODE *' to 'ISpatial_NODE::ptrt' [C:\Users\egorb\OneDrive\Documentos\GitHub\xray-monolith\src\xrEngine\xrEngine.vcxproj]
  (compiling source file '/PS_instance.cpp')
  
C:\Users\egorb\OneDrive\Documentos\GitHub\xray-monolith\src\xrcdb\ispatial.h(154,29): warning C4302: '<function-style-cast>': truncation from 'ISpatial_NODE *' to 'ISpatial_NODE::ptrt' [C:\Users\egorb\OneDrive\Documentos\GitHub\xray-monolith\src\xrEngine\xrEngine.vcxproj]
  (compiling source file '/PS_instance.cpp')
  
  Rain.cpp
  Render.cpp
  SkeletonMotions.cpp
  StatGraph.cpp
  Stats.cpp
  Text_Console.cpp
  Text_Console_WndProc.cpp
  thunderbolt.cpp
C:\Users\egorb\OneDrive\Documentos\GitHub\xray-monolith\src\xrcdb\ISpatial.h(151,9): warning C4311: '<function-style-cast>': pointer truncation from 'ISpatial_NODE *' to 'ISpatial_NODE::ptrt' [C:\Users\egorb\OneDrive\Documentos\GitHub\xray-monolith\src\xrEngine\xrEngine.vcxproj]
  (compiling source file '/Stats.cpp')
  
C:\Users\egorb\OneDrive\Documentos\GitHub\xray-monolith\src\xrcdb\ISpatial.h(151,9): warning C4302: '<function-style-cast>': truncation from 'ISpatial_NODE *' to 'ISpatial_NODE::ptrt' [C:\Users\egorb\OneDrive\Documentos\GitHub\xray-monolith\src\xrEngine\xrEngine.vcxproj]
  (compiling source file '/Stats.cpp')
  
C:\Users\egorb\OneDrive\Documentos\GitHub\xray-monolith\src\xrcdb\ISpatial.h(151,29): warning C4311: '<function-style-cast>': pointer truncation from 'ISpatial_NODE *' to 'ISpatial_NODE::ptrt' [C:\Users\egorb\OneDrive\Documentos\GitHub\xray-monolith\src\xrEngine\xrEngine.vcxproj]
  (compiling source file '/Stats.cpp')
  
C:\Users\egorb\OneDrive\Documentos\GitHub\xray-monolith\src\xrcdb\ISpatial.h(151,29): warning C4302: '<function-style-cast>': truncation from 'ISpatial_NODE *' to 'ISpatial_NODE::ptrt' [C:\Users\egorb\OneDrive\Documentos\GitHub\xray-monolith\src\xrEngine\xrEngine.vcxproj]
  (compiling source file '/Stats.cpp')
  
C:\Users\egorb\OneDrive\Documentos\GitHub\xray-monolith\src\xrcdb\ISpatial.h(152,9): warning C4311: '<function-style-cast>': pointer truncation from 'ISpatial_NODE *' to 'ISpatial_NODE::ptrt' [C:\Users\egorb\OneDrive\Documentos\GitHub\xray-monolith\src\xrEngine\xrEngine.vcxproj]
  (compiling source file '/Stats.cpp')
  
C:\Users\egorb\OneDrive\Documentos\GitHub\xray-monolith\src\xrcdb\ISpatial.h(152,9): warning C4302: '<function-style-cast>': truncation from 'ISpatial_NODE *' to 'ISpatial_NODE::ptrt' [C:\Users\egorb\OneDrive\Documentos\GitHub\xray-monolith\src\xrEngine\xrEngine.vcxproj]
  (compiling source file '/Stats.cpp')
  
C:\Users\egorb\OneDrive\Documentos\GitHub\xray-monolith\src\xrcdb\ISpatial.h(152,29): warning C4311: '<function-style-cast>': pointer truncation from 'ISpatial_NODE *' to 'ISpatial_NODE::ptrt' [C:\Users\egorb\OneDrive\Documentos\GitHub\xray-monolith\src\xrEngine\xrEngine.vcxproj]
  (compiling source file '/Stats.cpp')
  
C:\Users\egorb\OneDrive\Documentos\GitHub\xray-monolith\src\xrcdb\ISpatial.h(152,29): warning C4302: '<function-style-cast>': truncation from 'ISpatial_NODE *' to 'ISpatial_NODE::ptrt' [C:\Users\egorb\OneDrive\Documentos\GitHub\xray-monolith\src\xrEngine\xrEngine.vcxproj]
  (compiling source file '/Stats.cpp')
  
C:\Users\egorb\OneDrive\Documentos\GitHub\xray-monolith\src\xrcdb\ISpatial.h(153,9): warning C4311: '<function-style-cast>': pointer truncation from 'ISpatial_NODE *' to 'ISpatial_NODE::ptrt' [C:\Users\egorb\OneDrive\Documentos\GitHub\xray-monolith\src\xrEngine\xrEngine.vcxproj]
  (compiling source file '/Stats.cpp')
  
C:\Users\egorb\OneDrive\Documentos\GitHub\xray-monolith\src\xrcdb\ISpatial.h(153,9): warning C4302: '<function-style-cast>': truncation from 'ISpatial_NODE *' to 'ISpatial_NODE::ptrt' [C:\Users\egorb\OneDrive\Documentos\GitHub\xray-monolith\src\xrEngine\xrEngine.vcxproj]
  (compiling source file '/Stats.cpp')
  
C:\Users\egorb\OneDrive\Documentos\GitHub\xray-monolith\src\xrcdb\ISpatial.h(153,29): warning C4311: '<function-style-cast>': pointer truncation from 'ISpatial_NODE *' to 'ISpatial_NODE::ptrt' [C:\Users\egorb\OneDrive\Documentos\GitHub\xray-monolith\src\xrEngine\xrEngine.vcxproj]
  (compiling source file '/Stats.cpp')
  
C:\Users\egorb\OneDrive\Documentos\GitHub\xray-monolith\src\xrcdb\ISpatial.h(153,29): warning C4302: '<function-style-cast>': truncation from 'ISpatial_NODE *' to 'ISpatial_NODE::ptrt' [C:\Users\egorb\OneDrive\Documentos\GitHub\xray-monolith\src\xrEngine\xrEngine.vcxproj]
  (compiling source file '/Stats.cpp')
  
C:\Users\egorb\OneDrive\Documentos\GitHub\xray-monolith\src\xrcdb\ISpatial.h(154,9): warning C4311: '<function-style-cast>': pointer truncation from 'ISpatial_NODE *' to 'ISpatial_NODE::ptrt' [C:\Users\egorb\OneDrive\Documentos\GitHub\xray-monolith\src\xrEngine\xrEngine.vcxproj]
  (compiling source file '/Stats.cpp')
  
C:\Users\egorb\OneDrive\Documentos\GitHub\xray-monolith\src\xrcdb\ISpatial.h(154,9): warning C4302: '<function-style-cast>': truncation from 'ISpatial_NODE *' to 'ISpatial_NODE::ptrt' [C:\Users\egorb\OneDrive\Documentos\GitHub\xray-monolith\src\xrEngine\xrEngine.vcxproj]
  (compiling source file '/Stats.cpp')
  
C:\Users\egorb\OneDrive\Documentos\GitHub\xray-monolith\src\xrcdb\ISpatial.h(154,29): warning C4311: '<function-style-cast>': pointer truncation from 'ISpatial_NODE *' to 'ISpatial_NODE::ptrt' [C:\Users\egorb\OneDrive\Documentos\GitHub\xray-monolith\src\xrEngine\xrEngine.vcxproj]
  (compiling source file '/Stats.cpp')
  
C:\Users\egorb\OneDrive\Documentos\GitHub\xray-monolith\src\xrcdb\ISpatial.h(154,29): warning C4302: '<function-style-cast>': truncation from 'ISpatial_NODE *' to 'ISpatial_NODE::ptrt' [C:\Users\egorb\OneDrive\Documentos\GitHub\xray-monolith\src\xrEngine\xrEngine.vcxproj]
  (compiling source file '/Stats.cpp')
  
  tntQAVI.cpp
  xrHemisphere.cpp
  xrImage_Resampler.cpp
  xrSASH.cpp
C:\Users\egorb\OneDrive\Documentos\GitHub\xray-monolith\src\xrEngine\SkeletonMotions.h(203,34): warning C4244: 'return': conversion from 'u32' to 'u8', possible loss of data [C:\Users\egorb\OneDrive\Documentos\GitHub\xray-monolith\src\xrEngine\xrEngine.vcxproj]
  (compiling source file '/SkeletonMotions.cpp')
  
  xrSheduler.cpp
  xrTheora_Stream.cpp
  xrTheora_Surface.cpp
C:\Users\egorb\OneDrive\Documentos\GitHub\xray-monolith\src\xrcdb\ispatial.h(151,9): warning C4311: '<function-style-cast>': pointer truncation from 'ISpatial_NODE *' to 'ISpatial_NODE::ptrt' [C:\Users\egorb\OneDrive\Documentos\GitHub\xray-monolith\src\xrEngine\xrEngine.vcxproj]
  (compiling source file '/Rain.cpp')
  
C:\Users\egorb\OneDrive\Documentos\GitHub\xray-monolith\src\xrcdb\ispatial.h(151,9): warning C4302: '<function-style-cast>': truncation from 'ISpatial_NODE *' to 'ISpatial_NODE::ptrt' [C:\Users\egorb\OneDrive\Documentos\GitHub\xray-monolith\src\xrEngine\xrEngine.vcxproj]
  (compiling source file '/Rain.cpp')
  
C:\Users\egorb\OneDrive\Documentos\GitHub\xray-monolith\src\xrcdb\ispatial.h(151,29): warning C4311: '<function-style-cast>': pointer truncation from 'ISpatial_NODE *' to 'ISpatial_NODE::ptrt' [C:\Users\egorb\OneDrive\Documentos\GitHub\xray-monolith\src\xrEngine\xrEngine.vcxproj]
  (compiling source file '/Rain.cpp')
  
C:\Users\egorb\OneDrive\Documentos\GitHub\xray-monolith\src\xrcdb\ispatial.h(151,29): warning C4302: '<function-style-cast>': truncation from 'ISpatial_NODE *' to 'ISpatial_NODE::ptrt' [C:\Users\egorb\OneDrive\Documentos\GitHub\xray-monolith\src\xrEngine\xrEngine.vcxproj]
  (compiling source file '/Rain.cpp')
  
C:\Users\egorb\OneDrive\Documentos\GitHub\xray-monolith\src\xrcdb\ispatial.h(152,9): warning C4311: '<function-style-cast>': pointer truncation from 'ISpatial_NODE *' to 'ISpatial_NODE::ptrt' [C:\Users\egorb\OneDrive\Documentos\GitHub\xray-monolith\src\xrEngine\xrEngine.vcxproj]
  (compiling source file '/Rain.cpp')
  
C:\Users\egorb\OneDrive\Documentos\GitHub\xray-monolith\src\xrcdb\ispatial.h(152,9): warning C4302: '<function-style-cast>': truncation from 'ISpatial_NODE *' to 'ISpatial_NODE::ptrt' [C:\Users\egorb\OneDrive\Documentos\GitHub\xray-monolith\src\xrEngine\xrEngine.vcxproj]
  (compiling source file '/Rain.cpp')
  
C:\Users\egorb\OneDrive\Documentos\GitHub\xray-monolith\src\xrcdb\ispatial.h(152,29): warning C4311: '<function-style-cast>': pointer truncation from 'ISpatial_NODE *' to 'ISpatial_NODE::ptrt' [C:\Users\egorb\OneDrive\Documentos\GitHub\xray-monolith\src\xrEngine\xrEngine.vcxproj]
  (compiling source file '/Rain.cpp')
  
C:\Users\egorb\OneDrive\Documentos\GitHub\xray-monolith\src\xrcdb\ispatial.h(152,29): warning C4302: '<function-style-cast>': truncation from 'ISpatial_NODE *' to 'ISpatial_NODE::ptrt' [C:\Users\egorb\OneDrive\Documentos\GitHub\xray-monolith\src\xrEngine\xrEngine.vcxproj]
  (compiling source file '/Rain.cpp')
  
C:\Users\egorb\OneDrive\Documentos\GitHub\xray-monolith\src\xrcdb\ispatial.h(153,9): warning C4311: '<function-style-cast>': pointer truncation from 'ISpatial_NODE *' to 'ISpatial_NODE::ptrt' [C:\Users\egorb\OneDrive\Documentos\GitHub\xray-monolith\src\xrEngine\xrEngine.vcxproj]
  (compiling source file '/Rain.cpp')
  
C:\Users\egorb\OneDrive\Documentos\GitHub\xray-monolith\src\xrcdb\ispatial.h(153,9): warning C4302: '<function-style-cast>': truncation from 'ISpatial_NODE *' to 'ISpatial_NODE::ptrt' [C:\Users\egorb\OneDrive\Documentos\GitHub\xray-monolith\src\xrEngine\xrEngine.vcxproj]
  (compiling source file '/Rain.cpp')
  
C:\Users\egorb\OneDrive\Documentos\GitHub\xray-monolith\src\xrcdb\ispatial.h(153,29): warning C4311: '<function-style-cast>': pointer truncation from 'ISpatial_NODE *' to 'ISpatial_NODE::ptrt' [C:\Users\egorb\OneDrive\Documentos\GitHub\xray-monolith\src\xrEngine\xrEngine.vcxproj]
  (compiling source file '/Rain.cpp')
  
C:\Users\egorb\OneDrive\Documentos\GitHub\xray-monolith\src\xrcdb\ispatial.h(153,29): warning C4302: '<function-style-cast>': truncation from 'ISpatial_NODE *' to 'ISpatial_NODE::ptrt' [C:\Users\egorb\OneDrive\Documentos\GitHub\xray-monolith\src\xrEngine\xrEngine.vcxproj]
  (compiling source file '/Rain.cpp')
  
C:\Users\egorb\OneDrive\Documentos\GitHub\xray-monolith\src\xrcdb\ispatial.h(154,9): warning C4311: '<function-style-cast>': pointer truncation from 'ISpatial_NODE *' to 'ISpatial_NODE::ptrt' [C:\Users\egorb\OneDrive\Documentos\GitHub\xray-monolith\src\xrEngine\xrEngine.vcxproj]
  (compiling source file '/Rain.cpp')
  
C:\Users\egorb\OneDrive\Documentos\GitHub\xray-monolith\src\xrcdb\ispatial.h(154,9): warning C4302: '<function-style-cast>': truncation from 'ISpatial_NODE *' to 'ISpatial_NODE::ptrt' [C:\Users\egorb\OneDrive\Documentos\GitHub\xray-monolith\src\xrEngine\xrEngine.vcxproj]
  (compiling source file '/Rain.cpp')
  
C:\Users\egorb\OneDrive\Documentos\GitHub\xray-monolith\src\xrcdb\ispatial.h(154,29): warning C4311: '<function-style-cast>': pointer truncation from 'ISpatial_NODE *' to 'ISpatial_NODE::ptrt' [C:\Users\egorb\OneDrive\Documentos\GitHub\xray-monolith\src\xrEngine\xrEngine.vcxproj]
  (compiling source file '/Rain.cpp')
  
C:\Users\egorb\OneDrive\Documentos\GitHub\xray-monolith\src\xrcdb\ispatial.h(154,29): warning C4302: '<function-style-cast>': truncation from 'ISpatial_NODE *' to 'ISpatial_NODE::ptrt' [C:\Users\egorb\OneDrive\Documentos\GitHub\xray-monolith\src\xrEngine\xrEngine.vcxproj]
  (compiling source file '/Rain.cpp')
  
C:\Users\egorb\OneDrive\Documentos\GitHub\xray-monolith\src\xrEngine\Text_Console.cpp(163,22): warning C4366: The result of the unary '&' operator may be unaligned [C:\Users\egorb\OneDrive\Documentos\GitHub\xray-monolith\src\xrEngine\xrEngine.vcxproj]
  (compiling source file '/Text_Console.cpp')
  
  xrTheora_Surface_mmx.cpp
  xr_collide_form.cpp
C:\Users\egorb\OneDrive\Documentos\GitHub\xray-monolith\src\xrcdb\ispatial.h(151,9): warning C4311: '<function-style-cast>': pointer truncation from 'ISpatial_NODE *' to 'ISpatial_NODE::ptrt' [C:\Users\egorb\OneDrive\Documentos\GitHub\xray-monolith\src\xrEngine\xrEngine.vcxproj]
  (compiling source file '/xrSheduler.cpp')
  
C:\Users\egorb\OneDrive\Documentos\GitHub\xray-monolith\src\xrcdb\ispatial.h(151,9): warning C4302: '<function-style-cast>': truncation from 'ISpatial_NODE *' to 'ISpatial_NODE::ptrt' [C:\Users\egorb\OneDrive\Documentos\GitHub\xray-monolith\src\xrEngine\xrEngine.vcxproj]
  (compiling source file '/xrSheduler.cpp')
  
C:\Users\egorb\OneDrive\Documentos\GitHub\xray-monolith\src\xrcdb\ispatial.h(151,29): warning C4311: '<function-style-cast>': pointer truncation from 'ISpatial_NODE *' to 'ISpatial_NODE::ptrt' [C:\Users\egorb\OneDrive\Documentos\GitHub\xray-monolith\src\xrEngine\xrEngine.vcxproj]
  (compiling source file '/xrSheduler.cpp')
  
C:\Users\egorb\OneDrive\Documentos\GitHub\xray-monolith\src\xrcdb\ispatial.h(151,29): warning C4302: '<function-style-cast>': truncation from 'ISpatial_NODE *' to 'ISpatial_NODE::ptrt' [C:\Users\egorb\OneDrive\Documentos\GitHub\xray-monolith\src\xrEngine\xrEngine.vcxproj]
  (compiling source file '/xrSheduler.cpp')
  
C:\Users\egorb\OneDrive\Documentos\GitHub\xray-monolith\src\xrcdb\ispatial.h(152,9): warning C4311: '<function-style-cast>': pointer truncation from 'ISpatial_NODE *' to 'ISpatial_NODE::ptrt' [C:\Users\egorb\OneDrive\Documentos\GitHub\xray-monolith\src\xrEngine\xrEngine.vcxproj]
  (compiling source file '/xrSheduler.cpp')
  
C:\Users\egorb\OneDrive\Documentos\GitHub\xray-monolith\src\xrcdb\ispatial.h(152,9): warning C4302: '<function-style-cast>': truncation from 'ISpatial_NODE *' to 'ISpatial_NODE::ptrt' [C:\Users\egorb\OneDrive\Documentos\GitHub\xray-monolith\src\xrEngine\xrEngine.vcxproj]
  (compiling source file '/xrSheduler.cpp')
  
C:\Users\egorb\OneDrive\Documentos\GitHub\xray-monolith\src\xrcdb\ispatial.h(152,29): warning C4311: '<function-style-cast>': pointer truncation from 'ISpatial_NODE *' to 'ISpatial_NODE::ptrt' [C:\Users\egorb\OneDrive\Documentos\GitHub\xray-monolith\src\xrEngine\xrEngine.vcxproj]
  (compiling source file '/xrSheduler.cpp')
  
C:\Users\egorb\OneDrive\Documentos\GitHub\xray-monolith\src\xrcdb\ispatial.h(152,29): warning C4302: '<function-style-cast>': truncation from 'ISpatial_NODE *' to 'ISpatial_NODE::ptrt' [C:\Users\egorb\OneDrive\Documentos\GitHub\xray-monolith\src\xrEngine\xrEngine.vcxproj]
  (compiling source file '/xrSheduler.cpp')
  
C:\Users\egorb\OneDrive\Documentos\GitHub\xray-monolith\src\xrcdb\ispatial.h(153,9): warning C4311: '<function-style-cast>': pointer truncation from 'ISpatial_NODE *' to 'ISpatial_NODE::ptrt' [C:\Users\egorb\OneDrive\Documentos\GitHub\xray-monolith\src\xrEngine\xrEngine.vcxproj]
  (compiling source file '/xrSheduler.cpp')
  
C:\Users\egorb\OneDrive\Documentos\GitHub\xray-monolith\src\xrcdb\ispatial.h(153,9): warning C4302: '<function-style-cast>': truncation from 'ISpatial_NODE *' to 'ISpatial_NODE::ptrt' [C:\Users\egorb\OneDrive\Documentos\GitHub\xray-monolith\src\xrEngine\xrEngine.vcxproj]
  (compiling source file '/xrSheduler.cpp')
  
C:\Users\egorb\OneDrive\Documentos\GitHub\xray-monolith\src\xrcdb\ispatial.h(153,29): warning C4311: '<function-style-cast>': pointer truncation from 'ISpatial_NODE *' to 'ISpatial_NODE::ptrt' [C:\Users\egorb\OneDrive\Documentos\GitHub\xray-monolith\src\xrEngine\xrEngine.vcxproj]
  (compiling source file '/xrSheduler.cpp')
  
C:\Users\egorb\OneDrive\Documentos\GitHub\xray-monolith\src\xrcdb\ispatial.h(153,29): warning C4302: '<function-style-cast>': truncation from 'ISpatial_NODE *' to 'ISpatial_NODE::ptrt' [C:\Users\egorb\OneDrive\Documentos\GitHub\xray-monolith\src\xrEngine\xrEngine.vcxproj]
  (compiling source file '/xrSheduler.cpp')
  
C:\Users\egorb\OneDrive\Documentos\GitHub\xray-monolith\src\xrcdb\ispatial.h(154,9): warning C4311: '<function-style-cast>': pointer truncation from 'ISpatial_NODE *' to 'ISpatial_NODE::ptrt' [C:\Users\egorb\OneDrive\Documentos\GitHub\xray-monolith\src\xrEngine\xrEngine.vcxproj]
  (compiling source file '/xrSheduler.cpp')
  
C:\Users\egorb\OneDrive\Documentos\GitHub\xray-monolith\src\xrcdb\ispatial.h(154,9): warning C4302: '<function-style-cast>': truncation from 'ISpatial_NODE *' to 'ISpatial_NODE::ptrt' [C:\Users\egorb\OneDrive\Documentos\GitHub\xray-monolith\src\xrEngine\xrEngine.vcxproj]
  (compiling source file '/xrSheduler.cpp')
  
C:\Users\egorb\OneDrive\Documentos\GitHub\xray-monolith\src\xrcdb\ispatial.h(154,29): warning C4311: '<function-style-cast>': pointer truncation from 'ISpatial_NODE *' to 'ISpatial_NODE::ptrt' [C:\Users\egorb\OneDrive\Documentos\GitHub\xray-monolith\src\xrEngine\xrEngine.vcxproj]
  (compiling source file '/xrSheduler.cpp')
  
C:\Users\egorb\OneDrive\Documentos\GitHub\xray-monolith\src\xrcdb\ispatial.h(154,29): warning C4302: '<function-style-cast>': truncation from 'ISpatial_NODE *' to 'ISpatial_NODE::ptrt' [C:\Users\egorb\OneDrive\Documentos\GitHub\xray-monolith\src\xrEngine\xrEngine.vcxproj]
  (compiling source file '/xrSheduler.cpp')
  
C:\Users\egorb\OneDrive\Documentos\GitHub\xray-monolith\src\xrCore\stream_reader_inline.h(60,38): warning C4244: 'return': conversion from '__int64' to 'u32', possible loss of data [C:\Users\egorb\OneDrive\Documentos\GitHub\xray-monolith\src\xrEngine\xrEngine.vcxproj]
  (compiling source file '/xrTheora_Surface.cpp')
  
C:\Users\egorb\OneDrive\Documentos\GitHub\xray-monolith\src\xrCore\stream_reader_inline.h(60,38): warning C4244: 'return': conversion from '__int64' to 'u32', possible loss of data [C:\Users\egorb\OneDrive\Documentos\GitHub\xray-monolith\src\xrEngine\xrEngine.vcxproj]
  (compiling source file '/xrTheora_Stream.cpp')
  
  xr_efflensflare.cpp
C:\Users\egorb\OneDrive\Documentos\GitHub\xray-monolith\src\xrEngine\xrTheora_Stream.cpp(134,8): warning C4456: declaration of 'ret' hides previous local declaration [C:\Users\egorb\OneDrive\Documentos\GitHub\xray-monolith\src\xrEngine\xrEngine.vcxproj]
  (compiling source file '/xrTheora_Stream.cpp')
      C:\Users\egorb\OneDrive\Documentos\GitHub\xray-monolith\src\xrEngine\xrTheora_Stream.cpp(107,7):
      see declaration of 'ret'
  
  Xr_input.cpp
  xr_input_xinput.cpp
  XR_IOConsole.cpp
  XR_IOConsole_callback.cpp
  XR_IOConsole_control.cpp
  XR_IOConsole_get.cpp
  xr_ioc_cmd.cpp
  xr_object.cpp
  xr_object_list.cpp
  x_ray.cpp
C:\Users\egorb\OneDrive\Documentos\GitHub\xray-monolith\src\xrEngine\Xr_input.cpp(409,8): warning C4644: usage of the macro-based offsetof pattern in constant expressions is non-standard; use offsetof defined in the C++ standard library instead [C:\Users\egorb\OneDrive\Documentos\GitHub\xray-monolith\src\xrEngine\xrEngine.vcxproj]
  (compiling source file '/Xr_input.cpp')
  
C:\Users\egorb\OneDrive\Documentos\GitHub\xray-monolith\src\xrEngine\Xr_input.cpp(413,8): warning C4644: usage of the macro-based offsetof pattern in constant expressions is non-standard; use offsetof defined in the C++ standard library instead [C:\Users\egorb\OneDrive\Documentos\GitHub\xray-monolith\src\xrEngine\xrEngine.vcxproj]
  (compiling source file '/Xr_input.cpp')
  
C:\Users\egorb\OneDrive\Documentos\GitHub\xray-monolith\src\xrEngine\Xr_input.cpp(417,8): warning C4644: usage of the macro-based offsetof pattern in constant expressions is non-standard; use offsetof defined in the C++ standard library instead [C:\Users\egorb\OneDrive\Documentos\GitHub\xray-monolith\src\xrEngine\xrEngine.vcxproj]
  (compiling source file '/Xr_input.cpp')
  
C:\Users\egorb\OneDrive\Documentos\GitHub\xray-monolith\src\xrcdb\ispatial.h(151,9): warning C4311: '<function-style-cast>': pointer truncation from 'ISpatial_NODE *' to 'ISpatial_NODE::ptrt' [C:\Users\egorb\OneDrive\Documentos\GitHub\xray-monolith\src\xrEngine\xrEngine.vcxproj]
  (compiling source file '/xr_collide_form.cpp')
  
C:\Users\egorb\OneDrive\Documentos\GitHub\xray-monolith\src\xrcdb\ispatial.h(151,9): warning C4302: '<function-style-cast>': truncation from 'ISpatial_NODE *' to 'ISpatial_NODE::ptrt' [C:\Users\egorb\OneDrive\Documentos\GitHub\xray-monolith\src\xrEngine\xrEngine.vcxproj]
  (compiling source file '/xr_collide_form.cpp')
  
C:\Users\egorb\OneDrive\Documentos\GitHub\xray-monolith\src\xrcdb\ispatial.h(151,29): warning C4311: '<function-style-cast>': pointer truncation from 'ISpatial_NODE *' to 'ISpatial_NODE::ptrt' [C:\Users\egorb\OneDrive\Documentos\GitHub\xray-monolith\src\xrEngine\xrEngine.vcxproj]
  (compiling source file '/xr_collide_form.cpp')
  
C:\Users\egorb\OneDrive\Documentos\GitHub\xray-monolith\src\xrcdb\ispatial.h(151,29): warning C4302: '<function-style-cast>': truncation from 'ISpatial_NODE *' to 'ISpatial_NODE::ptrt' [C:\Users\egorb\OneDrive\Documentos\GitHub\xray-monolith\src\xrEngine\xrEngine.vcxproj]
  (compiling source file '/xr_collide_form.cpp')
  
C:\Users\egorb\OneDrive\Documentos\GitHub\xray-monolith\src\xrcdb\ispatial.h(152,9): warning C4311: '<function-style-cast>': pointer truncation from 'ISpatial_NODE *' to 'ISpatial_NODE::ptrt' [C:\Users\egorb\OneDrive\Documentos\GitHub\xray-monolith\src\xrEngine\xrEngine.vcxproj]
  (compiling source file '/xr_collide_form.cpp')
  
C:\Users\egorb\OneDrive\Documentos\GitHub\xray-monolith\src\xrcdb\ispatial.h(152,9): warning C4302: '<function-style-cast>': truncation from 'ISpatial_NODE *' to 'ISpatial_NODE::ptrt' [C:\Users\egorb\OneDrive\Documentos\GitHub\xray-monolith\src\xrEngine\xrEngine.vcxproj]
  (compiling source file '/xr_collide_form.cpp')
  
C:\Users\egorb\OneDrive\Documentos\GitHub\xray-monolith\src\xrcdb\ispatial.h(152,29): warning C4311: '<function-style-cast>': pointer truncation from 'ISpatial_NODE *' to 'ISpatial_NODE::ptrt' [C:\Users\egorb\OneDrive\Documentos\GitHub\xray-monolith\src\xrEngine\xrEngine.vcxproj]
  (compiling source file '/xr_collide_form.cpp')
  
C:\Users\egorb\OneDrive\Documentos\GitHub\xray-monolith\src\xrcdb\ispatial.h(152,29): warning C4302: '<function-style-cast>': truncation from 'ISpatial_NODE *' to 'ISpatial_NODE::ptrt' [C:\Users\egorb\OneDrive\Documentos\GitHub\xray-monolith\src\xrEngine\xrEngine.vcxproj]
  (compiling source file '/xr_collide_form.cpp')
  
C:\Users\egorb\OneDrive\Documentos\GitHub\xray-monolith\src\xrcdb\ispatial.h(153,9): warning C4311: '<function-style-cast>': pointer truncation from 'ISpatial_NODE *' to 'ISpatial_NODE::ptrt' [C:\Users\egorb\OneDrive\Documentos\GitHub\xray-monolith\src\xrEngine\xrEngine.vcxproj]
  (compiling source file '/xr_collide_form.cpp')
  
C:\Users\egorb\OneDrive\Documentos\GitHub\xray-monolith\src\xrcdb\ispatial.h(153,9): warning C4302: '<function-style-cast>': truncation from 'ISpatial_NODE *' to 'ISpatial_NODE::ptrt' [C:\Users\egorb\OneDrive\Documentos\GitHub\xray-monolith\src\xrEngine\xrEngine.vcxproj]
  (compiling source file '/xr_collide_form.cpp')
  
C:\Users\egorb\OneDrive\Documentos\GitHub\xray-monolith\src\xrcdb\ispatial.h(153,29): warning C4311: '<function-style-cast>': pointer truncation from 'ISpatial_NODE *' to 'ISpatial_NODE::ptrt' [C:\Users\egorb\OneDrive\Documentos\GitHub\xray-monolith\src\xrEngine\xrEngine.vcxproj]
  (compiling source file '/xr_collide_form.cpp')
  
C:\Users\egorb\OneDrive\Documentos\GitHub\xray-monolith\src\xrcdb\ispatial.h(153,29): warning C4302: '<function-style-cast>': truncation from 'ISpatial_NODE *' to 'ISpatial_NODE::ptrt' [C:\Users\egorb\OneDrive\Documentos\GitHub\xray-monolith\src\xrEngine\xrEngine.vcxproj]
  (compiling source file '/xr_collide_form.cpp')
  
C:\Users\egorb\OneDrive\Documentos\GitHub\xray-monolith\src\xrcdb\ispatial.h(154,9): warning C4311: '<function-style-cast>': pointer truncation from 'ISpatial_NODE *' to 'ISpatial_NODE::ptrt' [C:\Users\egorb\OneDrive\Documentos\GitHub\xray-monolith\src\xrEngine\xrEngine.vcxproj]
  (compiling source file '/xr_collide_form.cpp')
  
C:\Users\egorb\OneDrive\Documentos\GitHub\xray-monolith\src\xrcdb\ispatial.h(154,9): warning C4302: '<function-style-cast>': truncation from 'ISpatial_NODE *' to 'ISpatial_NODE::ptrt' [C:\Users\egorb\OneDrive\Documentos\GitHub\xray-monolith\src\xrEngine\xrEngine.vcxproj]
  (compiling source file '/xr_collide_form.cpp')
  
C:\Users\egorb\OneDrive\Documentos\GitHub\xray-monolith\src\xrcdb\ispatial.h(154,29): warning C4311: '<function-style-cast>': pointer truncation from 'ISpatial_NODE *' to 'ISpatial_NODE::ptrt' [C:\Users\egorb\OneDrive\Documentos\GitHub\xray-monolith\src\xrEngine\xrEngine.vcxproj]
  (compiling source file '/xr_collide_form.cpp')
  
C:\Users\egorb\OneDrive\Documentos\GitHub\xray-monolith\src\xrcdb\ispatial.h(154,29): warning C4302: '<function-style-cast>': truncation from 'ISpatial_NODE *' to 'ISpatial_NODE::ptrt' [C:\Users\egorb\OneDrive\Documentos\GitHub\xray-monolith\src\xrEngine\xrEngine.vcxproj]
  (compiling source file '/xr_collide_form.cpp')
  
  _scripting.cpp
C:\Users\egorb\OneDrive\Documentos\GitHub\xray-monolith\src\xrcdb\ispatial.h(151,9): warning C4311: '<function-style-cast>': pointer truncation from 'ISpatial_NODE *' to 'ISpatial_NODE::ptrt' [C:\Users\egorb\OneDrive\Documentos\GitHub\xray-monolith\src\xrEngine\xrEngine.vcxproj]
  (compiling source file '/thunderbolt.cpp')
  
C:\Users\egorb\OneDrive\Documentos\GitHub\xray-monolith\src\xrcdb\ispatial.h(151,9): warning C4302: '<function-style-cast>': truncation from 'ISpatial_NODE *' to 'ISpatial_NODE::ptrt' [C:\Users\egorb\OneDrive\Documentos\GitHub\xray-monolith\src\xrEngine\xrEngine.vcxproj]
  (compiling source file '/thunderbolt.cpp')
  
C:\Users\egorb\OneDrive\Documentos\GitHub\xray-monolith\src\xrcdb\ispatial.h(151,29): warning C4311: '<function-style-cast>': pointer truncation from 'ISpatial_NODE *' to 'ISpatial_NODE::ptrt' [C:\Users\egorb\OneDrive\Documentos\GitHub\xray-monolith\src\xrEngine\xrEngine.vcxproj]
  (compiling source file '/thunderbolt.cpp')
  
C:\Users\egorb\OneDrive\Documentos\GitHub\xray-monolith\src\xrcdb\ispatial.h(151,29): warning C4302: '<function-style-cast>': truncation from 'ISpatial_NODE *' to 'ISpatial_NODE::ptrt' [C:\Users\egorb\OneDrive\Documentos\GitHub\xray-monolith\src\xrEngine\xrEngine.vcxproj]
  (compiling source file '/thunderbolt.cpp')
  
C:\Users\egorb\OneDrive\Documentos\GitHub\xray-monolith\src\xrcdb\ispatial.h(152,9): warning C4311: '<function-style-cast>': pointer truncation from 'ISpatial_NODE *' to 'ISpatial_NODE::ptrt' [C:\Users\egorb\OneDrive\Documentos\GitHub\xray-monolith\src\xrEngine\xrEngine.vcxproj]
  (compiling source file '/thunderbolt.cpp')
  
C:\Users\egorb\OneDrive\Documentos\GitHub\xray-monolith\src\xrcdb\ispatial.h(152,9): warning C4302: '<function-style-cast>': truncation from 'ISpatial_NODE *' to 'ISpatial_NODE::ptrt' [C:\Users\egorb\OneDrive\Documentos\GitHub\xray-monolith\src\xrEngine\xrEngine.vcxproj]
  (compiling source file '/thunderbolt.cpp')
  
C:\Users\egorb\OneDrive\Documentos\GitHub\xray-monolith\src\xrcdb\ispatial.h(152,29): warning C4311: '<function-style-cast>': pointer truncation from 'ISpatial_NODE *' to 'ISpatial_NODE::ptrt' [C:\Users\egorb\OneDrive\Documentos\GitHub\xray-monolith\src\xrEngine\xrEngine.vcxproj]
  (compiling source file '/thunderbolt.cpp')
  
C:\Users\egorb\OneDrive\Documentos\GitHub\xray-monolith\src\xrcdb\ispatial.h(152,29): warning C4302: '<function-style-cast>': truncation from 'ISpatial_NODE *' to 'ISpatial_NODE::ptrt' [C:\Users\egorb\OneDrive\Documentos\GitHub\xray-monolith\src\xrEngine\xrEngine.vcxproj]
  (compiling source file '/thunderbolt.cpp')
  
C:\Users\egorb\OneDrive\Documentos\GitHub\xray-monolith\src\xrcdb\ispatial.h(153,9): warning C4311: '<function-style-cast>': pointer truncation from 'ISpatial_NODE *' to 'ISpatial_NODE::ptrt' [C:\Users\egorb\OneDrive\Documentos\GitHub\xray-monolith\src\xrEngine\xrEngine.vcxproj]
  (compiling source file '/thunderbolt.cpp')
  
C:\Users\egorb\OneDrive\Documentos\GitHub\xray-monolith\src\xrcdb\ispatial.h(153,9): warning C4302: '<function-style-cast>': truncation from 'ISpatial_NODE *' to 'ISpatial_NODE::ptrt' [C:\Users\egorb\OneDrive\Documentos\GitHub\xray-monolith\src\xrEngine\xrEngine.vcxproj]
  (compiling source file '/thunderbolt.cpp')
  
C:\Users\egorb\OneDrive\Documentos\GitHub\xray-monolith\src\xrcdb\ispatial.h(153,29): warning C4311: '<function-style-cast>': pointer truncation from 'ISpatial_NODE *' to 'ISpatial_NODE::ptrt' [C:\Users\egorb\OneDrive\Documentos\GitHub\xray-monolith\src\xrEngine\xrEngine.vcxproj]
  (compiling source file '/thunderbolt.cpp')
  
C:\Users\egorb\OneDrive\Documentos\GitHub\xray-monolith\src\xrcdb\ispatial.h(153,29): warning C4302: '<function-style-cast>': truncation from 'ISpatial_NODE *' to 'ISpatial_NODE::ptrt' [C:\Users\egorb\OneDrive\Documentos\GitHub\xray-monolith\src\xrEngine\xrEngine.vcxproj]
  (compiling source file '/thunderbolt.cpp')
  
C:\Users\egorb\OneDrive\Documentos\GitHub\xray-monolith\src\xrcdb\ispatial.h(154,9): warning C4311: '<function-style-cast>': pointer truncation from 'ISpatial_NODE *' to 'ISpatial_NODE::ptrt' [C:\Users\egorb\OneDrive\Documentos\GitHub\xray-monolith\src\xrEngine\xrEngine.vcxproj]
  (compiling source file '/thunderbolt.cpp')
  
C:\Users\egorb\OneDrive\Documentos\GitHub\xray-monolith\src\xrcdb\ispatial.h(154,9): warning C4302: '<function-style-cast>': truncation from 'ISpatial_NODE *' to 'ISpatial_NODE::ptrt' [C:\Users\egorb\OneDrive\Documentos\GitHub\xray-monolith\src\xrEngine\xrEngine.vcxproj]
  (compiling source file '/thunderbolt.cpp')
  
C:\Users\egorb\OneDrive\Documentos\GitHub\xray-monolith\src\xrcdb\ispatial.h(154,29): warning C4311: '<function-style-cast>': pointer truncation from 'ISpatial_NODE *' to 'ISpatial_NODE::ptrt' [C:\Users\egorb\OneDrive\Documentos\GitHub\xray-monolith\src\xrEngine\xrEngine.vcxproj]
  (compiling source file '/thunderbolt.cpp')
  
C:\Users\egorb\OneDrive\Documentos\GitHub\xray-monolith\src\xrcdb\ispatial.h(154,29): warning C4302: '<function-style-cast>': truncation from 'ISpatial_NODE *' to 'ISpatial_NODE::ptrt' [C:\Users\egorb\OneDrive\Documentos\GitHub\xray-monolith\src\xrEngine\xrEngine.vcxproj]
  (compiling source file '/thunderbolt.cpp')
  
C:\Users\egorb\OneDrive\Documentos\GitHub\xray-monolith\src\xrcdb\ispatial.h(151,9): warning C4311: '<function-style-cast>': pointer truncation from 'ISpatial_NODE *' to 'ISpatial_NODE::ptrt' [C:\Users\egorb\OneDrive\Documentos\GitHub\xray-monolith\src\xrEngine\xrEngine.vcxproj]
  (compiling source file '/xr_object.cpp')
  
C:\Users\egorb\OneDrive\Documentos\GitHub\xray-monolith\src\xrcdb\ispatial.h(151,9): warning C4302: '<function-style-cast>': truncation from 'ISpatial_NODE *' to 'ISpatial_NODE::ptrt' [C:\Users\egorb\OneDrive\Documentos\GitHub\xray-monolith\src\xrEngine\xrEngine.vcxproj]
  (compiling source file '/xr_object.cpp')
  
C:\Users\egorb\OneDrive\Documentos\GitHub\xray-monolith\src\xrcdb\ispatial.h(151,29): warning C4311: '<function-style-cast>': pointer truncation from 'ISpatial_NODE *' to 'ISpatial_NODE::ptrt' [C:\Users\egorb\OneDrive\Documentos\GitHub\xray-monolith\src\xrEngine\xrEngine.vcxproj]
  (compiling source file '/xr_object.cpp')
  
C:\Users\egorb\OneDrive\Documentos\GitHub\xray-monolith\src\xrcdb\ispatial.h(151,29): warning C4302: '<function-style-cast>': truncation from 'ISpatial_NODE *' to 'ISpatial_NODE::ptrt' [C:\Users\egorb\OneDrive\Documentos\GitHub\xray-monolith\src\xrEngine\xrEngine.vcxproj]
  (compiling source file '/xr_object.cpp')
  
C:\Users\egorb\OneDrive\Documentos\GitHub\xray-monolith\src\xrcdb\ispatial.h(152,9): warning C4311: '<function-style-cast>': pointer truncation from 'ISpatial_NODE *' to 'ISpatial_NODE::ptrt' [C:\Users\egorb\OneDrive\Documentos\GitHub\xray-monolith\src\xrEngine\xrEngine.vcxproj]
  (compiling source file '/xr_object.cpp')
  
C:\Users\egorb\OneDrive\Documentos\GitHub\xray-monolith\src\xrcdb\ispatial.h(152,9): warning C4302: '<function-style-cast>': truncation from 'ISpatial_NODE *' to 'ISpatial_NODE::ptrt' [C:\Users\egorb\OneDrive\Documentos\GitHub\xray-monolith\src\xrEngine\xrEngine.vcxproj]
  (compiling source file '/xr_object.cpp')
  
C:\Users\egorb\OneDrive\Documentos\GitHub\xray-monolith\src\xrcdb\ispatial.h(152,29): warning C4311: '<function-style-cast>': pointer truncation from 'ISpatial_NODE *' to 'ISpatial_NODE::ptrt' [C:\Users\egorb\OneDrive\Documentos\GitHub\xray-monolith\src\xrEngine\xrEngine.vcxproj]
  (compiling source file '/xr_object.cpp')
  
C:\Users\egorb\OneDrive\Documentos\GitHub\xray-monolith\src\xrcdb\ispatial.h(152,29): warning C4302: '<function-style-cast>': truncation from 'ISpatial_NODE *' to 'ISpatial_NODE::ptrt' [C:\Users\egorb\OneDrive\Documentos\GitHub\xray-monolith\src\xrEngine\xrEngine.vcxproj]
  (compiling source file '/xr_object.cpp')
  
C:\Users\egorb\OneDrive\Documentos\GitHub\xray-monolith\src\xrcdb\ispatial.h(153,9): warning C4311: '<function-style-cast>': pointer truncation from 'ISpatial_NODE *' to 'ISpatial_NODE::ptrt' [C:\Users\egorb\OneDrive\Documentos\GitHub\xray-monolith\src\xrEngine\xrEngine.vcxproj]
  (compiling source file '/xr_object.cpp')
  
C:\Users\egorb\OneDrive\Documentos\GitHub\xray-monolith\src\xrcdb\ispatial.h(153,9): warning C4302: '<function-style-cast>': truncation from 'ISpatial_NODE *' to 'ISpatial_NODE::ptrt' [C:\Users\egorb\OneDrive\Documentos\GitHub\xray-monolith\src\xrEngine\xrEngine.vcxproj]
  (compiling source file '/xr_object.cpp')
  
C:\Users\egorb\OneDrive\Documentos\GitHub\xray-monolith\src\xrcdb\ispatial.h(153,29): warning C4311: '<function-style-cast>': pointer truncation from 'ISpatial_NODE *' to 'ISpatial_NODE::ptrt' [C:\Users\egorb\OneDrive\Documentos\GitHub\xray-monolith\src\xrEngine\xrEngine.vcxproj]
  (compiling source file '/xr_object.cpp')
  
C:\Users\egorb\OneDrive\Documentos\GitHub\xray-monolith\src\xrcdb\ispatial.h(153,29): warning C4302: '<function-style-cast>': truncation from 'ISpatial_NODE *' to 'ISpatial_NODE::ptrt' [C:\Users\egorb\OneDrive\Documentos\GitHub\xray-monolith\src\xrEngine\xrEngine.vcxproj]
  (compiling source file '/xr_object.cpp')
  
C:\Users\egorb\OneDrive\Documentos\GitHub\xray-monolith\src\xrcdb\ispatial.h(154,9): warning C4311: '<function-style-cast>': pointer truncation from 'ISpatial_NODE *' to 'ISpatial_NODE::ptrt' [C:\Users\egorb\OneDrive\Documentos\GitHub\xray-monolith\src\xrEngine\xrEngine.vcxproj]
  (compiling source file '/xr_object.cpp')
  
C:\Users\egorb\OneDrive\Documentos\GitHub\xray-monolith\src\xrcdb\ispatial.h(154,9): warning C4302: '<function-style-cast>': truncation from 'ISpatial_NODE *' to 'ISpatial_NODE::ptrt' [C:\Users\egorb\OneDrive\Documentos\GitHub\xray-monolith\src\xrEngine\xrEngine.vcxproj]
  (compiling source file '/xr_object.cpp')
  
C:\Users\egorb\OneDrive\Documentos\GitHub\xray-monolith\src\xrcdb\ispatial.h(154,29): warning C4311: '<function-style-cast>': pointer truncation from 'ISpatial_NODE *' to 'ISpatial_NODE::ptrt' [C:\Users\egorb\OneDrive\Documentos\GitHub\xray-monolith\src\xrEngine\xrEngine.vcxproj]
  (compiling source file '/xr_object.cpp')
  
C:\Users\egorb\OneDrive\Documentos\GitHub\xray-monolith\src\xrcdb\ispatial.h(154,29): warning C4302: '<function-style-cast>': truncation from 'ISpatial_NODE *' to 'ISpatial_NODE::ptrt' [C:\Users\egorb\OneDrive\Documentos\GitHub\xray-monolith\src\xrEngine\xrEngine.vcxproj]
  (compiling source file '/xr_object.cpp')
  
C:\Users\egorb\OneDrive\Documentos\GitHub\xray-monolith\src\xrEngine\xr_collide_form.cpp(260,8): warning C4456: declaration of 'res' hides previous local declaration [C:\Users\egorb\OneDrive\Documentos\GitHub\xray-monolith\src\xrEngine\xrEngine.vcxproj]
  (compiling source file '/xr_collide_form.cpp')
      C:\Users\egorb\OneDrive\Documentos\GitHub\xray-monolith\src\xrEngine\xr_collide_form.cpp(241,22):
      see declaration of 'res'
  
C:\Users\egorb\OneDrive\Documentos\GitHub\xray-monolith\src\xrCore\_fbox.h(40,19): warning C4458: declaration of 'x1' hides class member [C:\Users\egorb\OneDrive\Documentos\GitHub\xray-monolith\src\xrEngine\xrEngine.vcxproj]
  (compiling source file '/xr_collide_form.cpp')
      C:\Users\egorb\OneDrive\Documentos\GitHub\xray-monolith\src\xrCore\_fbox.h(25,6):
      see declaration of '_box3<float>::<unnamed-tag>::x1'
      C:\Users\egorb\OneDrive\Documentos\GitHub\xray-monolith\src\xrCore\_fbox.h(40,19):
      the template instantiation context (the oldest one first) is
          C:\Users\egorb\OneDrive\Documentos\GitHub\xray-monolith\src\xrcdb\xr_area.h(29,7):
          see reference to class template instantiation '_box3<float>' being compiled
          C:\Users\egorb\OneDrive\Documentos\GitHub\xray-monolith\src\xrCore\_fbox.h(40,13):
          while compiling class template member function '_box3<float> &_box3<float>::set(T,T,T,T,T,T)'
          with
          [
              T=float
          ]
              C:\Users\egorb\OneDrive\Documentos\GitHub\xray-monolith\src\xrEngine\xr_collide_form.cpp(304,12):
              see the first reference to '_box3<float>::set' in 'CCF_EventBox::CCF_EventBox'
  
C:\Users\egorb\OneDrive\Documentos\GitHub\xray-monolith\src\xrCore\_fbox.h(40,25): warning C4458: declaration of 'y1' hides class member [C:\Users\egorb\OneDrive\Documentos\GitHub\xray-monolith\src\xrEngine\xrEngine.vcxproj]
  (compiling source file '/xr_collide_form.cpp')
      C:\Users\egorb\OneDrive\Documentos\GitHub\xray-monolith\src\xrCore\_fbox.h(25,10):
      see declaration of '_box3<float>::<unnamed-tag>::y1'
  
C:\Users\egorb\OneDrive\Documentos\GitHub\xray-monolith\src\xrCore\_fbox.h(40,31): warning C4458: declaration of 'z1' hides class member [C:\Users\egorb\OneDrive\Documentos\GitHub\xray-monolith\src\xrEngine\xrEngine.vcxproj]
  (compiling source file '/xr_collide_form.cpp')
      C:\Users\egorb\OneDrive\Documentos\GitHub\xray-monolith\src\xrCore\_fbox.h(25,14):
      see declaration of '_box3<float>::<unnamed-tag>::z1'
  
C:\Users\egorb\OneDrive\Documentos\GitHub\xray-monolith\src\xrCore\_fbox.h(40,37): warning C4458: declaration of 'x2' hides class member [C:\Users\egorb\OneDrive\Documentos\GitHub\xray-monolith\src\xrEngine\xrEngine.vcxproj]
  (compiling source file '/xr_collide_form.cpp')
      C:\Users\egorb\OneDrive\Documentos\GitHub\xray-monolith\src\xrCore\_fbox.h(26,6):
      see declaration of '_box3<float>::<unnamed-tag>::x2'
  
C:\Users\egorb\OneDrive\Documentos\GitHub\xray-monolith\src\xrCore\_fbox.h(40,43): warning C4458: declaration of 'y2' hides class member [C:\Users\egorb\OneDrive\Documentos\GitHub\xray-monolith\src\xrEngine\xrEngine.vcxproj]
  (compiling source file '/xr_collide_form.cpp')
      C:\Users\egorb\OneDrive\Documentos\GitHub\xray-monolith\src\xrCore\_fbox.h(26,10):
      see declaration of '_box3<float>::<unnamed-tag>::y2'
  
C:\Users\egorb\OneDrive\Documentos\GitHub\xray-monolith\src\xrCore\_fbox.h(40,49): warning C4458: declaration of 'z2' hides class member [C:\Users\egorb\OneDrive\Documentos\GitHub\xray-monolith\src\xrEngine\xrEngine.vcxproj]
  (compiling source file '/xr_collide_form.cpp')
      C:\Users\egorb\OneDrive\Documentos\GitHub\xray-monolith\src\xrCore\_fbox.h(26,14):
      see declaration of '_box3<float>::<unnamed-tag>::z2'
  
C:\Users\egorb\OneDrive\Documentos\GitHub\xray-monolith\src\xrcdb\ispatial.h(151,9): warning C4311: '<function-style-cast>': pointer truncation from 'ISpatial_NODE *' to 'ISpatial_NODE::ptrt' [C:\Users\egorb\OneDrive\Documentos\GitHub\xray-monolith\src\xrEngine\xrEngine.vcxproj]
  (compiling source file '/xr_object_list.cpp')
  
C:\Users\egorb\OneDrive\Documentos\GitHub\xray-monolith\src\xrcdb\ispatial.h(151,9): warning C4302: '<function-style-cast>': truncation from 'ISpatial_NODE *' to 'ISpatial_NODE::ptrt' [C:\Users\egorb\OneDrive\Documentos\GitHub\xray-monolith\src\xrEngine\xrEngine.vcxproj]
  (compiling source file '/xr_object_list.cpp')
  
C:\Users\egorb\OneDrive\Documentos\GitHub\xray-monolith\src\xrcdb\ispatial.h(151,29): warning C4311: '<function-style-cast>': pointer truncation from 'ISpatial_NODE *' to 'ISpatial_NODE::ptrt' [C:\Users\egorb\OneDrive\Documentos\GitHub\xray-monolith\src\xrEngine\xrEngine.vcxproj]
  (compiling source file '/xr_object_list.cpp')
  
C:\Users\egorb\OneDrive\Documentos\GitHub\xray-monolith\src\xrcdb\ispatial.h(151,29): warning C4302: '<function-style-cast>': truncation from 'ISpatial_NODE *' to 'ISpatial_NODE::ptrt' [C:\Users\egorb\OneDrive\Documentos\GitHub\xray-monolith\src\xrEngine\xrEngine.vcxproj]
  (compiling source file '/xr_object_list.cpp')
  
C:\Users\egorb\OneDrive\Documentos\GitHub\xray-monolith\src\xrcdb\ispatial.h(152,9): warning C4311: '<function-style-cast>': pointer truncation from 'ISpatial_NODE *' to 'ISpatial_NODE::ptrt' [C:\Users\egorb\OneDrive\Documentos\GitHub\xray-monolith\src\xrEngine\xrEngine.vcxproj]
  (compiling source file '/xr_object_list.cpp')
  
C:\Users\egorb\OneDrive\Documentos\GitHub\xray-monolith\src\xrcdb\ispatial.h(152,9): warning C4302: '<function-style-cast>': truncation from 'ISpatial_NODE *' to 'ISpatial_NODE::ptrt' [C:\Users\egorb\OneDrive\Documentos\GitHub\xray-monolith\src\xrEngine\xrEngine.vcxproj]
  (compiling source file '/xr_object_list.cpp')
  
C:\Users\egorb\OneDrive\Documentos\GitHub\xray-monolith\src\xrcdb\ispatial.h(152,29): warning C4311: '<function-style-cast>': pointer truncation from 'ISpatial_NODE *' to 'ISpatial_NODE::ptrt' [C:\Users\egorb\OneDrive\Documentos\GitHub\xray-monolith\src\xrEngine\xrEngine.vcxproj]
  (compiling source file '/xr_object_list.cpp')
  
C:\Users\egorb\OneDrive\Documentos\GitHub\xray-monolith\src\xrcdb\ispatial.h(152,29): warning C4302: '<function-style-cast>': truncation from 'ISpatial_NODE *' to 'ISpatial_NODE::ptrt' [C:\Users\egorb\OneDrive\Documentos\GitHub\xray-monolith\src\xrEngine\xrEngine.vcxproj]
  (compiling source file '/xr_object_list.cpp')
  
C:\Users\egorb\OneDrive\Documentos\GitHub\xray-monolith\src\xrcdb\ispatial.h(153,9): warning C4311: '<function-style-cast>': pointer truncation from 'ISpatial_NODE *' to 'ISpatial_NODE::ptrt' [C:\Users\egorb\OneDrive\Documentos\GitHub\xray-monolith\src\xrEngine\xrEngine.vcxproj]
  (compiling source file '/xr_object_list.cpp')
  
C:\Users\egorb\OneDrive\Documentos\GitHub\xray-monolith\src\xrcdb\ispatial.h(153,9): warning C4302: '<function-style-cast>': truncation from 'ISpatial_NODE *' to 'ISpatial_NODE::ptrt' [C:\Users\egorb\OneDrive\Documentos\GitHub\xray-monolith\src\xrEngine\xrEngine.vcxproj]
  (compiling source file '/xr_object_list.cpp')
  
C:\Users\egorb\OneDrive\Documentos\GitHub\xray-monolith\src\xrcdb\ispatial.h(153,29): warning C4311: '<function-style-cast>': pointer truncation from 'ISpatial_NODE *' to 'ISpatial_NODE::ptrt' [C:\Users\egorb\OneDrive\Documentos\GitHub\xray-monolith\src\xrEngine\xrEngine.vcxproj]
  (compiling source file '/xr_object_list.cpp')
  
C:\Users\egorb\OneDrive\Documentos\GitHub\xray-monolith\src\xrcdb\ispatial.h(153,29): warning C4302: '<function-style-cast>': truncation from 'ISpatial_NODE *' to 'ISpatial_NODE::ptrt' [C:\Users\egorb\OneDrive\Documentos\GitHub\xray-monolith\src\xrEngine\xrEngine.vcxproj]
  (compiling source file '/xr_object_list.cpp')
  
C:\Users\egorb\OneDrive\Documentos\GitHub\xray-monolith\src\xrcdb\ispatial.h(154,9): warning C4311: '<function-style-cast>': pointer truncation from 'ISpatial_NODE *' to 'ISpatial_NODE::ptrt' [C:\Users\egorb\OneDrive\Documentos\GitHub\xray-monolith\src\xrEngine\xrEngine.vcxproj]
  (compiling source file '/xr_object_list.cpp')
  
C:\Users\egorb\OneDrive\Documentos\GitHub\xray-monolith\src\xrcdb\ispatial.h(154,9): warning C4302: '<function-style-cast>': truncation from 'ISpatial_NODE *' to 'ISpatial_NODE::ptrt' [C:\Users\egorb\OneDrive\Documentos\GitHub\xray-monolith\src\xrEngine\xrEngine.vcxproj]
  (compiling source file '/xr_object_list.cpp')
  
C:\Users\egorb\OneDrive\Documentos\GitHub\xray-monolith\src\xrcdb\ispatial.h(154,29): warning C4311: '<function-style-cast>': pointer truncation from 'ISpatial_NODE *' to 'ISpatial_NODE::ptrt' [C:\Users\egorb\OneDrive\Documentos\GitHub\xray-monolith\src\xrEngine\xrEngine.vcxproj]
  (compiling source file '/xr_object_list.cpp')
  
C:\Users\egorb\OneDrive\Documentos\GitHub\xray-monolith\src\xrcdb\ispatial.h(154,29): warning C4302: '<function-style-cast>': truncation from 'ISpatial_NODE *' to 'ISpatial_NODE::ptrt' [C:\Users\egorb\OneDrive\Documentos\GitHub\xray-monolith\src\xrEngine\xrEngine.vcxproj]
  (compiling source file '/xr_object_list.cpp')
  
C:\Users\egorb\OneDrive\Documentos\GitHub\xray-monolith\src\xrcdb\ispatial.h(151,9): warning C4311: '<function-style-cast>': pointer truncation from 'ISpatial_NODE *' to 'ISpatial_NODE::ptrt' [C:\Users\egorb\OneDrive\Documentos\GitHub\xray-monolith\src\xrEngine\xrEngine.vcxproj]
  (compiling source file '/xr_efflensflare.cpp')
  
C:\Users\egorb\OneDrive\Documentos\GitHub\xray-monolith\src\xrcdb\ispatial.h(151,9): warning C4302: '<function-style-cast>': truncation from 'ISpatial_NODE *' to 'ISpatial_NODE::ptrt' [C:\Users\egorb\OneDrive\Documentos\GitHub\xray-monolith\src\xrEngine\xrEngine.vcxproj]
  (compiling source file '/xr_efflensflare.cpp')
  
C:\Users\egorb\OneDrive\Documentos\GitHub\xray-monolith\src\xrcdb\ispatial.h(151,29): warning C4311: '<function-style-cast>': pointer truncation from 'ISpatial_NODE *' to 'ISpatial_NODE::ptrt' [C:\Users\egorb\OneDrive\Documentos\GitHub\xray-monolith\src\xrEngine\xrEngine.vcxproj]
  (compiling source file '/xr_efflensflare.cpp')
  
C:\Users\egorb\OneDrive\Documentos\GitHub\xray-monolith\src\xrcdb\ispatial.h(151,29): warning C4302: '<function-style-cast>': truncation from 'ISpatial_NODE *' to 'ISpatial_NODE::ptrt' [C:\Users\egorb\OneDrive\Documentos\GitHub\xray-monolith\src\xrEngine\xrEngine.vcxproj]
  (compiling source file '/xr_efflensflare.cpp')
  
C:\Users\egorb\OneDrive\Documentos\GitHub\xray-monolith\src\xrcdb\ispatial.h(152,9): warning C4311: '<function-style-cast>': pointer truncation from 'ISpatial_NODE *' to 'ISpatial_NODE::ptrt' [C:\Users\egorb\OneDrive\Documentos\GitHub\xray-monolith\src\xrEngine\xrEngine.vcxproj]
  (compiling source file '/xr_efflensflare.cpp')
  
C:\Users\egorb\OneDrive\Documentos\GitHub\xray-monolith\src\xrcdb\ispatial.h(152,9): warning C4302: '<function-style-cast>': truncation from 'ISpatial_NODE *' to 'ISpatial_NODE::ptrt' [C:\Users\egorb\OneDrive\Documentos\GitHub\xray-monolith\src\xrEngine\xrEngine.vcxproj]
  (compiling source file '/xr_efflensflare.cpp')
  
C:\Users\egorb\OneDrive\Documentos\GitHub\xray-monolith\src\xrcdb\ispatial.h(152,29): warning C4311: '<function-style-cast>': pointer truncation from 'ISpatial_NODE *' to 'ISpatial_NODE::ptrt' [C:\Users\egorb\OneDrive\Documentos\GitHub\xray-monolith\src\xrEngine\xrEngine.vcxproj]
  (compiling source file '/xr_efflensflare.cpp')
  
C:\Users\egorb\OneDrive\Documentos\GitHub\xray-monolith\src\xrcdb\ispatial.h(152,29): warning C4302: '<function-style-cast>': truncation from 'ISpatial_NODE *' to 'ISpatial_NODE::ptrt' [C:\Users\egorb\OneDrive\Documentos\GitHub\xray-monolith\src\xrEngine\xrEngine.vcxproj]
  (compiling source file '/xr_efflensflare.cpp')
  
C:\Users\egorb\OneDrive\Documentos\GitHub\xray-monolith\src\xrcdb\ispatial.h(153,9): warning C4311: '<function-style-cast>': pointer truncation from 'ISpatial_NODE *' to 'ISpatial_NODE::ptrt' [C:\Users\egorb\OneDrive\Documentos\GitHub\xray-monolith\src\xrEngine\xrEngine.vcxproj]
  (compiling source file '/xr_efflensflare.cpp')
  
C:\Users\egorb\OneDrive\Documentos\GitHub\xray-monolith\src\xrcdb\ispatial.h(153,9): warning C4302: '<function-style-cast>': truncation from 'ISpatial_NODE *' to 'ISpatial_NODE::ptrt' [C:\Users\egorb\OneDrive\Documentos\GitHub\xray-monolith\src\xrEngine\xrEngine.vcxproj]
  (compiling source file '/xr_efflensflare.cpp')
  
C:\Users\egorb\OneDrive\Documentos\GitHub\xray-monolith\src\xrcdb\ispatial.h(153,29): warning C4311: '<function-style-cast>': pointer truncation from 'ISpatial_NODE *' to 'ISpatial_NODE::ptrt' [C:\Users\egorb\OneDrive\Documentos\GitHub\xray-monolith\src\xrEngine\xrEngine.vcxproj]
  (compiling source file '/xr_efflensflare.cpp')
  
C:\Users\egorb\OneDrive\Documentos\GitHub\xray-monolith\src\xrcdb\ispatial.h(153,29): warning C4302: '<function-style-cast>': truncation from 'ISpatial_NODE *' to 'ISpatial_NODE::ptrt' [C:\Users\egorb\OneDrive\Documentos\GitHub\xray-monolith\src\xrEngine\xrEngine.vcxproj]
  (compiling source file '/xr_efflensflare.cpp')
  
C:\Users\egorb\OneDrive\Documentos\GitHub\xray-monolith\src\xrcdb\ispatial.h(154,9): warning C4311: '<function-style-cast>': pointer truncation from 'ISpatial_NODE *' to 'ISpatial_NODE::ptrt' [C:\Users\egorb\OneDrive\Documentos\GitHub\xray-monolith\src\xrEngine\xrEngine.vcxproj]
  (compiling source file '/xr_efflensflare.cpp')
  
C:\Users\egorb\OneDrive\Documentos\GitHub\xray-monolith\src\xrcdb\ispatial.h(154,9): warning C4302: '<function-style-cast>': truncation from 'ISpatial_NODE *' to 'ISpatial_NODE::ptrt' [C:\Users\egorb\OneDrive\Documentos\GitHub\xray-monolith\src\xrEngine\xrEngine.vcxproj]
  (compiling source file '/xr_efflensflare.cpp')
  
C:\Users\egorb\OneDrive\Documentos\GitHub\xray-monolith\src\xrcdb\ispatial.h(154,29): warning C4311: '<function-style-cast>': pointer truncation from 'ISpatial_NODE *' to 'ISpatial_NODE::ptrt' [C:\Users\egorb\OneDrive\Documentos\GitHub\xray-monolith\src\xrEngine\xrEngine.vcxproj]
  (compiling source file '/xr_efflensflare.cpp')
  
C:\Users\egorb\OneDrive\Documentos\GitHub\xray-monolith\src\xrcdb\ispatial.h(154,29): warning C4302: '<function-style-cast>': truncation from 'ISpatial_NODE *' to 'ISpatial_NODE::ptrt' [C:\Users\egorb\OneDrive\Documentos\GitHub\xray-monolith\src\xrEngine\xrEngine.vcxproj]
  (compiling source file '/xr_efflensflare.cpp')
  
C:\Users\egorb\OneDrive\Documentos\GitHub\xray-monolith\src\xrEngine\XR_IOConsole.cpp(496,9): warning C4456: declaration of 'r' hides previous local declaration [C:\Users\egorb\OneDrive\Documentos\GitHub\xray-monolith\src\xrEngine\xrEngine.vcxproj]
  (compiling source file '/XR_IOConsole.cpp')
      C:\Users\egorb\OneDrive\Documentos\GitHub\xray-monolith\src\xrEngine\XR_IOConsole.cpp(426,8):
      see declaration of 'r'
  
C:\Users\egorb\OneDrive\Documentos\GitHub\xray-monolith\src\xrEngine\XR_IOConsole.cpp(498,23): warning C4456: declaration of 'itb' hides previous local declaration [C:\Users\egorb\OneDrive\Documentos\GitHub\xray-monolith\src\xrEngine\xrEngine.vcxproj]
  (compiling source file '/XR_IOConsole.cpp')
      C:\Users\egorb\OneDrive\Documentos\GitHub\xray-monolith\src\xrEngine\XR_IOConsole.cpp(442,22):
      see declaration of 'itb'
  
C:\Users\egorb\OneDrive\Documentos\GitHub\xray-monolith\src\xrEngine\XR_IOConsole.cpp(499,23): warning C4456: declaration of 'ite' hides previous local declaration [C:\Users\egorb\OneDrive\Documentos\GitHub\xray-monolith\src\xrEngine\xrEngine.vcxproj]
  (compiling source file '/XR_IOConsole.cpp')
      C:\Users\egorb\OneDrive\Documentos\GitHub\xray-monolith\src\xrEngine\XR_IOConsole.cpp(443,22):
      see declaration of 'ite'
  
C:\Users\egorb\OneDrive\Documentos\GitHub\xray-monolith\src\xrcdb\ispatial.h(151,9): warning C4311: '<function-style-cast>': pointer truncation from 'ISpatial_NODE *' to 'ISpatial_NODE::ptrt' [C:\Users\egorb\OneDrive\Documentos\GitHub\xray-monolith\src\xrEngine\xrEngine.vcxproj]
  (compiling source file '/xr_ioc_cmd.cpp')
  
C:\Users\egorb\OneDrive\Documentos\GitHub\xray-monolith\src\xrcdb\ispatial.h(151,9): warning C4302: '<function-style-cast>': truncation from 'ISpatial_NODE *' to 'ISpatial_NODE::ptrt' [C:\Users\egorb\OneDrive\Documentos\GitHub\xray-monolith\src\xrEngine\xrEngine.vcxproj]
  (compiling source file '/xr_ioc_cmd.cpp')
  
C:\Users\egorb\OneDrive\Documentos\GitHub\xray-monolith\src\xrcdb\ispatial.h(151,29): warning C4311: '<function-style-cast>': pointer truncation from 'ISpatial_NODE *' to 'ISpatial_NODE::ptrt' [C:\Users\egorb\OneDrive\Documentos\GitHub\xray-monolith\src\xrEngine\xrEngine.vcxproj]
  (compiling source file '/xr_ioc_cmd.cpp')
  
C:\Users\egorb\OneDrive\Documentos\GitHub\xray-monolith\src\xrcdb\ispatial.h(151,29): warning C4302: '<function-style-cast>': truncation from 'ISpatial_NODE *' to 'ISpatial_NODE::ptrt' [C:\Users\egorb\OneDrive\Documentos\GitHub\xray-monolith\src\xrEngine\xrEngine.vcxproj]
  (compiling source file '/xr_ioc_cmd.cpp')
  
C:\Users\egorb\OneDrive\Documentos\GitHub\xray-monolith\src\xrcdb\ispatial.h(152,9): warning C4311: '<function-style-cast>': pointer truncation from 'ISpatial_NODE *' to 'ISpatial_NODE::ptrt' [C:\Users\egorb\OneDrive\Documentos\GitHub\xray-monolith\src\xrEngine\xrEngine.vcxproj]
  (compiling source file '/xr_ioc_cmd.cpp')
  
C:\Users\egorb\OneDrive\Documentos\GitHub\xray-monolith\src\xrcdb\ispatial.h(152,9): warning C4302: '<function-style-cast>': truncation from 'ISpatial_NODE *' to 'ISpatial_NODE::ptrt' [C:\Users\egorb\OneDrive\Documentos\GitHub\xray-monolith\src\xrEngine\xrEngine.vcxproj]
  (compiling source file '/xr_ioc_cmd.cpp')
  
C:\Users\egorb\OneDrive\Documentos\GitHub\xray-monolith\src\xrcdb\ispatial.h(152,29): warning C4311: '<function-style-cast>': pointer truncation from 'ISpatial_NODE *' to 'ISpatial_NODE::ptrt' [C:\Users\egorb\OneDrive\Documentos\GitHub\xray-monolith\src\xrEngine\xrEngine.vcxproj]
  (compiling source file '/xr_ioc_cmd.cpp')
  
C:\Users\egorb\OneDrive\Documentos\GitHub\xray-monolith\src\xrcdb\ispatial.h(152,29): warning C4302: '<function-style-cast>': truncation from 'ISpatial_NODE *' to 'ISpatial_NODE::ptrt' [C:\Users\egorb\OneDrive\Documentos\GitHub\xray-monolith\src\xrEngine\xrEngine.vcxproj]
  (compiling source file '/xr_ioc_cmd.cpp')
  
C:\Users\egorb\OneDrive\Documentos\GitHub\xray-monolith\src\xrcdb\ispatial.h(153,9): warning C4311: '<function-style-cast>': pointer truncation from 'ISpatial_NODE *' to 'ISpatial_NODE::ptrt' [C:\Users\egorb\OneDrive\Documentos\GitHub\xray-monolith\src\xrEngine\xrEngine.vcxproj]
  (compiling source file '/xr_ioc_cmd.cpp')
  
C:\Users\egorb\OneDrive\Documentos\GitHub\xray-monolith\src\xrcdb\ispatial.h(153,9): warning C4302: '<function-style-cast>': truncation from 'ISpatial_NODE *' to 'ISpatial_NODE::ptrt' [C:\Users\egorb\OneDrive\Documentos\GitHub\xray-monolith\src\xrEngine\xrEngine.vcxproj]
  (compiling source file '/xr_ioc_cmd.cpp')
  
C:\Users\egorb\OneDrive\Documentos\GitHub\xray-monolith\src\xrcdb\ispatial.h(153,29): warning C4311: '<function-style-cast>': pointer truncation from 'ISpatial_NODE *' to 'ISpatial_NODE::ptrt' [C:\Users\egorb\OneDrive\Documentos\GitHub\xray-monolith\src\xrEngine\xrEngine.vcxproj]
  (compiling source file '/xr_ioc_cmd.cpp')
  
C:\Users\egorb\OneDrive\Documentos\GitHub\xray-monolith\src\xrcdb\ispatial.h(153,29): warning C4302: '<function-style-cast>': truncation from 'ISpatial_NODE *' to 'ISpatial_NODE::ptrt' [C:\Users\egorb\OneDrive\Documentos\GitHub\xray-monolith\src\xrEngine\xrEngine.vcxproj]
  (compiling source file '/xr_ioc_cmd.cpp')
  
C:\Users\egorb\OneDrive\Documentos\GitHub\xray-monolith\src\xrcdb\ispatial.h(154,9): warning C4311: '<function-style-cast>': pointer truncation from 'ISpatial_NODE *' to 'ISpatial_NODE::ptrt' [C:\Users\egorb\OneDrive\Documentos\GitHub\xray-monolith\src\xrEngine\xrEngine.vcxproj]
  (compiling source file '/xr_ioc_cmd.cpp')
  
C:\Users\egorb\OneDrive\Documentos\GitHub\xray-monolith\src\xrcdb\ispatial.h(154,9): warning C4302: '<function-style-cast>': truncation from 'ISpatial_NODE *' to 'ISpatial_NODE::ptrt' [C:\Users\egorb\OneDrive\Documentos\GitHub\xray-monolith\src\xrEngine\xrEngine.vcxproj]
  (compiling source file '/xr_ioc_cmd.cpp')
  
C:\Users\egorb\OneDrive\Documentos\GitHub\xray-monolith\src\xrcdb\ispatial.h(154,29): warning C4311: '<function-style-cast>': pointer truncation from 'ISpatial_NODE *' to 'ISpatial_NODE::ptrt' [C:\Users\egorb\OneDrive\Documentos\GitHub\xray-monolith\src\xrEngine\xrEngine.vcxproj]
  (compiling source file '/xr_ioc_cmd.cpp')
  
C:\Users\egorb\OneDrive\Documentos\GitHub\xray-monolith\src\xrcdb\ispatial.h(154,29): warning C4302: '<function-style-cast>': truncation from 'ISpatial_NODE *' to 'ISpatial_NODE::ptrt' [C:\Users\egorb\OneDrive\Documentos\GitHub\xray-monolith\src\xrEngine\xrEngine.vcxproj]
  (compiling source file '/xr_ioc_cmd.cpp')
  
C:\Users\egorb\OneDrive\Documentos\GitHub\xray-monolith\src\xrEngine\xr_ioc_cmd.cpp(724,15): warning C4995: 'strcmp': name was marked as #pragma deprecated [C:\Users\egorb\OneDrive\Documentos\GitHub\xray-monolith\src\xrEngine\xrEngine.vcxproj]
  (compiling source file '/xr_ioc_cmd.cpp')
  
C:\Users\egorb\OneDrive\Documentos\GitHub\xray-monolith\src\xrEngine\xr_ioc_cmd.cpp(725,11): warning C4995: 'strcmp': name was marked as #pragma deprecated [C:\Users\egorb\OneDrive\Documentos\GitHub\xray-monolith\src\xrEngine\xrEngine.vcxproj]
  (compiling source file '/xr_ioc_cmd.cpp')
  
C:\Users\egorb\OneDrive\Documentos\GitHub\xray-monolith\src\xrEngine\xr_ioc_cmd.cpp(726,11): warning C4995: 'strcmp': name was marked as #pragma deprecated [C:\Users\egorb\OneDrive\Documentos\GitHub\xray-monolith\src\xrEngine\xrEngine.vcxproj]
  (compiling source file '/xr_ioc_cmd.cpp')
  
C:\Users\egorb\OneDrive\Documentos\GitHub\xray-monolith\src\xrEngine\xr_ioc_cmd.cpp(728,27): warning C4995: 'strcmp': name was marked as #pragma deprecated [C:\Users\egorb\OneDrive\Documentos\GitHub\xray-monolith\src\xrEngine\xrEngine.vcxproj]
  (compiling source file '/xr_ioc_cmd.cpp')
  
C:\Users\egorb\OneDrive\Documentos\GitHub\xray-monolith\src\xrEngine\xr_ioc_cmd.cpp(729,27): warning C4995: 'strcmp': name was marked as #pragma deprecated [C:\Users\egorb\OneDrive\Documentos\GitHub\xray-monolith\src\xrEngine\xrEngine.vcxproj]
  (compiling source file '/xr_ioc_cmd.cpp')
  
C:\Users\egorb\OneDrive\Documentos\GitHub\xray-monolith\src\xrEngine\xr_ioc_cmd.cpp(731,19): warning C4995: 'strcmp': name was marked as #pragma deprecated [C:\Users\egorb\OneDrive\Documentos\GitHub\xray-monolith\src\xrEngine\xrEngine.vcxproj]
  (compiling source file '/xr_ioc_cmd.cpp')
  
C:\Users\egorb\OneDrive\Documentos\GitHub\xray-monolith\src\xrEngine\xr_ioc_cmd.cpp(732,20): warning C4995: 'strcmp': name was marked as #pragma deprecated [C:\Users\egorb\OneDrive\Documentos\GitHub\xray-monolith\src\xrEngine\xrEngine.vcxproj]
  (compiling source file '/xr_ioc_cmd.cpp')
  
C:\Users\egorb\OneDrive\Documentos\GitHub\xray-monolith\src\xrEngine\xr_ioc_cmd.cpp(734,20): warning C4995: 'strcmp': name was marked as #pragma deprecated [C:\Users\egorb\OneDrive\Documentos\GitHub\xray-monolith\src\xrEngine\xrEngine.vcxproj]
  (compiling source file '/xr_ioc_cmd.cpp')
  
C:\Users\egorb\OneDrive\Documentos\GitHub\xray-monolith\src\xrEngine\xr_ioc_cmd.cpp(735,21): warning C4995: 'strcmp': name was marked as #pragma deprecated [C:\Users\egorb\OneDrive\Documentos\GitHub\xray-monolith\src\xrEngine\xrEngine.vcxproj]
  (compiling source file '/xr_ioc_cmd.cpp')
  
C:\Users\egorb\OneDrive\Documentos\GitHub\xray-monolith\src\xrEngine\xr_ioc_cmd.cpp(736,21): warning C4995: 'strcmp': name was marked as #pragma deprecated [C:\Users\egorb\OneDrive\Documentos\GitHub\xray-monolith\src\xrEngine\xrEngine.vcxproj]
  (compiling source file '/xr_ioc_cmd.cpp')
  
C:\Users\egorb\OneDrive\Documentos\GitHub\xray-monolith\src\xrEngine\xr_ioc_cmd.cpp(721,10): warning C4389: '==': signed/unsigned mismatch [C:\Users\egorb\OneDrive\Documentos\GitHub\xray-monolith\src\xrEngine\xrEngine.vcxproj]
  (compiling source file '/xr_ioc_cmd.cpp')
  
C:\Users\egorb\OneDrive\Documentos\GitHub\xray-monolith\src\xrEngine\xr_ioc_cmd.cpp(945,23): warning C4244: 'initializing': conversion from 'double' to 'int', possible loss of data [C:\Users\egorb\OneDrive\Documentos\GitHub\xray-monolith\src\xrEngine\xrEngine.vcxproj]
  (compiling source file '/xr_ioc_cmd.cpp')
  
C:\Users\egorb\OneDrive\Documentos\GitHub\xray-monolith\src\xrcdb\ispatial.h(151,9): warning C4311: '<function-style-cast>': pointer truncation from 'ISpatial_NODE *' to 'ISpatial_NODE::ptrt' [C:\Users\egorb\OneDrive\Documentos\GitHub\xray-monolith\src\xrEngine\xrEngine.vcxproj]
  (compiling source file '/x_ray.cpp')
  
C:\Users\egorb\OneDrive\Documentos\GitHub\xray-monolith\src\xrcdb\ispatial.h(151,9): warning C4302: '<function-style-cast>': truncation from 'ISpatial_NODE *' to 'ISpatial_NODE::ptrt' [C:\Users\egorb\OneDrive\Documentos\GitHub\xray-monolith\src\xrEngine\xrEngine.vcxproj]
  (compiling source file '/x_ray.cpp')
  
C:\Users\egorb\OneDrive\Documentos\GitHub\xray-monolith\src\xrcdb\ispatial.h(151,29): warning C4311: '<function-style-cast>': pointer truncation from 'ISpatial_NODE *' to 'ISpatial_NODE::ptrt' [C:\Users\egorb\OneDrive\Documentos\GitHub\xray-monolith\src\xrEngine\xrEngine.vcxproj]
  (compiling source file '/x_ray.cpp')
  
C:\Users\egorb\OneDrive\Documentos\GitHub\xray-monolith\src\xrcdb\ispatial.h(151,29): warning C4302: '<function-style-cast>': truncation from 'ISpatial_NODE *' to 'ISpatial_NODE::ptrt' [C:\Users\egorb\OneDrive\Documentos\GitHub\xray-monolith\src\xrEngine\xrEngine.vcxproj]
  (compiling source file '/x_ray.cpp')
  
C:\Users\egorb\OneDrive\Documentos\GitHub\xray-monolith\src\xrcdb\ispatial.h(152,9): warning C4311: '<function-style-cast>': pointer truncation from 'ISpatial_NODE *' to 'ISpatial_NODE::ptrt' [C:\Users\egorb\OneDrive\Documentos\GitHub\xray-monolith\src\xrEngine\xrEngine.vcxproj]
  (compiling source file '/x_ray.cpp')
  
C:\Users\egorb\OneDrive\Documentos\GitHub\xray-monolith\src\xrcdb\ispatial.h(152,9): warning C4302: '<function-style-cast>': truncation from 'ISpatial_NODE *' to 'ISpatial_NODE::ptrt' [C:\Users\egorb\OneDrive\Documentos\GitHub\xray-monolith\src\xrEngine\xrEngine.vcxproj]
  (compiling source file '/x_ray.cpp')
  
C:\Users\egorb\OneDrive\Documentos\GitHub\xray-monolith\src\xrcdb\ispatial.h(152,29): warning C4311: '<function-style-cast>': pointer truncation from 'ISpatial_NODE *' to 'ISpatial_NODE::ptrt' [C:\Users\egorb\OneDrive\Documentos\GitHub\xray-monolith\src\xrEngine\xrEngine.vcxproj]
  (compiling source file '/x_ray.cpp')
  
C:\Users\egorb\OneDrive\Documentos\GitHub\xray-monolith\src\xrcdb\ispatial.h(152,29): warning C4302: '<function-style-cast>': truncation from 'ISpatial_NODE *' to 'ISpatial_NODE::ptrt' [C:\Users\egorb\OneDrive\Documentos\GitHub\xray-monolith\src\xrEngine\xrEngine.vcxproj]
  (compiling source file '/x_ray.cpp')
  
C:\Users\egorb\OneDrive\Documentos\GitHub\xray-monolith\src\xrcdb\ispatial.h(153,9): warning C4311: '<function-style-cast>': pointer truncation from 'ISpatial_NODE *' to 'ISpatial_NODE::ptrt' [C:\Users\egorb\OneDrive\Documentos\GitHub\xray-monolith\src\xrEngine\xrEngine.vcxproj]
  (compiling source file '/x_ray.cpp')
  
C:\Users\egorb\OneDrive\Documentos\GitHub\xray-monolith\src\xrcdb\ispatial.h(153,9): warning C4302: '<function-style-cast>': truncation from 'ISpatial_NODE *' to 'ISpatial_NODE::ptrt' [C:\Users\egorb\OneDrive\Documentos\GitHub\xray-monolith\src\xrEngine\xrEngine.vcxproj]
  (compiling source file '/x_ray.cpp')
  
C:\Users\egorb\OneDrive\Documentos\GitHub\xray-monolith\src\xrcdb\ispatial.h(153,29): warning C4311: '<function-style-cast>': pointer truncation from 'ISpatial_NODE *' to 'ISpatial_NODE::ptrt' [C:\Users\egorb\OneDrive\Documentos\GitHub\xray-monolith\src\xrEngine\xrEngine.vcxproj]
  (compiling source file '/x_ray.cpp')
  
C:\Users\egorb\OneDrive\Documentos\GitHub\xray-monolith\src\xrcdb\ispatial.h(153,29): warning C4302: '<function-style-cast>': truncation from 'ISpatial_NODE *' to 'ISpatial_NODE::ptrt' [C:\Users\egorb\OneDrive\Documentos\GitHub\xray-monolith\src\xrEngine\xrEngine.vcxproj]
  (compiling source file '/x_ray.cpp')
  
C:\Users\egorb\OneDrive\Documentos\GitHub\xray-monolith\src\xrcdb\ispatial.h(154,9): warning C4311: '<function-style-cast>': pointer truncation from 'ISpatial_NODE *' to 'ISpatial_NODE::ptrt' [C:\Users\egorb\OneDrive\Documentos\GitHub\xray-monolith\src\xrEngine\xrEngine.vcxproj]
  (compiling source file '/x_ray.cpp')
  
C:\Users\egorb\OneDrive\Documentos\GitHub\xray-monolith\src\xrcdb\ispatial.h(154,9): warning C4302: '<function-style-cast>': truncation from 'ISpatial_NODE *' to 'ISpatial_NODE::ptrt' [C:\Users\egorb\OneDrive\Documentos\GitHub\xray-monolith\src\xrEngine\xrEngine.vcxproj]
  (compiling source file '/x_ray.cpp')
  
C:\Users\egorb\OneDrive\Documentos\GitHub\xray-monolith\src\xrcdb\ispatial.h(154,29): warning C4311: '<function-style-cast>': pointer truncation from 'ISpatial_NODE *' to 'ISpatial_NODE::ptrt' [C:\Users\egorb\OneDrive\Documentos\GitHub\xray-monolith\src\xrEngine\xrEngine.vcxproj]
  (compiling source file '/x_ray.cpp')
  
C:\Users\egorb\OneDrive\Documentos\GitHub\xray-monolith\src\xrcdb\ispatial.h(154,29): warning C4302: '<function-style-cast>': truncation from 'ISpatial_NODE *' to 'ISpatial_NODE::ptrt' [C:\Users\egorb\OneDrive\Documentos\GitHub\xray-monolith\src\xrEngine\xrEngine.vcxproj]
  (compiling source file '/x_ray.cpp')
  
C:\Users\egorb\OneDrive\Documentos\GitHub\xray-monolith\src\3rd party\discord\ffi.h(1007,5): warning C4995: 'memset': name was marked as #pragma deprecated [C:\Users\egorb\OneDrive\Documentos\GitHub\xray-monolith\src\xrEngine\xrEngine.vcxproj]
  (compiling source file '/x_ray.cpp')
  
C:\Users\egorb\OneDrive\Documentos\GitHub\xray-monolith\src\xrEngine\x_ray.cpp(312,2): warning C4003: not enough arguments for function-like macro invocation 'PROF_EVENT' [C:\Users\egorb\OneDrive\Documentos\GitHub\xray-monolith\src\xrEngine\xrEngine.vcxproj]
  (compiling source file '/x_ray.cpp')
  
C:\Users\egorb\OneDrive\Documentos\GitHub\xray-monolith\src\xrEngine\x_ray.cpp(347,31): warning C4995: 'strlen': name was marked as #pragma deprecated [C:\Users\egorb\OneDrive\Documentos\GitHub\xray-monolith\src\xrEngine\xrEngine.vcxproj]
  (compiling source file '/x_ray.cpp')
  
C:\Users\egorb\OneDrive\Documentos\GitHub\xray-monolith\src\xrEngine\x_ray.cpp(348,86): warning C4995: 'strlen': name was marked as #pragma deprecated [C:\Users\egorb\OneDrive\Documentos\GitHub\xray-monolith\src\xrEngine\xrEngine.vcxproj]
  (compiling source file '/x_ray.cpp')
  
C:\Users\egorb\OneDrive\Documentos\GitHub\xray-monolith\src\xrEngine\x_ray.cpp(348,92): warning C4267: 'argument': conversion from 'size_t' to 'int32_t', possible loss of data [C:\Users\egorb\OneDrive\Documentos\GitHub\xray-monolith\src\xrEngine\xrEngine.vcxproj]
  (compiling source file '/x_ray.cpp')
  
C:\Users\egorb\OneDrive\Documentos\GitHub\xray-monolith\src\xrEngine\x_ray.cpp(348,75): warning C4267: 'argument': conversion from 'size_t' to 'int32_t', possible loss of data [C:\Users\egorb\OneDrive\Documentos\GitHub\xray-monolith\src\xrEngine\xrEngine.vcxproj]
  (compiling source file '/x_ray.cpp')
  
C:\Users\egorb\OneDrive\Documentos\GitHub\xray-monolith\src\xrEngine\x_ray.cpp(365,90): warning C4267: 'argument': conversion from 'size_t' to 'int32_t', possible loss of data [C:\Users\egorb\OneDrive\Documentos\GitHub\xray-monolith\src\xrEngine\xrEngine.vcxproj]
  (compiling source file '/x_ray.cpp')
  
C:\Users\egorb\OneDrive\Documentos\GitHub\xray-monolith\src\xrEngine\x_ray.cpp(365,57): warning C4267: 'argument': conversion from 'size_t' to 'int32_t', possible loss of data [C:\Users\egorb\OneDrive\Documentos\GitHub\xray-monolith\src\xrEngine\xrEngine.vcxproj]
  (compiling source file '/x_ray.cpp')
  
C:\Users\egorb\OneDrive\Documentos\GitHub\xray-monolith\src\xrEngine\x_ray.cpp(387,2): warning C4003: not enough arguments for function-like macro invocation 'PROF_EVENT' [C:\Users\egorb\OneDrive\Documentos\GitHub\xray-monolith\src\xrEngine\xrEngine.vcxproj]
  (compiling source file '/x_ray.cpp')
  
C:\Users\egorb\OneDrive\Documentos\GitHub\xray-monolith\src\xrEngine\x_ray.cpp(1476,2): warning C4003: not enough arguments for function-like macro invocation 'PROF_EVENT' [C:\Users\egorb\OneDrive\Documentos\GitHub\xray-monolith\src\xrEngine\xrEngine.vcxproj]
  (compiling source file '/x_ray.cpp')
  
C:\Users\egorb\OneDrive\Documentos\GitHub\xray-monolith\src\xrEngine\x_ray.cpp(1522,2): warning C4003: not enough arguments for function-like macro invocation 'PROF_EVENT' [C:\Users\egorb\OneDrive\Documentos\GitHub\xray-monolith\src\xrEngine\xrEngine.vcxproj]
  (compiling source file '/x_ray.cpp')
  
C:\Users\egorb\OneDrive\Documentos\GitHub\xray-monolith\src\xrEngine\x_ray.cpp(1533,2): warning C4003: not enough arguments for function-like macro invocation 'PROF_EVENT' [C:\Users\egorb\OneDrive\Documentos\GitHub\xray-monolith\src\xrEngine\xrEngine.vcxproj]
  (compiling source file '/x_ray.cpp')
  
C:\Users\egorb\OneDrive\Documentos\GitHub\xray-monolith\src\xrEngine\x_ray.cpp(1556,2): warning C4003: not enough arguments for function-like macro invocation 'PROF_EVENT' [C:\Users\egorb\OneDrive\Documentos\GitHub\xray-monolith\src\xrEngine\xrEngine.vcxproj]
  (compiling source file '/x_ray.cpp')
  
C:\Users\egorb\OneDrive\Documentos\GitHub\xray-monolith\src\xrEngine\x_ray.cpp(1581,2): warning C4003: not enough arguments for function-like macro invocation 'PROF_EVENT' [C:\Users\egorb\OneDrive\Documentos\GitHub\xray-monolith\src\xrEngine\xrEngine.vcxproj]
  (compiling source file '/x_ray.cpp')
  
C:\Users\egorb\OneDrive\Documentos\GitHub\xray-monolith\src\xrEngine\x_ray.cpp(1596,2): warning C4003: not enough arguments for function-like macro invocation 'PROF_EVENT' [C:\Users\egorb\OneDrive\Documentos\GitHub\xray-monolith\src\xrEngine\xrEngine.vcxproj]
  (compiling source file '/x_ray.cpp')
  
C:\Users\egorb\OneDrive\Documentos\GitHub\xray-monolith\src\xrEngine\x_ray.cpp(1637,2): warning C4003: not enough arguments for function-like macro invocation 'PROF_EVENT' [C:\Users\egorb\OneDrive\Documentos\GitHub\xray-monolith\src\xrEngine\xrEngine.vcxproj]
  (compiling source file '/x_ray.cpp')
  
C:\Users\egorb\OneDrive\Documentos\GitHub\xray-monolith\src\xrEngine\x_ray.cpp(1689,2): warning C4003: not enough arguments for function-like macro invocation 'PROF_EVENT' [C:\Users\egorb\OneDrive\Documentos\GitHub\xray-monolith\src\xrEngine\xrEngine.vcxproj]
  (compiling source file '/x_ray.cpp')
  
C:\Users\egorb\OneDrive\Documentos\GitHub\xray-monolith\src\xrEngine\x_ray.cpp(1710,2): warning C4003: not enough arguments for function-like macro invocation 'PROF_EVENT' [C:\Users\egorb\OneDrive\Documentos\GitHub\xray-monolith\src\xrEngine\xrEngine.vcxproj]
  (compiling source file '/x_ray.cpp')
  
xrRender_Vulkan.lib(xrRender_Vulkan.obj) : error LNK2005: "void __cdecl xrRender_initconsole(void)" (?xrRender_initconsole@@YAXXZ) already defined in xrRender_R4.lib(xrRender_console.obj) [C:\Users\egorb\OneDrive\Documentos\GitHub\xray-monolith\src\xrEngine\xrEngine.vcxproj]
     Creating library C:\Users\egorb\OneDrive\Documentos\GitHub\xray-monolith\src\..\_build\lib\VerifiedDX11\VerifiedDX11.lib and object C:\Users\egorb\OneDrive\Documentos\GitHub\xray-monolith\src\..\_build\lib\VerifiedDX11\VerifiedDX11.exp
xrRender_Vulkan.lib(xrRender_Vulkan.obj) : error LNK2019: unresolved external symbol vkCmdPipelineBarrier2 referenced in function "void __cdecl TestRenderFrame(void)" (?TestRenderFrame@@YAXXZ) [C:\Users\egorb\OneDrive\Documentos\GitHub\xray-monolith\src\xrEngine\xrEngine.vcxproj]
xrRender_Vulkan.lib(xrRender_Vulkan.obj) : error LNK2019: unresolved external symbol vkCmdBeginRendering referenced in function "void __cdecl TestRenderFrame(void)" (?TestRenderFrame@@YAXXZ) [C:\Users\egorb\OneDrive\Documentos\GitHub\xray-monolith\src\xrEngine\xrEngine.vcxproj]
xrRender_Vulkan.lib(xrRender_Vulkan.obj) : error LNK2019: unresolved external symbol vkCmdEndRendering referenced in function "void __cdecl TestRenderFrame(void)" (?TestRenderFrame@@YAXXZ) [C:\Users\egorb\OneDrive\Documentos\GitHub\xray-monolith\src\xrEngine\xrEngine.vcxproj]
xrRender_Vulkan.lib(vk_core.obj) : error LNK2019: unresolved external symbol vkCreateInstance referenced in function "bool __cdecl VK_CreateInstance(struct VkInstance_T * *)" (?VK_CreateInstance@@YA_NPEAPEAUVkInstance_T@@@Z) [C:\Users\egorb\OneDrive\Documentos\GitHub\xray-monolith\src\xrEngine\xrEngine.vcxproj]
xrRender_Vulkan.lib(vk_core.obj) : error LNK2019: unresolved external symbol vkDestroyInstance referenced in function "void __cdecl VK_DestroyInstance(struct VkInstance_T *)" (?VK_DestroyInstance@@YAXPEAUVkInstance_T@@@Z) [C:\Users\egorb\OneDrive\Documentos\GitHub\xray-monolith\src\xrEngine\xrEngine.vcxproj]
xrRender_Vulkan.lib(vk_core.obj) : error LNK2019: unresolved external symbol vkEnumeratePhysicalDevices referenced in function "struct VkPhysicalDevice_T * __cdecl VK_SelectPhysicalDevice(struct VkInstance_T *,struct VulkanCaps *)" (?VK_SelectPhysicalDevice@@YAPEAUVkPhysicalDevice_T@@PEAUVkInstance_T@@PEAUVulkanCaps@@@Z) [C:\Users\egorb\OneDrive\Documentos\GitHub\xray-monolith\src\xrEngine\xrEngine.vcxproj]
xrRender_Vulkan.lib(vk_core.obj) : error LNK2019: unresolved external symbol vkGetPhysicalDeviceProperties referenced in function "struct VkPhysicalDevice_T * __cdecl VK_SelectPhysicalDevice(struct VkInstance_T *,struct VulkanCaps *)" (?VK_SelectPhysicalDevice@@YAPEAUVkPhysicalDevice_T@@PEAUVkInstance_T@@PEAUVulkanCaps@@@Z) [C:\Users\egorb\OneDrive\Documentos\GitHub\xray-monolith\src\xrEngine\xrEngine.vcxproj]
xrRender_Vulkan.lib(vk_core.obj) : error LNK2019: unresolved external symbol vkGetPhysicalDeviceMemoryProperties referenced in function "struct VkPhysicalDevice_T * __cdecl VK_SelectPhysicalDevice(struct VkInstance_T *,struct VulkanCaps *)" (?VK_SelectPhysicalDevice@@YAPEAUVkPhysicalDevice_T@@PEAUVkInstance_T@@PEAUVulkanCaps@@@Z) [C:\Users\egorb\OneDrive\Documentos\GitHub\xray-monolith\src\xrEngine\xrEngine.vcxproj]
xrRender_Vulkan.lib(vk_core.obj) : error LNK2019: unresolved external symbol vkEnumerateDeviceExtensionProperties referenced in function "bool __cdecl VK_CheckDeviceExtensionSupport(struct VkPhysicalDevice_T *)" (?VK_CheckDeviceExtensionSupport@@YA_NPEAUVkPhysicalDevice_T@@@Z) [C:\Users\egorb\OneDrive\Documentos\GitHub\xray-monolith\src\xrEngine\xrEngine.vcxproj]
xrRender_Vulkan.lib(vk_core.obj) : error LNK2019: unresolved external symbol vkGetPhysicalDeviceFeatures2 referenced in function "struct VkPhysicalDevice_T * __cdecl VK_SelectPhysicalDevice(struct VkInstance_T *,struct VulkanCaps *)" (?VK_SelectPhysicalDevice@@YAPEAUVkPhysicalDevice_T@@PEAUVkInstance_T@@PEAUVulkanCaps@@@Z) [C:\Users\egorb\OneDrive\Documentos\GitHub\xray-monolith\src\xrEngine\xrEngine.vcxproj]
xrRender_Vulkan.lib(vk_swapchain.obj) : error LNK2019: unresolved external symbol vkDeviceWaitIdle referenced in function "public: void __cdecl CVulkanSwapchain::Recreate(unsigned int,unsigned int)" (?Recreate@CVulkanSwapchain@@QEAAXII@Z) [C:\Users\egorb\OneDrive\Documentos\GitHub\xray-monolith\src\xrEngine\xrEngine.vcxproj]
xrRender_Vulkan.lib(vk_swapchain.obj) : error LNK2019: unresolved external symbol vkCreateImageView referenced in function "public: void __cdecl CVulkanSwapchain::Create(unsigned int,unsigned int)" (?Create@CVulkanSwapchain@@QEAAXII@Z) [C:\Users\egorb\OneDrive\Documentos\GitHub\xray-monolith\src\xrEngine\xrEngine.vcxproj]
xrRender_Vulkan.lib(vk_swapchain.obj) : error LNK2019: unresolved external symbol vkDestroyImageView referenced in function "public: void __cdecl CVulkanSwapchain::Destroy(void)" (?Destroy@CVulkanSwapchain@@QEAAXXZ) [C:\Users\egorb\OneDrive\Documentos\GitHub\xray-monolith\src\xrEngine\xrEngine.vcxproj]
xrRender_Vulkan.lib(vk_swapchain.obj) : error LNK2019: unresolved external symbol vkGetPhysicalDeviceSurfaceCapabilitiesKHR referenced in function "public: void __cdecl CVulkanSwapchain::Create(unsigned int,unsigned int)" (?Create@CVulkanSwapchain@@QEAAXII@Z) [C:\Users\egorb\OneDrive\Documentos\GitHub\xray-monolith\src\xrEngine\xrEngine.vcxproj]
xrRender_Vulkan.lib(vk_swapchain.obj) : error LNK2019: unresolved external symbol vkGetPhysicalDeviceSurfaceFormatsKHR referenced in function "public: void __cdecl CVulkanSwapchain::Create(unsigned int,unsigned int)" (?Create@CVulkanSwapchain@@QEAAXII@Z) [C:\Users\egorb\OneDrive\Documentos\GitHub\xray-monolith\src\xrEngine\xrEngine.vcxproj]
xrRender_Vulkan.lib(vk_swapchain.obj) : error LNK2019: unresolved external symbol vkGetPhysicalDeviceSurfacePresentModesKHR referenced in function "public: void __cdecl CVulkanSwapchain::Create(unsigned int,unsigned int)" (?Create@CVulkanSwapchain@@QEAAXII@Z) [C:\Users\egorb\OneDrive\Documentos\GitHub\xray-monolith\src\xrEngine\xrEngine.vcxproj]
xrRender_Vulkan.lib(vk_swapchain.obj) : error LNK2019: unresolved external symbol vkCreateSwapchainKHR referenced in function "public: void __cdecl CVulkanSwapchain::Create(unsigned int,unsigned int)" (?Create@CVulkanSwapchain@@QEAAXII@Z) [C:\Users\egorb\OneDrive\Documentos\GitHub\xray-monolith\src\xrEngine\xrEngine.vcxproj]
xrRender_Vulkan.lib(vk_swapchain.obj) : error LNK2019: unresolved external symbol vkDestroySwapchainKHR referenced in function "public: void __cdecl CVulkanSwapchain::Destroy(void)" (?Destroy@CVulkanSwapchain@@QEAAXXZ) [C:\Users\egorb\OneDrive\Documentos\GitHub\xray-monolith\src\xrEngine\xrEngine.vcxproj]
xrRender_Vulkan.lib(vk_swapchain.obj) : error LNK2019: unresolved external symbol vkGetSwapchainImagesKHR referenced in function "public: void __cdecl CVulkanSwapchain::Create(unsigned int,unsigned int)" (?Create@CVulkanSwapchain@@QEAAXII@Z) [C:\Users\egorb\OneDrive\Documentos\GitHub\xray-monolith\src\xrEngine\xrEngine.vcxproj]
xrRender_Vulkan.lib(vk_swapchain.obj) : error LNK2019: unresolved external symbol vkAcquireNextImageKHR referenced in function "public: unsigned int __cdecl CVulkanSwapchain::AcquireNextImage(struct VkSemaphore_T *,struct VkFence_T *)" (?AcquireNextImage@CVulkanSwapchain@@QEAAIPEAUVkSemaphore_T@@PEAUVkFence_T@@@Z) [C:\Users\egorb\OneDrive\Documentos\GitHub\xray-monolith\src\xrEngine\xrEngine.vcxproj]
xrRender_Vulkan.lib(vk_swapchain.obj) : error LNK2019: unresolved external symbol vkQueuePresentKHR referenced in function "public: void __cdecl CVulkanSwapchain::Present(struct VkSemaphore_T *,unsigned int)" (?Present@CVulkanSwapchain@@QEAAXPEAUVkSemaphore_T@@I@Z) [C:\Users\egorb\OneDrive\Documentos\GitHub\xray-monolith\src\xrEngine\xrEngine.vcxproj]
xrRender_Vulkan.lib(vk_command_buffer.obj) : error LNK2019: unresolved external symbol vkQueueSubmit referenced in function "public: void __cdecl CVulkanCommandManager::Submit(struct VkCommandBuffer_T *,struct VkSemaphore_T *,struct VkSemaphore_T *,struct VkFence_T *)" (?Submit@CVulkanCommandManager@@QEAAXPEAUVkCommandBuffer_T@@PEAUVkSemaphore_T@@1PEAUVkFence_T@@@Z) [C:\Users\egorb\OneDrive\Documentos\GitHub\xray-monolith\src\xrEngine\xrEngine.vcxproj]
xrRender_Vulkan.lib(vk_command_buffer.obj) : error LNK2019: unresolved external symbol vkCreateCommandPool referenced in function "public: void __cdecl CVulkanCommandManager::Create(void)" (?Create@CVulkanCommandManager@@QEAAXXZ) [C:\Users\egorb\OneDrive\Documentos\GitHub\xray-monolith\src\xrEngine\xrEngine.vcxproj]
xrRender_Vulkan.lib(vk_command_buffer.obj) : error LNK2019: unresolved external symbol vkDestroyCommandPool referenced in function "public: void __cdecl CVulkanCommandManager::Destroy(void)" (?Destroy@CVulkanCommandManager@@QEAAXXZ) [C:\Users\egorb\OneDrive\Documentos\GitHub\xray-monolith\src\xrEngine\xrEngine.vcxproj]
xrRender_Vulkan.lib(vk_command_buffer.obj) : error LNK2019: unresolved external symbol vkAllocateCommandBuffers referenced in function "public: void __cdecl CVulkanCommandManager::Create(void)" (?Create@CVulkanCommandManager@@QEAAXXZ) [C:\Users\egorb\OneDrive\Documentos\GitHub\xray-monolith\src\xrEngine\xrEngine.vcxproj]
xrRender_Vulkan.lib(vk_command_buffer.obj) : error LNK2019: unresolved external symbol vkBeginCommandBuffer referenced in function "public: struct VkCommandBuffer_T * __cdecl CVulkanCommandManager::Begin(void)" (?Begin@CVulkanCommandManager@@QEAAPEAUVkCommandBuffer_T@@XZ) [C:\Users\egorb\OneDrive\Documentos\GitHub\xray-monolith\src\xrEngine\xrEngine.vcxproj]
xrRender_Vulkan.lib(vk_command_buffer.obj) : error LNK2019: unresolved external symbol vkEndCommandBuffer referenced in function "public: void __cdecl CVulkanCommandManager::End(struct VkCommandBuffer_T *)" (?End@CVulkanCommandManager@@QEAAXPEAUVkCommandBuffer_T@@@Z) [C:\Users\egorb\OneDrive\Documentos\GitHub\xray-monolith\src\xrEngine\xrEngine.vcxproj]
xrRender_Vulkan.lib(vk_sync.obj) : error LNK2019: unresolved external symbol vkCreateFence referenced in function "public: void __cdecl CVulkanSync::Create(void)" (?Create@CVulkanSync@@QEAAXXZ) [C:\Users\egorb\OneDrive\Documentos\GitHub\xray-monolith\src\xrEngine\xrEngine.vcxproj]
xrRender_Vulkan.lib(vk_sync.obj) : error LNK2019: unresolved external symbol vkDestroyFence referenced in function "public: void __cdecl CVulkanSync::Destroy(void)" (?Destroy@CVulkanSync@@QEAAXXZ) [C:\Users\egorb\OneDrive\Documentos\GitHub\xray-monolith\src\xrEngine\xrEngine.vcxproj]
xrRender_Vulkan.lib(vk_sync.obj) : error LNK2019: unresolved external symbol vkResetFences referenced in function "public: void __cdecl CVulkanSync::ResetFence(unsigned int)" (?ResetFence@CVulkanSync@@QEAAXI@Z) [C:\Users\egorb\OneDrive\Documentos\GitHub\xray-monolith\src\xrEngine\xrEngine.vcxproj]
xrRender_Vulkan.lib(vk_sync.obj) : error LNK2019: unresolved external symbol vkWaitForFences referenced in function "public: void __cdecl CVulkanSync::WaitForFence(unsigned int)" (?WaitForFence@CVulkanSync@@QEAAXI@Z) [C:\Users\egorb\OneDrive\Documentos\GitHub\xray-monolith\src\xrEngine\xrEngine.vcxproj]
xrRender_Vulkan.lib(vk_sync.obj) : error LNK2019: unresolved external symbol vkCreateSemaphore referenced in function "public: void __cdecl CVulkanSync::Create(void)" (?Create@CVulkanSync@@QEAAXXZ) [C:\Users\egorb\OneDrive\Documentos\GitHub\xray-monolith\src\xrEngine\xrEngine.vcxproj]
xrRender_Vulkan.lib(vk_sync.obj) : error LNK2019: unresolved external symbol vkDestroySemaphore referenced in function "public: void __cdecl CVulkanSync::Destroy(void)" (?Destroy@CVulkanSync@@QEAAXXZ) [C:\Users\egorb\OneDrive\Documentos\GitHub\xray-monolith\src\xrEngine\xrEngine.vcxproj]
C:\Users\egorb\OneDrive\Documentos\GitHub\xray-monolith\src\..\_build\_game\bin_dbg\VerifiedDX11.exe : fatal error LNK1120: 33 unresolved externals [C:\Users\egorb\OneDrive\Documentos\GitHub\xray-monolith\src\xrEngine\xrEngine.vcxproj]

========================================
BUILD FAILED with exit code 1
========================================
