============================================
  Building X-Ray Engine - Vulkan Only
  (Simple build - essential projects)
============================================

>>> Building xrCore...

  DXERR.vcxproj -> C:\Users\egorb\OneDrive\Documentos\GitHub\xray-monolith\_build\_game\bin_dbg\x64\Release\DxErr.lib
  xrCore.vcxproj -> C:\Users\egorb\OneDrive\Documentos\GitHub\xray-monolith\_build\_game\bin_dbg\x64\Release\xrCore.lib
    OK
>>> Building xrCDB...

  xrCDB.vcxproj -> C:\Users\egorb\OneDrive\Documentos\GitHub\xray-monolith\_build\_game\bin_dbg\x64\Release\xrCDB.lib
    OK
>>> Building xrSound...

  libogg_static.vcxproj -> C:\Users\egorb\OneDrive\Documentos\GitHub\xray-monolith\_build\_game\bin_dbg\x64\Release\libogg_static.lib
  libvorbis_static.vcxproj -> C:\Users\egorb\OneDrive\Documentos\GitHub\xray-monolith\_build\_game\bin_dbg\x64\Release\libvorbis_static.lib
  libvorbisfile_static.vcxproj -> C:\Users\egorb\OneDrive\Documentos\GitHub\xray-monolith\_build\_game\bin_dbg\x64\Release\libvorbisfile_static.lib
  xrSound.vcxproj -> C:\Users\egorb\OneDrive\Documentos\GitHub\xray-monolith\_build\_game\bin_dbg\x64\Release\xrSound.lib
    OK
>>> Building xrRender_Vulkan...

  vk_Visual.cpp
  vk_SkeletonStubs.cpp
  vk_SkeletonCustom.cpp
  vk_SkeletonAnimated.cpp
  vk_SkeletonRigid.cpp
  vk_SkeletonX.cpp
C:\Users\egorb\OneDrive\Documentos\GitHub\xray-monolith\src\xrcdb\ispatial.h(151,9): warning C4311: '<function-style-cast>': pointer truncation from 'ISpatial_NODE *' to 'ISpatial_NODE::ptrt' [C:\Users\egorb\OneDrive\Documentos\GitHub\xray-monolith\src\Layers\xrRenderVulkan\xrRender_Vulkan.vcxproj]
  (compiling source file '/vk_SkeletonStubs.cpp')
  
C:\Users\egorb\OneDrive\Documentos\GitHub\xray-monolith\src\xrcdb\ispatial.h(151,9): warning C4311: '<function-style-cast>': pointer truncation from 'ISpatial_NODE *' to 'ISpatial_NODE::ptrt' [C:\Users\egorb\OneDrive\Documentos\GitHub\xray-monolith\src\Layers\xrRenderVulkan\xrRender_Vulkan.vcxproj]
  (compiling source file '/vk_SkeletonAnimated.cpp')
  
C:\Users\egorb\OneDrive\Documentos\GitHub\xray-monolith\src\xrcdb\ispatial.h(151,9): warning C4311: '<function-style-cast>': pointer truncation from 'ISpatial_NODE *' to 'ISpatial_NODE::ptrt' [C:\Users\egorb\OneDrive\Documentos\GitHub\xray-monolith\src\Layers\xrRenderVulkan\xrRender_Vulkan.vcxproj]
  (compiling source file '/vk_SkeletonCustom.cpp')
  
C:\Users\egorb\OneDrive\Documentos\GitHub\xray-monolith\src\xrcdb\ispatial.h(151,9): warning C4311: '<function-style-cast>': pointer truncation from 'ISpatial_NODE *' to 'ISpatial_NODE::ptrt' [C:\Users\egorb\OneDrive\Documentos\GitHub\xray-monolith\src\Layers\xrRenderVulkan\xrRender_Vulkan.vcxproj]
  (compiling source file '/vk_SkeletonRigid.cpp')
  
C:\Users\egorb\OneDrive\Documentos\GitHub\xray-monolith\src\xrcdb\ispatial.h(151,9): warning C4311: '<function-style-cast>': pointer truncation from 'ISpatial_NODE *' to 'ISpatial_NODE::ptrt' [C:\Users\egorb\OneDrive\Documentos\GitHub\xray-monolith\src\Layers\xrRenderVulkan\xrRender_Vulkan.vcxproj]
  (compiling source file '/vk_SkeletonX.cpp')
  
C:\Users\egorb\OneDrive\Documentos\GitHub\xray-monolith\src\xrcdb\ispatial.h(151,9): warning C4302: '<function-style-cast>': truncation from 'ISpatial_NODE *' to 'ISpatial_NODE::ptrt' [C:\Users\egorb\OneDrive\Documentos\GitHub\xray-monolith\src\Layers\xrRenderVulkan\xrRender_Vulkan.vcxproj]
  (compiling source file '/vk_SkeletonStubs.cpp')
  
C:\Users\egorb\OneDrive\Documentos\GitHub\xray-monolith\src\xrcdb\ispatial.h(151,9): warning C4302: '<function-style-cast>': truncation from 'ISpatial_NODE *' to 'ISpatial_NODE::ptrt' [C:\Users\egorb\OneDrive\Documentos\GitHub\xray-monolith\src\Layers\xrRenderVulkan\xrRender_Vulkan.vcxproj]
  (compiling source file '/vk_SkeletonCustom.cpp')
  
C:\Users\egorb\OneDrive\Documentos\GitHub\xray-monolith\src\xrcdb\ispatial.h(151,9): warning C4302: '<function-style-cast>': truncation from 'ISpatial_NODE *' to 'ISpatial_NODE::ptrt' [C:\Users\egorb\OneDrive\Documentos\GitHub\xray-monolith\src\Layers\xrRenderVulkan\xrRender_Vulkan.vcxproj]
  (compiling source file '/vk_SkeletonRigid.cpp')
  
C:\Users\egorb\OneDrive\Documentos\GitHub\xray-monolith\src\xrcdb\ispatial.h(151,9): warning C4302: '<function-style-cast>': truncation from 'ISpatial_NODE *' to 'ISpatial_NODE::ptrt' [C:\Users\egorb\OneDrive\Documentos\GitHub\xray-monolith\src\Layers\xrRenderVulkan\xrRender_Vulkan.vcxproj]
  (compiling source file '/vk_SkeletonAnimated.cpp')
  
C:\Users\egorb\OneDrive\Documentos\GitHub\xray-monolith\src\xrcdb\ispatial.h(151,9): warning C4302: '<function-style-cast>': truncation from 'ISpatial_NODE *' to 'ISpatial_NODE::ptrt' [C:\Users\egorb\OneDrive\Documentos\GitHub\xray-monolith\src\Layers\xrRenderVulkan\xrRender_Vulkan.vcxproj]
  (compiling source file '/vk_SkeletonX.cpp')
  
C:\Users\egorb\OneDrive\Documentos\GitHub\xray-monolith\src\xrcdb\ispatial.h(151,29): warning C4311: '<function-style-cast>': pointer truncation from 'ISpatial_NODE *' to 'ISpatial_NODE::ptrt' [C:\Users\egorb\OneDrive\Documentos\GitHub\xray-monolith\src\Layers\xrRenderVulkan\xrRender_Vulkan.vcxproj]
  (compiling source file '/vk_SkeletonStubs.cpp')
  
C:\Users\egorb\OneDrive\Documentos\GitHub\xray-monolith\src\xrcdb\ispatial.h(151,29): warning C4311: '<function-style-cast>': pointer truncation from 'ISpatial_NODE *' to 'ISpatial_NODE::ptrt' [C:\Users\egorb\OneDrive\Documentos\GitHub\xray-monolith\src\Layers\xrRenderVulkan\xrRender_Vulkan.vcxproj]
  (compiling source file '/vk_SkeletonCustom.cpp')
  
C:\Users\egorb\OneDrive\Documentos\GitHub\xray-monolith\src\xrcdb\ispatial.h(151,29): warning C4311: '<function-style-cast>': pointer truncation from 'ISpatial_NODE *' to 'ISpatial_NODE::ptrt' [C:\Users\egorb\OneDrive\Documentos\GitHub\xray-monolith\src\Layers\xrRenderVulkan\xrRender_Vulkan.vcxproj]
  (compiling source file '/vk_SkeletonRigid.cpp')
  
C:\Users\egorb\OneDrive\Documentos\GitHub\xray-monolith\src\xrcdb\ispatial.h(151,29): warning C4311: '<function-style-cast>': pointer truncation from 'ISpatial_NODE *' to 'ISpatial_NODE::ptrt' [C:\Users\egorb\OneDrive\Documentos\GitHub\xray-monolith\src\Layers\xrRenderVulkan\xrRender_Vulkan.vcxproj]
  (compiling source file '/vk_SkeletonAnimated.cpp')
  
C:\Users\egorb\OneDrive\Documentos\GitHub\xray-monolith\src\xrcdb\ispatial.h(151,29): warning C4311: '<function-style-cast>': pointer truncation from 'ISpatial_NODE *' to 'ISpatial_NODE::ptrt' [C:\Users\egorb\OneDrive\Documentos\GitHub\xray-monolith\src\Layers\xrRenderVulkan\xrRender_Vulkan.vcxproj]
  (compiling source file '/vk_SkeletonX.cpp')
  
C:\Users\egorb\OneDrive\Documentos\GitHub\xray-monolith\src\xrcdb\ispatial.h(151,29): warning C4302: '<function-style-cast>': truncation from 'ISpatial_NODE *' to 'ISpatial_NODE::ptrt' [C:\Users\egorb\OneDrive\Documentos\GitHub\xray-monolith\src\Layers\xrRenderVulkan\xrRender_Vulkan.vcxproj]
  (compiling source file '/vk_SkeletonStubs.cpp')
  
C:\Users\egorb\OneDrive\Documentos\GitHub\xray-monolith\src\xrcdb\ispatial.h(151,29): warning C4302: '<function-style-cast>': truncation from 'ISpatial_NODE *' to 'ISpatial_NODE::ptrt' [C:\Users\egorb\OneDrive\Documentos\GitHub\xray-monolith\src\Layers\xrRenderVulkan\xrRender_Vulkan.vcxproj]
  (compiling source file '/vk_SkeletonCustom.cpp')
  
C:\Users\egorb\OneDrive\Documentos\GitHub\xray-monolith\src\xrcdb\ispatial.h(151,29): warning C4302: '<function-style-cast>': truncation from 'ISpatial_NODE *' to 'ISpatial_NODE::ptrt' [C:\Users\egorb\OneDrive\Documentos\GitHub\xray-monolith\src\Layers\xrRenderVulkan\xrRender_Vulkan.vcxproj]
  (compiling source file '/vk_SkeletonAnimated.cpp')
  
C:\Users\egorb\OneDrive\Documentos\GitHub\xray-monolith\src\xrcdb\ispatial.h(151,29): warning C4302: '<function-style-cast>': truncation from 'ISpatial_NODE *' to 'ISpatial_NODE::ptrt' [C:\Users\egorb\OneDrive\Documentos\GitHub\xray-monolith\src\Layers\xrRenderVulkan\xrRender_Vulkan.vcxproj]
  (compiling source file '/vk_SkeletonRigid.cpp')
  
C:\Users\egorb\OneDrive\Documentos\GitHub\xray-monolith\src\xrcdb\ispatial.h(151,29): warning C4302: '<function-style-cast>': truncation from 'ISpatial_NODE *' to 'ISpatial_NODE::ptrt' [C:\Users\egorb\OneDrive\Documentos\GitHub\xray-monolith\src\Layers\xrRenderVulkan\xrRender_Vulkan.vcxproj]
  (compiling source file '/vk_SkeletonX.cpp')
  
C:\Users\egorb\OneDrive\Documentos\GitHub\xray-monolith\src\xrcdb\ispatial.h(152,9): warning C4311: '<function-style-cast>': pointer truncation from 'ISpatial_NODE *' to 'ISpatial_NODE::ptrt' [C:\Users\egorb\OneDrive\Documentos\GitHub\xray-monolith\src\Layers\xrRenderVulkan\xrRender_Vulkan.vcxproj]
  (compiling source file '/vk_SkeletonStubs.cpp')
  
C:\Users\egorb\OneDrive\Documentos\GitHub\xray-monolith\src\xrcdb\ispatial.h(152,9): warning C4311: '<function-style-cast>': pointer truncation from 'ISpatial_NODE *' to 'ISpatial_NODE::ptrt' [C:\Users\egorb\OneDrive\Documentos\GitHub\xray-monolith\src\Layers\xrRenderVulkan\xrRender_Vulkan.vcxproj]
  (compiling source file '/vk_SkeletonCustom.cpp')
  
C:\Users\egorb\OneDrive\Documentos\GitHub\xray-monolith\src\xrcdb\ispatial.h(151,9): warning C4311: '<function-style-cast>': pointer truncation from 'ISpatial_NODE *' to 'ISpatial_NODE::ptrt' [C:\Users\egorb\OneDrive\Documentos\GitHub\xray-monolith\src\Layers\xrRenderVulkan\xrRender_Vulkan.vcxproj]
  (compiling source file '/vk_Visual.cpp')
  
C:\Users\egorb\OneDrive\Documentos\GitHub\xray-monolith\src\xrcdb\ispatial.h(152,9): warning C4311: '<function-style-cast>': pointer truncation from 'ISpatial_NODE *' to 'ISpatial_NODE::ptrt' [C:\Users\egorb\OneDrive\Documentos\GitHub\xray-monolith\src\Layers\xrRenderVulkan\xrRender_Vulkan.vcxproj]
  (compiling source file '/vk_SkeletonRigid.cpp')
  
C:\Users\egorb\OneDrive\Documentos\GitHub\xray-monolith\src\xrcdb\ispatial.h(152,9): warning C4311: '<function-style-cast>': pointer truncation from 'ISpatial_NODE *' to 'ISpatial_NODE::ptrt' [C:\Users\egorb\OneDrive\Documentos\GitHub\xray-monolith\src\Layers\xrRenderVulkan\xrRender_Vulkan.vcxproj]
  (compiling source file '/vk_SkeletonAnimated.cpp')
  
C:\Users\egorb\OneDrive\Documentos\GitHub\xray-monolith\src\xrcdb\ispatial.h(152,9): warning C4302: '<function-style-cast>': truncation from 'ISpatial_NODE *' to 'ISpatial_NODE::ptrt' [C:\Users\egorb\OneDrive\Documentos\GitHub\xray-monolith\src\Layers\xrRenderVulkan\xrRender_Vulkan.vcxproj]
  (compiling source file '/vk_SkeletonStubs.cpp')
  
C:\Users\egorb\OneDrive\Documentos\GitHub\xray-monolith\src\xrcdb\ispatial.h(152,9): warning C4311: '<function-style-cast>': pointer truncation from 'ISpatial_NODE *' to 'ISpatial_NODE::ptrt' [C:\Users\egorb\OneDrive\Documentos\GitHub\xray-monolith\src\Layers\xrRenderVulkan\xrRender_Vulkan.vcxproj]
  (compiling source file '/vk_SkeletonX.cpp')
  
C:\Users\egorb\OneDrive\Documentos\GitHub\xray-monolith\src\xrcdb\ispatial.h(152,9): warning C4302: '<function-style-cast>': truncation from 'ISpatial_NODE *' to 'ISpatial_NODE::ptrt' [C:\Users\egorb\OneDrive\Documentos\GitHub\xray-monolith\src\Layers\xrRenderVulkan\xrRender_Vulkan.vcxproj]
  (compiling source file '/vk_SkeletonCustom.cpp')
  
C:\Users\egorb\OneDrive\Documentos\GitHub\xray-monolith\src\xrcdb\ispatial.h(151,9): warning C4302: '<function-style-cast>': truncation from 'ISpatial_NODE *' to 'ISpatial_NODE::ptrt' [C:\Users\egorb\OneDrive\Documentos\GitHub\xray-monolith\src\Layers\xrRenderVulkan\xrRender_Vulkan.vcxproj]
  (compiling source file '/vk_Visual.cpp')
  
C:\Users\egorb\OneDrive\Documentos\GitHub\xray-monolith\src\xrcdb\ispatial.h(152,29): warning C4311: '<function-style-cast>': pointer truncation from 'ISpatial_NODE *' to 'ISpatial_NODE::ptrt' [C:\Users\egorb\OneDrive\Documentos\GitHub\xray-monolith\src\Layers\xrRenderVulkan\xrRender_Vulkan.vcxproj]
  (compiling source file '/vk_SkeletonStubs.cpp')
  
C:\Users\egorb\OneDrive\Documentos\GitHub\xray-monolith\src\xrcdb\ispatial.h(152,9): warning C4302: '<function-style-cast>': truncation from 'ISpatial_NODE *' to 'ISpatial_NODE::ptrt' [C:\Users\egorb\OneDrive\Documentos\GitHub\xray-monolith\src\Layers\xrRenderVulkan\xrRender_Vulkan.vcxproj]
  (compiling source file '/vk_SkeletonRigid.cpp')
  
C:\Users\egorb\OneDrive\Documentos\GitHub\xray-monolith\src\xrcdb\ispatial.h(152,9): warning C4302: '<function-style-cast>': truncation from 'ISpatial_NODE *' to 'ISpatial_NODE::ptrt' [C:\Users\egorb\OneDrive\Documentos\GitHub\xray-monolith\src\Layers\xrRenderVulkan\xrRender_Vulkan.vcxproj]
  (compiling source file '/vk_SkeletonAnimated.cpp')
  
C:\Users\egorb\OneDrive\Documentos\GitHub\xray-monolith\src\xrcdb\ispatial.h(152,9): warning C4302: '<function-style-cast>': truncation from 'ISpatial_NODE *' to 'ISpatial_NODE::ptrt' [C:\Users\egorb\OneDrive\Documentos\GitHub\xray-monolith\src\Layers\xrRenderVulkan\xrRender_Vulkan.vcxproj]
  (compiling source file '/vk_SkeletonX.cpp')
  
C:\Users\egorb\OneDrive\Documentos\GitHub\xray-monolith\src\xrcdb\ispatial.h(151,29): warning C4311: '<function-style-cast>': pointer truncation from 'ISpatial_NODE *' to 'ISpatial_NODE::ptrt' [C:\Users\egorb\OneDrive\Documentos\GitHub\xray-monolith\src\Layers\xrRenderVulkan\xrRender_Vulkan.vcxproj]
  (compiling source file '/vk_Visual.cpp')
  
C:\Users\egorb\OneDrive\Documentos\GitHub\xray-monolith\src\xrcdb\ispatial.h(152,29): warning C4311: '<function-style-cast>': pointer truncation from 'ISpatial_NODE *' to 'ISpatial_NODE::ptrt' [C:\Users\egorb\OneDrive\Documentos\GitHub\xray-monolith\src\Layers\xrRenderVulkan\xrRender_Vulkan.vcxproj]
  (compiling source file '/vk_SkeletonCustom.cpp')
  
C:\Users\egorb\OneDrive\Documentos\GitHub\xray-monolith\src\xrcdb\ispatial.h(152,29): warning C4302: '<function-style-cast>': truncation from 'ISpatial_NODE *' to 'ISpatial_NODE::ptrt' [C:\Users\egorb\OneDrive\Documentos\GitHub\xray-monolith\src\Layers\xrRenderVulkan\xrRender_Vulkan.vcxproj]
  (compiling source file '/vk_SkeletonStubs.cpp')
  
C:\Users\egorb\OneDrive\Documentos\GitHub\xray-monolith\src\xrcdb\ispatial.h(152,29): warning C4311: '<function-style-cast>': pointer truncation from 'ISpatial_NODE *' to 'ISpatial_NODE::ptrt' [C:\Users\egorb\OneDrive\Documentos\GitHub\xray-monolith\src\Layers\xrRenderVulkan\xrRender_Vulkan.vcxproj]
  (compiling source file '/vk_SkeletonRigid.cpp')
  
C:\Users\egorb\OneDrive\Documentos\GitHub\xray-monolith\src\xrcdb\ispatial.h(151,29): warning C4302: '<function-style-cast>': truncation from 'ISpatial_NODE *' to 'ISpatial_NODE::ptrt' [C:\Users\egorb\OneDrive\Documentos\GitHub\xray-monolith\src\Layers\xrRenderVulkan\xrRender_Vulkan.vcxproj]
  (compiling source file '/vk_Visual.cpp')
  
C:\Users\egorb\OneDrive\Documentos\GitHub\xray-monolith\src\xrcdb\ispatial.h(152,29): warning C4311: '<function-style-cast>': pointer truncation from 'ISpatial_NODE *' to 'ISpatial_NODE::ptrt' [C:\Users\egorb\OneDrive\Documentos\GitHub\xray-monolith\src\Layers\xrRenderVulkan\xrRender_Vulkan.vcxproj]
  (compiling source file '/vk_SkeletonX.cpp')
  
C:\Users\egorb\OneDrive\Documentos\GitHub\xray-monolith\src\xrcdb\ispatial.h(152,29): warning C4302: '<function-style-cast>': truncation from 'ISpatial_NODE *' to 'ISpatial_NODE::ptrt' [C:\Users\egorb\OneDrive\Documentos\GitHub\xray-monolith\src\Layers\xrRenderVulkan\xrRender_Vulkan.vcxproj]
  (compiling source file '/vk_SkeletonCustom.cpp')
  
C:\Users\egorb\OneDrive\Documentos\GitHub\xray-monolith\src\xrcdb\ispatial.h(152,29): warning C4311: '<function-style-cast>': pointer truncation from 'ISpatial_NODE *' to 'ISpatial_NODE::ptrt' [C:\Users\egorb\OneDrive\Documentos\GitHub\xray-monolith\src\Layers\xrRenderVulkan\xrRender_Vulkan.vcxproj]
  (compiling source file '/vk_SkeletonAnimated.cpp')
  
C:\Users\egorb\OneDrive\Documentos\GitHub\xray-monolith\src\xrcdb\ispatial.h(153,9): warning C4311: '<function-style-cast>': pointer truncation from 'ISpatial_NODE *' to 'ISpatial_NODE::ptrt' [C:\Users\egorb\OneDrive\Documentos\GitHub\xray-monolith\src\Layers\xrRenderVulkan\xrRender_Vulkan.vcxproj]
  (compiling source file '/vk_SkeletonStubs.cpp')
  
C:\Users\egorb\OneDrive\Documentos\GitHub\xray-monolith\src\xrcdb\ispatial.h(152,29): warning C4302: '<function-style-cast>': truncation from 'ISpatial_NODE *' to 'ISpatial_NODE::ptrt' [C:\Users\egorb\OneDrive\Documentos\GitHub\xray-monolith\src\Layers\xrRenderVulkan\xrRender_Vulkan.vcxproj]
  (compiling source file '/vk_SkeletonRigid.cpp')
  
C:\Users\egorb\OneDrive\Documentos\GitHub\xray-monolith\src\xrcdb\ispatial.h(152,9): warning C4311: '<function-style-cast>': pointer truncation from 'ISpatial_NODE *' to 'ISpatial_NODE::ptrt' [C:\Users\egorb\OneDrive\Documentos\GitHub\xray-monolith\src\Layers\xrRenderVulkan\xrRender_Vulkan.vcxproj]
  (compiling source file '/vk_Visual.cpp')
  
C:\Users\egorb\OneDrive\Documentos\GitHub\xray-monolith\src\xrcdb\ispatial.h(152,29): warning C4302: '<function-style-cast>': truncation from 'ISpatial_NODE *' to 'ISpatial_NODE::ptrt' [C:\Users\egorb\OneDrive\Documentos\GitHub\xray-monolith\src\Layers\xrRenderVulkan\xrRender_Vulkan.vcxproj]
  (compiling source file '/vk_SkeletonX.cpp')
  
C:\Users\egorb\OneDrive\Documentos\GitHub\xray-monolith\src\xrcdb\ispatial.h(153,9): warning C4311: '<function-style-cast>': pointer truncation from 'ISpatial_NODE *' to 'ISpatial_NODE::ptrt' [C:\Users\egorb\OneDrive\Documentos\GitHub\xray-monolith\src\Layers\xrRenderVulkan\xrRender_Vulkan.vcxproj]
  (compiling source file '/vk_SkeletonCustom.cpp')
  
C:\Users\egorb\OneDrive\Documentos\GitHub\xray-monolith\src\xrcdb\ispatial.h(152,29): warning C4302: '<function-style-cast>': truncation from 'ISpatial_NODE *' to 'ISpatial_NODE::ptrt' [C:\Users\egorb\OneDrive\Documentos\GitHub\xray-monolith\src\Layers\xrRenderVulkan\xrRender_Vulkan.vcxproj]
  (compiling source file '/vk_SkeletonAnimated.cpp')
  
C:\Users\egorb\OneDrive\Documentos\GitHub\xray-monolith\src\xrcdb\ispatial.h(153,9): warning C4311: '<function-style-cast>': pointer truncation from 'ISpatial_NODE *' to 'ISpatial_NODE::ptrt' [C:\Users\egorb\OneDrive\Documentos\GitHub\xray-monolith\src\Layers\xrRenderVulkan\xrRender_Vulkan.vcxproj]
  (compiling source file '/vk_SkeletonRigid.cpp')
  
C:\Users\egorb\OneDrive\Documentos\GitHub\xray-monolith\src\xrcdb\ispatial.h(153,9): warning C4302: '<function-style-cast>': truncation from 'ISpatial_NODE *' to 'ISpatial_NODE::ptrt' [C:\Users\egorb\OneDrive\Documentos\GitHub\xray-monolith\src\Layers\xrRenderVulkan\xrRender_Vulkan.vcxproj]
  (compiling source file '/vk_SkeletonStubs.cpp')
  
C:\Users\egorb\OneDrive\Documentos\GitHub\xray-monolith\src\xrcdb\ispatial.h(152,9): warning C4302: '<function-style-cast>': truncation from 'ISpatial_NODE *' to 'ISpatial_NODE::ptrt' [C:\Users\egorb\OneDrive\Documentos\GitHub\xray-monolith\src\Layers\xrRenderVulkan\xrRender_Vulkan.vcxproj]
  (compiling source file '/vk_Visual.cpp')
  
C:\Users\egorb\OneDrive\Documentos\GitHub\xray-monolith\src\xrcdb\ispatial.h(153,9): warning C4302: '<function-style-cast>': truncation from 'ISpatial_NODE *' to 'ISpatial_NODE::ptrt' [C:\Users\egorb\OneDrive\Documentos\GitHub\xray-monolith\src\Layers\xrRenderVulkan\xrRender_Vulkan.vcxproj]
  (compiling source file '/vk_SkeletonCustom.cpp')
  
C:\Users\egorb\OneDrive\Documentos\GitHub\xray-monolith\src\xrcdb\ispatial.h(153,9): warning C4311: '<function-style-cast>': pointer truncation from 'ISpatial_NODE *' to 'ISpatial_NODE::ptrt' [C:\Users\egorb\OneDrive\Documentos\GitHub\xray-monolith\src\Layers\xrRenderVulkan\xrRender_Vulkan.vcxproj]
  (compiling source file '/vk_SkeletonX.cpp')
  
C:\Users\egorb\OneDrive\Documentos\GitHub\xray-monolith\src\xrcdb\ispatial.h(153,9): warning C4311: '<function-style-cast>': pointer truncation from 'ISpatial_NODE *' to 'ISpatial_NODE::ptrt' [C:\Users\egorb\OneDrive\Documentos\GitHub\xray-monolith\src\Layers\xrRenderVulkan\xrRender_Vulkan.vcxproj]
  (compiling source file '/vk_SkeletonAnimated.cpp')
  
C:\Users\egorb\OneDrive\Documentos\GitHub\xray-monolith\src\xrcdb\ispatial.h(153,9): warning C4302: '<function-style-cast>': truncation from 'ISpatial_NODE *' to 'ISpatial_NODE::ptrt' [C:\Users\egorb\OneDrive\Documentos\GitHub\xray-monolith\src\Layers\xrRenderVulkan\xrRender_Vulkan.vcxproj]
  (compiling source file '/vk_SkeletonRigid.cpp')
  
C:\Users\egorb\OneDrive\Documentos\GitHub\xray-monolith\src\xrcdb\ispatial.h(153,29): warning C4311: '<function-style-cast>': pointer truncation from 'ISpatial_NODE *' to 'ISpatial_NODE::ptrt' [C:\Users\egorb\OneDrive\Documentos\GitHub\xray-monolith\src\Layers\xrRenderVulkan\xrRender_Vulkan.vcxproj]
  (compiling source file '/vk_SkeletonStubs.cpp')
  
C:\Users\egorb\OneDrive\Documentos\GitHub\xray-monolith\src\xrcdb\ispatial.h(152,29): warning C4311: '<function-style-cast>': pointer truncation from 'ISpatial_NODE *' to 'ISpatial_NODE::ptrt' [C:\Users\egorb\OneDrive\Documentos\GitHub\xray-monolith\src\Layers\xrRenderVulkan\xrRender_Vulkan.vcxproj]
  (compiling source file '/vk_Visual.cpp')
  
C:\Users\egorb\OneDrive\Documentos\GitHub\xray-monolith\src\xrcdb\ispatial.h(153,29): warning C4311: '<function-style-cast>': pointer truncation from 'ISpatial_NODE *' to 'ISpatial_NODE::ptrt' [C:\Users\egorb\OneDrive\Documentos\GitHub\xray-monolith\src\Layers\xrRenderVulkan\xrRender_Vulkan.vcxproj]
  (compiling source file '/vk_SkeletonCustom.cpp')
  
C:\Users\egorb\OneDrive\Documentos\GitHub\xray-monolith\src\xrcdb\ispatial.h(153,9): warning C4302: '<function-style-cast>': truncation from 'ISpatial_NODE *' to 'ISpatial_NODE::ptrt' [C:\Users\egorb\OneDrive\Documentos\GitHub\xray-monolith\src\Layers\xrRenderVulkan\xrRender_Vulkan.vcxproj]
  (compiling source file '/vk_SkeletonAnimated.cpp')
  
C:\Users\egorb\OneDrive\Documentos\GitHub\xray-monolith\src\xrcdb\ispatial.h(153,29): warning C4302: '<function-style-cast>': truncation from 'ISpatial_NODE *' to 'ISpatial_NODE::ptrt' [C:\Users\egorb\OneDrive\Documentos\GitHub\xray-monolith\src\Layers\xrRenderVulkan\xrRender_Vulkan.vcxproj]
  (compiling source file '/vk_SkeletonStubs.cpp')
  
C:\Users\egorb\OneDrive\Documentos\GitHub\xray-monolith\src\xrcdb\ispatial.h(153,9): warning C4302: '<function-style-cast>': truncation from 'ISpatial_NODE *' to 'ISpatial_NODE::ptrt' [C:\Users\egorb\OneDrive\Documentos\GitHub\xray-monolith\src\Layers\xrRenderVulkan\xrRender_Vulkan.vcxproj]
  (compiling source file '/vk_SkeletonX.cpp')
  
C:\Users\egorb\OneDrive\Documentos\GitHub\xray-monolith\src\xrcdb\ispatial.h(153,29): warning C4311: '<function-style-cast>': pointer truncation from 'ISpatial_NODE *' to 'ISpatial_NODE::ptrt' [C:\Users\egorb\OneDrive\Documentos\GitHub\xray-monolith\src\Layers\xrRenderVulkan\xrRender_Vulkan.vcxproj]
  (compiling source file '/vk_SkeletonRigid.cpp')
  
C:\Users\egorb\OneDrive\Documentos\GitHub\xray-monolith\src\xrcdb\ispatial.h(152,29): warning C4302: '<function-style-cast>': truncation from 'ISpatial_NODE *' to 'ISpatial_NODE::ptrt' [C:\Users\egorb\OneDrive\Documentos\GitHub\xray-monolith\src\Layers\xrRenderVulkan\xrRender_Vulkan.vcxproj]
  (compiling source file '/vk_Visual.cpp')
  
C:\Users\egorb\OneDrive\Documentos\GitHub\xray-monolith\src\xrcdb\ispatial.h(153,29): warning C4302: '<function-style-cast>': truncation from 'ISpatial_NODE *' to 'ISpatial_NODE::ptrt' [C:\Users\egorb\OneDrive\Documentos\GitHub\xray-monolith\src\Layers\xrRenderVulkan\xrRender_Vulkan.vcxproj]
  (compiling source file '/vk_SkeletonCustom.cpp')
  
C:\Users\egorb\OneDrive\Documentos\GitHub\xray-monolith\src\xrcdb\ispatial.h(154,9): warning C4311: '<function-style-cast>': pointer truncation from 'ISpatial_NODE *' to 'ISpatial_NODE::ptrt' [C:\Users\egorb\OneDrive\Documentos\GitHub\xray-monolith\src\Layers\xrRenderVulkan\xrRender_Vulkan.vcxproj]
  (compiling source file '/vk_SkeletonStubs.cpp')
  
C:\Users\egorb\OneDrive\Documentos\GitHub\xray-monolith\src\xrcdb\ispatial.h(153,29): warning C4311: '<function-style-cast>': pointer truncation from 'ISpatial_NODE *' to 'ISpatial_NODE::ptrt' [C:\Users\egorb\OneDrive\Documentos\GitHub\xray-monolith\src\Layers\xrRenderVulkan\xrRender_Vulkan.vcxproj]
  (compiling source file '/vk_SkeletonX.cpp')
  
C:\Users\egorb\OneDrive\Documentos\GitHub\xray-monolith\src\xrcdb\ispatial.h(153,29): warning C4311: '<function-style-cast>': pointer truncation from 'ISpatial_NODE *' to 'ISpatial_NODE::ptrt' [C:\Users\egorb\OneDrive\Documentos\GitHub\xray-monolith\src\Layers\xrRenderVulkan\xrRender_Vulkan.vcxproj]
  (compiling source file '/vk_SkeletonAnimated.cpp')
  
C:\Users\egorb\OneDrive\Documentos\GitHub\xray-monolith\src\xrcdb\ispatial.h(153,29): warning C4302: '<function-style-cast>': truncation from 'ISpatial_NODE *' to 'ISpatial_NODE::ptrt' [C:\Users\egorb\OneDrive\Documentos\GitHub\xray-monolith\src\Layers\xrRenderVulkan\xrRender_Vulkan.vcxproj]
  (compiling source file '/vk_SkeletonRigid.cpp')
  
C:\Users\egorb\OneDrive\Documentos\GitHub\xray-monolith\src\xrcdb\ispatial.h(154,9): warning C4311: '<function-style-cast>': pointer truncation from 'ISpatial_NODE *' to 'ISpatial_NODE::ptrt' [C:\Users\egorb\OneDrive\Documentos\GitHub\xray-monolith\src\Layers\xrRenderVulkan\xrRender_Vulkan.vcxproj]
  (compiling source file '/vk_SkeletonCustom.cpp')
  
C:\Users\egorb\OneDrive\Documentos\GitHub\xray-monolith\src\xrcdb\ispatial.h(153,9): warning C4311: '<function-style-cast>': pointer truncation from 'ISpatial_NODE *' to 'ISpatial_NODE::ptrt' [C:\Users\egorb\OneDrive\Documentos\GitHub\xray-monolith\src\Layers\xrRenderVulkan\xrRender_Vulkan.vcxproj]
  (compiling source file '/vk_Visual.cpp')
  
C:\Users\egorb\OneDrive\Documentos\GitHub\xray-monolith\src\xrcdb\ispatial.h(154,9): warning C4302: '<function-style-cast>': truncation from 'ISpatial_NODE *' to 'ISpatial_NODE::ptrt' [C:\Users\egorb\OneDrive\Documentos\GitHub\xray-monolith\src\Layers\xrRenderVulkan\xrRender_Vulkan.vcxproj]
  (compiling source file '/vk_SkeletonStubs.cpp')
  
C:\Users\egorb\OneDrive\Documentos\GitHub\xray-monolith\src\xrcdb\ispatial.h(153,29): warning C4302: '<function-style-cast>': truncation from 'ISpatial_NODE *' to 'ISpatial_NODE::ptrt' [C:\Users\egorb\OneDrive\Documentos\GitHub\xray-monolith\src\Layers\xrRenderVulkan\xrRender_Vulkan.vcxproj]
  (compiling source file '/vk_SkeletonX.cpp')
  
C:\Users\egorb\OneDrive\Documentos\GitHub\xray-monolith\src\xrcdb\ispatial.h(153,29): warning C4302: '<function-style-cast>': truncation from 'ISpatial_NODE *' to 'ISpatial_NODE::ptrt' [C:\Users\egorb\OneDrive\Documentos\GitHub\xray-monolith\src\Layers\xrRenderVulkan\xrRender_Vulkan.vcxproj]
  (compiling source file '/vk_SkeletonAnimated.cpp')
  
C:\Users\egorb\OneDrive\Documentos\GitHub\xray-monolith\src\xrcdb\ispatial.h(154,9): warning C4302: '<function-style-cast>': truncation from 'ISpatial_NODE *' to 'ISpatial_NODE::ptrt' [C:\Users\egorb\OneDrive\Documentos\GitHub\xray-monolith\src\Layers\xrRenderVulkan\xrRender_Vulkan.vcxproj]
  (compiling source file '/vk_SkeletonCustom.cpp')
  
C:\Users\egorb\OneDrive\Documentos\GitHub\xray-monolith\src\xrcdb\ispatial.h(154,9): warning C4311: '<function-style-cast>': pointer truncation from 'ISpatial_NODE *' to 'ISpatial_NODE::ptrt' [C:\Users\egorb\OneDrive\Documentos\GitHub\xray-monolith\src\Layers\xrRenderVulkan\xrRender_Vulkan.vcxproj]
  (compiling source file '/vk_SkeletonRigid.cpp')
  
C:\Users\egorb\OneDrive\Documentos\GitHub\xray-monolith\src\xrcdb\ispatial.h(153,9): warning C4302: '<function-style-cast>': truncation from 'ISpatial_NODE *' to 'ISpatial_NODE::ptrt' [C:\Users\egorb\OneDrive\Documentos\GitHub\xray-monolith\src\Layers\xrRenderVulkan\xrRender_Vulkan.vcxproj]
  (compiling source file '/vk_Visual.cpp')
  
C:\Users\egorb\OneDrive\Documentos\GitHub\xray-monolith\src\xrcdb\ispatial.h(154,29): warning C4311: '<function-style-cast>': pointer truncation from 'ISpatial_NODE *' to 'ISpatial_NODE::ptrt' [C:\Users\egorb\OneDrive\Documentos\GitHub\xray-monolith\src\Layers\xrRenderVulkan\xrRender_Vulkan.vcxproj]
  (compiling source file '/vk_SkeletonStubs.cpp')
  
C:\Users\egorb\OneDrive\Documentos\GitHub\xray-monolith\src\xrcdb\ispatial.h(154,9): warning C4311: '<function-style-cast>': pointer truncation from 'ISpatial_NODE *' to 'ISpatial_NODE::ptrt' [C:\Users\egorb\OneDrive\Documentos\GitHub\xray-monolith\src\Layers\xrRenderVulkan\xrRender_Vulkan.vcxproj]
  (compiling source file '/vk_SkeletonAnimated.cpp')
  
C:\Users\egorb\OneDrive\Documentos\GitHub\xray-monolith\src\xrcdb\ispatial.h(154,9): warning C4311: '<function-style-cast>': pointer truncation from 'ISpatial_NODE *' to 'ISpatial_NODE::ptrt' [C:\Users\egorb\OneDrive\Documentos\GitHub\xray-monolith\src\Layers\xrRenderVulkan\xrRender_Vulkan.vcxproj]
  (compiling source file '/vk_SkeletonX.cpp')
  
C:\Users\egorb\OneDrive\Documentos\GitHub\xray-monolith\src\xrcdb\ispatial.h(154,29): warning C4311: '<function-style-cast>': pointer truncation from 'ISpatial_NODE *' to 'ISpatial_NODE::ptrt' [C:\Users\egorb\OneDrive\Documentos\GitHub\xray-monolith\src\Layers\xrRenderVulkan\xrRender_Vulkan.vcxproj]
  (compiling source file '/vk_SkeletonCustom.cpp')
  
C:\Users\egorb\OneDrive\Documentos\GitHub\xray-monolith\src\xrcdb\ispatial.h(154,9): warning C4302: '<function-style-cast>': truncation from 'ISpatial_NODE *' to 'ISpatial_NODE::ptrt' [C:\Users\egorb\OneDrive\Documentos\GitHub\xray-monolith\src\Layers\xrRenderVulkan\xrRender_Vulkan.vcxproj]
  (compiling source file '/vk_SkeletonRigid.cpp')
  
C:\Users\egorb\OneDrive\Documentos\GitHub\xray-monolith\src\xrcdb\ispatial.h(154,29): warning C4302: '<function-style-cast>': truncation from 'ISpatial_NODE *' to 'ISpatial_NODE::ptrt' [C:\Users\egorb\OneDrive\Documentos\GitHub\xray-monolith\src\Layers\xrRenderVulkan\xrRender_Vulkan.vcxproj]
  (compiling source file '/vk_SkeletonStubs.cpp')
  
C:\Users\egorb\OneDrive\Documentos\GitHub\xray-monolith\src\xrcdb\ispatial.h(153,29): warning C4311: '<function-style-cast>': pointer truncation from 'ISpatial_NODE *' to 'ISpatial_NODE::ptrt' [C:\Users\egorb\OneDrive\Documentos\GitHub\xray-monolith\src\Layers\xrRenderVulkan\xrRender_Vulkan.vcxproj]
  (compiling source file '/vk_Visual.cpp')
  
C:\Users\egorb\OneDrive\Documentos\GitHub\xray-monolith\src\xrcdb\ispatial.h(154,9): warning C4302: '<function-style-cast>': truncation from 'ISpatial_NODE *' to 'ISpatial_NODE::ptrt' [C:\Users\egorb\OneDrive\Documentos\GitHub\xray-monolith\src\Layers\xrRenderVulkan\xrRender_Vulkan.vcxproj]
  (compiling source file '/vk_SkeletonAnimated.cpp')
  
C:\Users\egorb\OneDrive\Documentos\GitHub\xray-monolith\src\xrcdb\ispatial.h(154,29): warning C4302: '<function-style-cast>': truncation from 'ISpatial_NODE *' to 'ISpatial_NODE::ptrt' [C:\Users\egorb\OneDrive\Documentos\GitHub\xray-monolith\src\Layers\xrRenderVulkan\xrRender_Vulkan.vcxproj]
  (compiling source file '/vk_SkeletonCustom.cpp')
  
C:\Users\egorb\OneDrive\Documentos\GitHub\xray-monolith\src\xrcdb\ispatial.h(154,9): warning C4302: '<function-style-cast>': truncation from 'ISpatial_NODE *' to 'ISpatial_NODE::ptrt' [C:\Users\egorb\OneDrive\Documentos\GitHub\xray-monolith\src\Layers\xrRenderVulkan\xrRender_Vulkan.vcxproj]
  (compiling source file '/vk_SkeletonX.cpp')
  
C:\Users\egorb\OneDrive\Documentos\GitHub\xray-monolith\src\xrcdb\ispatial.h(154,29): warning C4311: '<function-style-cast>': pointer truncation from 'ISpatial_NODE *' to 'ISpatial_NODE::ptrt' [C:\Users\egorb\OneDrive\Documentos\GitHub\xray-monolith\src\Layers\xrRenderVulkan\xrRender_Vulkan.vcxproj]
  (compiling source file '/vk_SkeletonRigid.cpp')
  
C:\Users\egorb\OneDrive\Documentos\GitHub\xray-monolith\src\xrcdb\ispatial.h(153,29): warning C4302: '<function-style-cast>': truncation from 'ISpatial_NODE *' to 'ISpatial_NODE::ptrt' [C:\Users\egorb\OneDrive\Documentos\GitHub\xray-monolith\src\Layers\xrRenderVulkan\xrRender_Vulkan.vcxproj]
  (compiling source file '/vk_Visual.cpp')
  
C:\Users\egorb\OneDrive\Documentos\GitHub\xray-monolith\src\xrcdb\ispatial.h(154,29): warning C4311: '<function-style-cast>': pointer truncation from 'ISpatial_NODE *' to 'ISpatial_NODE::ptrt' [C:\Users\egorb\OneDrive\Documentos\GitHub\xray-monolith\src\Layers\xrRenderVulkan\xrRender_Vulkan.vcxproj]
  (compiling source file '/vk_SkeletonAnimated.cpp')
  
C:\Users\egorb\OneDrive\Documentos\GitHub\xray-monolith\src\xrcdb\ispatial.h(154,29): warning C4302: '<function-style-cast>': truncation from 'ISpatial_NODE *' to 'ISpatial_NODE::ptrt' [C:\Users\egorb\OneDrive\Documentos\GitHub\xray-monolith\src\Layers\xrRenderVulkan\xrRender_Vulkan.vcxproj]
  (compiling source file '/vk_SkeletonRigid.cpp')
  
C:\Users\egorb\OneDrive\Documentos\GitHub\xray-monolith\src\xrcdb\ispatial.h(154,29): warning C4311: '<function-style-cast>': pointer truncation from 'ISpatial_NODE *' to 'ISpatial_NODE::ptrt' [C:\Users\egorb\OneDrive\Documentos\GitHub\xray-monolith\src\Layers\xrRenderVulkan\xrRender_Vulkan.vcxproj]
  (compiling source file '/vk_SkeletonX.cpp')
  
C:\Users\egorb\OneDrive\Documentos\GitHub\xray-monolith\src\xrcdb\ispatial.h(154,9): warning C4311: '<function-style-cast>': pointer truncation from 'ISpatial_NODE *' to 'ISpatial_NODE::ptrt' [C:\Users\egorb\OneDrive\Documentos\GitHub\xray-monolith\src\Layers\xrRenderVulkan\xrRender_Vulkan.vcxproj]
  (compiling source file '/vk_Visual.cpp')
  
C:\Users\egorb\OneDrive\Documentos\GitHub\xray-monolith\src\xrcdb\ispatial.h(154,29): warning C4302: '<function-style-cast>': truncation from 'ISpatial_NODE *' to 'ISpatial_NODE::ptrt' [C:\Users\egorb\OneDrive\Documentos\GitHub\xray-monolith\src\Layers\xrRenderVulkan\xrRender_Vulkan.vcxproj]
  (compiling source file '/vk_SkeletonAnimated.cpp')
  
C:\Users\egorb\OneDrive\Documentos\GitHub\xray-monolith\src\xrcdb\ispatial.h(154,29): warning C4302: '<function-style-cast>': truncation from 'ISpatial_NODE *' to 'ISpatial_NODE::ptrt' [C:\Users\egorb\OneDrive\Documentos\GitHub\xray-monolith\src\Layers\xrRenderVulkan\xrRender_Vulkan.vcxproj]
  (compiling source file '/vk_SkeletonX.cpp')
  
C:\Users\egorb\OneDrive\Documentos\GitHub\xray-monolith\src\xrcdb\ispatial.h(154,9): warning C4302: '<function-style-cast>': truncation from 'ISpatial_NODE *' to 'ISpatial_NODE::ptrt' [C:\Users\egorb\OneDrive\Documentos\GitHub\xray-monolith\src\Layers\xrRenderVulkan\xrRender_Vulkan.vcxproj]
  (compiling source file '/vk_Visual.cpp')
  
C:\Users\egorb\OneDrive\Documentos\GitHub\xray-monolith\src\xrcdb\ispatial.h(154,29): warning C4311: '<function-style-cast>': pointer truncation from 'ISpatial_NODE *' to 'ISpatial_NODE::ptrt' [C:\Users\egorb\OneDrive\Documentos\GitHub\xray-monolith\src\Layers\xrRenderVulkan\xrRender_Vulkan.vcxproj]
  (compiling source file '/vk_Visual.cpp')
  
C:\Users\egorb\OneDrive\Documentos\GitHub\xray-monolith\src\xrcdb\ispatial.h(154,29): warning C4302: '<function-style-cast>': truncation from 'ISpatial_NODE *' to 'ISpatial_NODE::ptrt' [C:\Users\egorb\OneDrive\Documentos\GitHub\xray-monolith\src\Layers\xrRenderVulkan\xrRender_Vulkan.vcxproj]
  (compiling source file '/vk_Visual.cpp')
  
C:\Users\egorb\OneDrive\Documentos\GitHub\xray-monolith\src\Layers\xrRender\sh_atomic.h(30,18): error C2143: syntax error: missing ';' before '*' [C:\Users\egorb\OneDrive\Documentos\GitHub\xray-monolith\src\Layers\xrRenderVulkan\xrRender_Vulkan.vcxproj]
  (compiling source file '/vk_SkeletonRigid.cpp')
  
C:\Users\egorb\OneDrive\Documentos\GitHub\xray-monolith\src\Layers\xrRender\sh_atomic.h(30,18): error C2143: syntax error: missing ';' before '*' [C:\Users\egorb\OneDrive\Documentos\GitHub\xray-monolith\src\Layers\xrRenderVulkan\xrRender_Vulkan.vcxproj]
  (compiling source file '/vk_SkeletonCustom.cpp')
  
C:\Users\egorb\OneDrive\Documentos\GitHub\xray-monolith\src\Layers\xrRender\sh_atomic.h(30,18): error C2143: syntax error: missing ';' before '*' [C:\Users\egorb\OneDrive\Documentos\GitHub\xray-monolith\src\Layers\xrRenderVulkan\xrRender_Vulkan.vcxproj]
  (compiling source file '/vk_SkeletonAnimated.cpp')
  
C:\Users\egorb\OneDrive\Documentos\GitHub\xray-monolith\src\Layers\xrRender\sh_atomic.h(30,18): error C2143: syntax error: missing ';' before '*' [C:\Users\egorb\OneDrive\Documentos\GitHub\xray-monolith\src\Layers\xrRenderVulkan\xrRender_Vulkan.vcxproj]
  (compiling source file '/vk_SkeletonStubs.cpp')
  
C:\Users\egorb\OneDrive\Documentos\GitHub\xray-monolith\src\Layers\xrRender\sh_atomic.h(30,18): error C2143: syntax error: missing ';' before '*' [C:\Users\egorb\OneDrive\Documentos\GitHub\xray-monolith\src\Layers\xrRenderVulkan\xrRender_Vulkan.vcxproj]
  (compiling source file '/vk_SkeletonX.cpp')
  
C:\Users\egorb\OneDrive\Documentos\GitHub\xray-monolith\src\Layers\xrRender\sh_atomic.h(30,2): error C4430: missing type specifier - int assumed. Note: C++ does not support default-int [C:\Users\egorb\OneDrive\Documentos\GitHub\xray-monolith\src\Layers\xrRenderVulkan\xrRender_Vulkan.vcxproj]
  (compiling source file '/vk_SkeletonCustom.cpp')
  
C:\Users\egorb\OneDrive\Documentos\GitHub\xray-monolith\src\Layers\xrRender\sh_atomic.h(30,2): error C4430: missing type specifier - int assumed. Note: C++ does not support default-int [C:\Users\egorb\OneDrive\Documentos\GitHub\xray-monolith\src\Layers\xrRenderVulkan\xrRender_Vulkan.vcxproj]
  (compiling source file '/vk_SkeletonX.cpp')
  
C:\Users\egorb\OneDrive\Documentos\GitHub\xray-monolith\src\Layers\xrRender\sh_atomic.h(30,2): error C4430: missing type specifier - int assumed. Note: C++ does not support default-int [C:\Users\egorb\OneDrive\Documentos\GitHub\xray-monolith\src\Layers\xrRenderVulkan\xrRender_Vulkan.vcxproj]
  (compiling source file '/vk_SkeletonAnimated.cpp')
  
C:\Users\egorb\OneDrive\Documentos\GitHub\xray-monolith\src\Layers\xrRender\sh_atomic.h(30,2): error C4430: missing type specifier - int assumed. Note: C++ does not support default-int [C:\Users\egorb\OneDrive\Documentos\GitHub\xray-monolith\src\Layers\xrRenderVulkan\xrRender_Vulkan.vcxproj]
  (compiling source file '/vk_SkeletonRigid.cpp')
  
C:\Users\egorb\OneDrive\Documentos\GitHub\xray-monolith\src\Layers\xrRender\sh_atomic.h(30,2): error C4430: missing type specifier - int assumed. Note: C++ does not support default-int [C:\Users\egorb\OneDrive\Documentos\GitHub\xray-monolith\src\Layers\xrRenderVulkan\xrRender_Vulkan.vcxproj]
  (compiling source file '/vk_SkeletonStubs.cpp')
  
C:\Users\egorb\OneDrive\Documentos\GitHub\xray-monolith\src\Layers\xrRender\sh_atomic.h(30,22): error C2238: unexpected token(s) preceding ';' [C:\Users\egorb\OneDrive\Documentos\GitHub\xray-monolith\src\Layers\xrRenderVulkan\xrRender_Vulkan.vcxproj]
  (compiling source file '/vk_SkeletonX.cpp')
  
C:\Users\egorb\OneDrive\Documentos\GitHub\xray-monolith\src\Layers\xrRender\sh_atomic.h(30,22): error C2238: unexpected token(s) preceding ';' [C:\Users\egorb\OneDrive\Documentos\GitHub\xray-monolith\src\Layers\xrRenderVulkan\xrRender_Vulkan.vcxproj]
  (compiling source file '/vk_SkeletonStubs.cpp')
  
C:\Users\egorb\OneDrive\Documentos\GitHub\xray-monolith\src\Layers\xrRender\sh_atomic.h(30,22): error C2238: unexpected token(s) preceding ';' [C:\Users\egorb\OneDrive\Documentos\GitHub\xray-monolith\src\Layers\xrRenderVulkan\xrRender_Vulkan.vcxproj]
  (compiling source file '/vk_SkeletonRigid.cpp')
  
C:\Users\egorb\OneDrive\Documentos\GitHub\xray-monolith\src\Layers\xrRender\sh_atomic.h(30,22): error C2238: unexpected token(s) preceding ';' [C:\Users\egorb\OneDrive\Documentos\GitHub\xray-monolith\src\Layers\xrRenderVulkan\xrRender_Vulkan.vcxproj]
  (compiling source file '/vk_SkeletonAnimated.cpp')
  
C:\Users\egorb\OneDrive\Documentos\GitHub\xray-monolith\src\Layers\xrRender\sh_atomic.h(30,22): error C2238: unexpected token(s) preceding ';' [C:\Users\egorb\OneDrive\Documentos\GitHub\xray-monolith\src\Layers\xrRenderVulkan\xrRender_Vulkan.vcxproj]
  (compiling source file '/vk_SkeletonCustom.cpp')
  
C:\Users\egorb\OneDrive\Documentos\GitHub\xray-monolith\src\Layers\xrRender\sh_atomic.h(44,17): error C2143: syntax error: missing ';' before '*' [C:\Users\egorb\OneDrive\Documentos\GitHub\xray-monolith\src\Layers\xrRenderVulkan\xrRender_Vulkan.vcxproj]
  (compiling source file '/vk_SkeletonAnimated.cpp')
  
C:\Users\egorb\OneDrive\Documentos\GitHub\xray-monolith\src\Layers\xrRender\sh_atomic.h(44,17): error C2143: syntax error: missing ';' before '*' [C:\Users\egorb\OneDrive\Documentos\GitHub\xray-monolith\src\Layers\xrRenderVulkan\xrRender_Vulkan.vcxproj]
  (compiling source file '/vk_SkeletonRigid.cpp')
  
C:\Users\egorb\OneDrive\Documentos\GitHub\xray-monolith\src\Layers\xrRender\sh_atomic.h(44,17): error C2143: syntax error: missing ';' before '*' [C:\Users\egorb\OneDrive\Documentos\GitHub\xray-monolith\src\Layers\xrRenderVulkan\xrRender_Vulkan.vcxproj]
  (compiling source file '/vk_SkeletonStubs.cpp')
  
C:\Users\egorb\OneDrive\Documentos\GitHub\xray-monolith\src\Layers\xrRender\sh_atomic.h(44,17): error C2143: syntax error: missing ';' before '*' [C:\Users\egorb\OneDrive\Documentos\GitHub\xray-monolith\src\Layers\xrRenderVulkan\xrRender_Vulkan.vcxproj]
  (compiling source file '/vk_SkeletonX.cpp')
  
C:\Users\egorb\OneDrive\Documentos\GitHub\xray-monolith\src\Layers\xrRender\sh_atomic.h(44,17): error C2143: syntax error: missing ';' before '*' [C:\Users\egorb\OneDrive\Documentos\GitHub\xray-monolith\src\Layers\xrRenderVulkan\xrRender_Vulkan.vcxproj]
  (compiling source file '/vk_SkeletonCustom.cpp')
  
C:\Users\egorb\OneDrive\Documentos\GitHub\xray-monolith\src\Layers\xrRender\sh_atomic.h(44,2): error C4430: missing type specifier - int assumed. Note: C++ does not support default-int [C:\Users\egorb\OneDrive\Documentos\GitHub\xray-monolith\src\Layers\xrRenderVulkan\xrRender_Vulkan.vcxproj]
  (compiling source file '/vk_SkeletonAnimated.cpp')
  
C:\Users\egorb\OneDrive\Documentos\GitHub\xray-monolith\src\Layers\xrRender\sh_atomic.h(44,2): error C4430: missing type specifier - int assumed. Note: C++ does not support default-int [C:\Users\egorb\OneDrive\Documentos\GitHub\xray-monolith\src\Layers\xrRenderVulkan\xrRender_Vulkan.vcxproj]
  (compiling source file '/vk_SkeletonStubs.cpp')
  
C:\Users\egorb\OneDrive\Documentos\GitHub\xray-monolith\src\Layers\xrRender\sh_atomic.h(44,2): error C4430: missing type specifier - int assumed. Note: C++ does not support default-int [C:\Users\egorb\OneDrive\Documentos\GitHub\xray-monolith\src\Layers\xrRenderVulkan\xrRender_Vulkan.vcxproj]
  (compiling source file '/vk_SkeletonRigid.cpp')
  
C:\Users\egorb\OneDrive\Documentos\GitHub\xray-monolith\src\Layers\xrRender\sh_atomic.h(44,2): error C4430: missing type specifier - int assumed. Note: C++ does not support default-int [C:\Users\egorb\OneDrive\Documentos\GitHub\xray-monolith\src\Layers\xrRenderVulkan\xrRender_Vulkan.vcxproj]
  (compiling source file '/vk_SkeletonX.cpp')
  
C:\Users\egorb\OneDrive\Documentos\GitHub\xray-monolith\src\Layers\xrRender\sh_atomic.h(44,2): error C4430: missing type specifier - int assumed. Note: C++ does not support default-int [C:\Users\egorb\OneDrive\Documentos\GitHub\xray-monolith\src\Layers\xrRenderVulkan\xrRender_Vulkan.vcxproj]
  (compiling source file '/vk_SkeletonCustom.cpp')
  
C:\Users\egorb\OneDrive\Documentos\GitHub\xray-monolith\src\Layers\xrRender\sh_atomic.h(44,21): error C2238: unexpected token(s) preceding ';' [C:\Users\egorb\OneDrive\Documentos\GitHub\xray-monolith\src\Layers\xrRenderVulkan\xrRender_Vulkan.vcxproj]
  (compiling source file '/vk_SkeletonAnimated.cpp')
  
C:\Users\egorb\OneDrive\Documentos\GitHub\xray-monolith\src\Layers\xrRender\sh_atomic.h(44,21): error C2238: unexpected token(s) preceding ';' [C:\Users\egorb\OneDrive\Documentos\GitHub\xray-monolith\src\Layers\xrRenderVulkan\xrRender_Vulkan.vcxproj]
  (compiling source file '/vk_SkeletonRigid.cpp')
  
C:\Users\egorb\OneDrive\Documentos\GitHub\xray-monolith\src\Layers\xrRender\sh_atomic.h(44,21): error C2238: unexpected token(s) preceding ';' [C:\Users\egorb\OneDrive\Documentos\GitHub\xray-monolith\src\Layers\xrRenderVulkan\xrRender_Vulkan.vcxproj]
  (compiling source file '/vk_SkeletonStubs.cpp')
  
C:\Users\egorb\OneDrive\Documentos\GitHub\xray-monolith\src\Layers\xrRender\sh_atomic.h(44,21): error C2238: unexpected token(s) preceding ';' [C:\Users\egorb\OneDrive\Documentos\GitHub\xray-monolith\src\Layers\xrRenderVulkan\xrRender_Vulkan.vcxproj]
  (compiling source file '/vk_SkeletonX.cpp')
  
C:\Users\egorb\OneDrive\Documentos\GitHub\xray-monolith\src\Layers\xrRender\sh_atomic.h(44,21): error C2238: unexpected token(s) preceding ';' [C:\Users\egorb\OneDrive\Documentos\GitHub\xray-monolith\src\Layers\xrRenderVulkan\xrRender_Vulkan.vcxproj]
  (compiling source file '/vk_SkeletonCustom.cpp')
  
C:\Users\egorb\OneDrive\Documentos\GitHub\xray-monolith\src\Layers\xrRender\sh_atomic.h(93,11): error C2143: syntax error: missing ';' before '*' [C:\Users\egorb\OneDrive\Documentos\GitHub\xray-monolith\src\Layers\xrRenderVulkan\xrRender_Vulkan.vcxproj]
  (compiling source file '/vk_SkeletonStubs.cpp')
  
C:\Users\egorb\OneDrive\Documentos\GitHub\xray-monolith\src\Layers\xrRender\sh_atomic.h(93,11): error C2143: syntax error: missing ';' before '*' [C:\Users\egorb\OneDrive\Documentos\GitHub\xray-monolith\src\Layers\xrRenderVulkan\xrRender_Vulkan.vcxproj]
  (compiling source file '/vk_SkeletonCustom.cpp')
  
C:\Users\egorb\OneDrive\Documentos\GitHub\xray-monolith\src\Layers\xrRender\sh_atomic.h(93,11): error C2143: syntax error: missing ';' before '*' [C:\Users\egorb\OneDrive\Documentos\GitHub\xray-monolith\src\Layers\xrRenderVulkan\xrRender_Vulkan.vcxproj]
  (compiling source file '/vk_SkeletonAnimated.cpp')
  
C:\Users\egorb\OneDrive\Documentos\GitHub\xray-monolith\src\Layers\xrRender\sh_atomic.h(93,11): error C2143: syntax error: missing ';' before '*' [C:\Users\egorb\OneDrive\Documentos\GitHub\xray-monolith\src\Layers\xrRenderVulkan\xrRender_Vulkan.vcxproj]
  (compiling source file '/vk_SkeletonX.cpp')
  
C:\Users\egorb\OneDrive\Documentos\GitHub\xray-monolith\src\Layers\xrRender\sh_atomic.h(93,11): error C2143: syntax error: missing ';' before '*' [C:\Users\egorb\OneDrive\Documentos\GitHub\xray-monolith\src\Layers\xrRenderVulkan\xrRender_Vulkan.vcxproj]
  (compiling source file '/vk_SkeletonRigid.cpp')
  
C:\Users\egorb\OneDrive\Documentos\GitHub\xray-monolith\src\Layers\xrRender\sh_atomic.h(93,2): error C4430: missing type specifier - int assumed. Note: C++ does not support default-int [C:\Users\egorb\OneDrive\Documentos\GitHub\xray-monolith\src\Layers\xrRenderVulkan\xrRender_Vulkan.vcxproj]
  (compiling source file '/vk_SkeletonStubs.cpp')
  
C:\Users\egorb\OneDrive\Documentos\GitHub\xray-monolith\src\Layers\xrRender\sh_atomic.h(93,2): error C4430: missing type specifier - int assumed. Note: C++ does not support default-int [C:\Users\egorb\OneDrive\Documentos\GitHub\xray-monolith\src\Layers\xrRenderVulkan\xrRender_Vulkan.vcxproj]
  (compiling source file '/vk_SkeletonCustom.cpp')
  
C:\Users\egorb\OneDrive\Documentos\GitHub\xray-monolith\src\Layers\xrRender\sh_atomic.h(93,2): error C4430: missing type specifier - int assumed. Note: C++ does not support default-int [C:\Users\egorb\OneDrive\Documentos\GitHub\xray-monolith\src\Layers\xrRenderVulkan\xrRender_Vulkan.vcxproj]
  (compiling source file '/vk_SkeletonAnimated.cpp')
  
C:\Users\egorb\OneDrive\Documentos\GitHub\xray-monolith\src\Layers\xrRender\sh_atomic.h(93,2): error C4430: missing type specifier - int assumed. Note: C++ does not support default-int [C:\Users\egorb\OneDrive\Documentos\GitHub\xray-monolith\src\Layers\xrRenderVulkan\xrRender_Vulkan.vcxproj]
  (compiling source file '/vk_SkeletonX.cpp')
  
C:\Users\egorb\OneDrive\Documentos\GitHub\xray-monolith\src\Layers\xrRender\sh_atomic.h(93,2): error C4430: missing type specifier - int assumed. Note: C++ does not support default-int [C:\Users\egorb\OneDrive\Documentos\GitHub\xray-monolith\src\Layers\xrRenderVulkan\xrRender_Vulkan.vcxproj]
  (compiling source file '/vk_SkeletonRigid.cpp')
  
C:\Users\egorb\OneDrive\Documentos\GitHub\xray-monolith\src\Layers\xrRender\sh_atomic.h(93,18): error C2238: unexpected token(s) preceding ';' [C:\Users\egorb\OneDrive\Documentos\GitHub\xray-monolith\src\Layers\xrRenderVulkan\xrRender_Vulkan.vcxproj]
  (compiling source file '/vk_SkeletonStubs.cpp')
  
C:\Users\egorb\OneDrive\Documentos\GitHub\xray-monolith\src\Layers\xrRender\sh_atomic.h(93,18): error C2238: unexpected token(s) preceding ';' [C:\Users\egorb\OneDrive\Documentos\GitHub\xray-monolith\src\Layers\xrRenderVulkan\xrRender_Vulkan.vcxproj]
  (compiling source file '/vk_SkeletonCustom.cpp')
  
C:\Users\egorb\OneDrive\Documentos\GitHub\xray-monolith\src\Layers\xrRender\sh_atomic.h(93,18): error C2238: unexpected token(s) preceding ';' [C:\Users\egorb\OneDrive\Documentos\GitHub\xray-monolith\src\Layers\xrRenderVulkan\xrRender_Vulkan.vcxproj]
  (compiling source file '/vk_SkeletonAnimated.cpp')
  
C:\Users\egorb\OneDrive\Documentos\GitHub\xray-monolith\src\Layers\xrRender\sh_atomic.h(93,18): error C2238: unexpected token(s) preceding ';' [C:\Users\egorb\OneDrive\Documentos\GitHub\xray-monolith\src\Layers\xrRenderVulkan\xrRender_Vulkan.vcxproj]
  (compiling source file '/vk_SkeletonX.cpp')
  
C:\Users\egorb\OneDrive\Documentos\GitHub\xray-monolith\src\Layers\xrRender\sh_atomic.h(93,18): error C2238: unexpected token(s) preceding ';' [C:\Users\egorb\OneDrive\Documentos\GitHub\xray-monolith\src\Layers\xrRenderVulkan\xrRender_Vulkan.vcxproj]
  (compiling source file '/vk_SkeletonRigid.cpp')
  
C:\Users\egorb\OneDrive\Documentos\GitHub\xray-monolith\src\Layers\xrRender\sh_texture.h(40,19): error C2061: syntax error: identifier 'ID3DBaseTexture' [C:\Users\egorb\OneDrive\Documentos\GitHub\xray-monolith\src\Layers\xrRenderVulkan\xrRender_Vulkan.vcxproj]
  (compiling source file '/vk_SkeletonRigid.cpp')
  
C:\Users\egorb\OneDrive\Documentos\GitHub\xray-monolith\src\Layers\xrRender\sh_texture.h(40,19): error C2061: syntax error: identifier 'ID3DBaseTexture' [C:\Users\egorb\OneDrive\Documentos\GitHub\xray-monolith\src\Layers\xrRenderVulkan\xrRender_Vulkan.vcxproj]
  (compiling source file '/vk_SkeletonAnimated.cpp')
  
C:\Users\egorb\OneDrive\Documentos\GitHub\xray-monolith\src\Layers\xrRender\sh_texture.h(40,19): error C2061: syntax error: identifier 'ID3DBaseTexture' [C:\Users\egorb\OneDrive\Documentos\GitHub\xray-monolith\src\Layers\xrRenderVulkan\xrRender_Vulkan.vcxproj]
  (compiling source file '/vk_SkeletonCustom.cpp')
  
C:\Users\egorb\OneDrive\Documentos\GitHub\xray-monolith\src\Layers\xrRender\sh_texture.h(40,19): error C2061: syntax error: identifier 'ID3DBaseTexture' [C:\Users\egorb\OneDrive\Documentos\GitHub\xray-monolith\src\Layers\xrRenderVulkan\xrRender_Vulkan.vcxproj]
  (compiling source file '/vk_SkeletonX.cpp')
  
C:\Users\egorb\OneDrive\Documentos\GitHub\xray-monolith\src\Layers\xrRender\sh_texture.h(40,19): error C2061: syntax error: identifier 'ID3DBaseTexture' [C:\Users\egorb\OneDrive\Documentos\GitHub\xray-monolith\src\Layers\xrRenderVulkan\xrRender_Vulkan.vcxproj]
  (compiling source file '/vk_SkeletonStubs.cpp')
  
C:\Users\egorb\OneDrive\Documentos\GitHub\xray-monolith\src\Layers\xrRender\sh_texture.h(41,17): error C2143: syntax error: missing ';' before '*' [C:\Users\egorb\OneDrive\Documentos\GitHub\xray-monolith\src\Layers\xrRenderVulkan\xrRender_Vulkan.vcxproj]
  (compiling source file '/vk_SkeletonRigid.cpp')
  
C:\Users\egorb\OneDrive\Documentos\GitHub\xray-monolith\src\Layers\xrRender\sh_texture.h(41,17): error C2143: syntax error: missing ';' before '*' [C:\Users\egorb\OneDrive\Documentos\GitHub\xray-monolith\src\Layers\xrRenderVulkan\xrRender_Vulkan.vcxproj]
  (compiling source file '/vk_SkeletonAnimated.cpp')
  
C:\Users\egorb\OneDrive\Documentos\GitHub\xray-monolith\src\Layers\xrRender\sh_texture.h(41,17): error C2143: syntax error: missing ';' before '*' [C:\Users\egorb\OneDrive\Documentos\GitHub\xray-monolith\src\Layers\xrRenderVulkan\xrRender_Vulkan.vcxproj]
  (compiling source file '/vk_SkeletonCustom.cpp')
  
C:\Users\egorb\OneDrive\Documentos\GitHub\xray-monolith\src\Layers\xrRender\sh_texture.h(41,17): error C2143: syntax error: missing ';' before '*' [C:\Users\egorb\OneDrive\Documentos\GitHub\xray-monolith\src\Layers\xrRenderVulkan\xrRender_Vulkan.vcxproj]
  (compiling source file '/vk_SkeletonX.cpp')
  
C:\Users\egorb\OneDrive\Documentos\GitHub\xray-monolith\src\Layers\xrRender\sh_texture.h(41,17): error C2143: syntax error: missing ';' before '*' [C:\Users\egorb\OneDrive\Documentos\GitHub\xray-monolith\src\Layers\xrRenderVulkan\xrRender_Vulkan.vcxproj]
  (compiling source file '/vk_SkeletonStubs.cpp')
  
C:\Users\egorb\OneDrive\Documentos\GitHub\xray-monolith\src\Layers\xrRender\sh_texture.h(41,2): error C4430: missing type specifier - int assumed. Note: C++ does not support default-int [C:\Users\egorb\OneDrive\Documentos\GitHub\xray-monolith\src\Layers\xrRenderVulkan\xrRender_Vulkan.vcxproj]
  (compiling source file '/vk_SkeletonRigid.cpp')
  
C:\Users\egorb\OneDrive\Documentos\GitHub\xray-monolith\src\Layers\xrRender\sh_texture.h(41,2): error C4430: missing type specifier - int assumed. Note: C++ does not support default-int [C:\Users\egorb\OneDrive\Documentos\GitHub\xray-monolith\src\Layers\xrRenderVulkan\xrRender_Vulkan.vcxproj]
  (compiling source file '/vk_SkeletonAnimated.cpp')
  
C:\Users\egorb\OneDrive\Documentos\GitHub\xray-monolith\src\Layers\xrRender\sh_texture.h(41,2): error C4430: missing type specifier - int assumed. Note: C++ does not support default-int [C:\Users\egorb\OneDrive\Documentos\GitHub\xray-monolith\src\Layers\xrRenderVulkan\xrRender_Vulkan.vcxproj]
  (compiling source file '/vk_SkeletonX.cpp')
  
C:\Users\egorb\OneDrive\Documentos\GitHub\xray-monolith\src\Layers\xrRender\sh_texture.h(41,2): error C4430: missing type specifier - int assumed. Note: C++ does not support default-int [C:\Users\egorb\OneDrive\Documentos\GitHub\xray-monolith\src\Layers\xrRenderVulkan\xrRender_Vulkan.vcxproj]
  (compiling source file '/vk_SkeletonCustom.cpp')
  
C:\Users\egorb\OneDrive\Documentos\GitHub\xray-monolith\src\Layers\xrRender\sh_texture.h(41,2): error C4430: missing type specifier - int assumed. Note: C++ does not support default-int [C:\Users\egorb\OneDrive\Documentos\GitHub\xray-monolith\src\Layers\xrRenderVulkan\xrRender_Vulkan.vcxproj]
  (compiling source file '/vk_SkeletonStubs.cpp')
  
C:\Users\egorb\OneDrive\Documentos\GitHub\xray-monolith\src\Layers\xrRender\sh_texture.h(41,32): error C2238: unexpected token(s) preceding ';' [C:\Users\egorb\OneDrive\Documentos\GitHub\xray-monolith\src\Layers\xrRenderVulkan\xrRender_Vulkan.vcxproj]
  (compiling source file '/vk_SkeletonAnimated.cpp')
  
C:\Users\egorb\OneDrive\Documentos\GitHub\xray-monolith\src\Layers\xrRender\sh_texture.h(41,32): error C2238: unexpected token(s) preceding ';' [C:\Users\egorb\OneDrive\Documentos\GitHub\xray-monolith\src\Layers\xrRenderVulkan\xrRender_Vulkan.vcxproj]
  (compiling source file '/vk_SkeletonRigid.cpp')
  
C:\Users\egorb\OneDrive\Documentos\GitHub\xray-monolith\src\Layers\xrRender\sh_texture.h(41,32): error C2238: unexpected token(s) preceding ';' [C:\Users\egorb\OneDrive\Documentos\GitHub\xray-monolith\src\Layers\xrRenderVulkan\xrRender_Vulkan.vcxproj]
  (compiling source file '/vk_SkeletonX.cpp')
  
C:\Users\egorb\OneDrive\Documentos\GitHub\xray-monolith\src\Layers\xrRender\sh_texture.h(41,32): error C2238: unexpected token(s) preceding ';' [C:\Users\egorb\OneDrive\Documentos\GitHub\xray-monolith\src\Layers\xrRenderVulkan\xrRender_Vulkan.vcxproj]
  (compiling source file '/vk_SkeletonCustom.cpp')
  
C:\Users\egorb\OneDrive\Documentos\GitHub\xray-monolith\src\Layers\xrRender\sh_texture.h(41,32): error C2238: unexpected token(s) preceding ';' [C:\Users\egorb\OneDrive\Documentos\GitHub\xray-monolith\src\Layers\xrRenderVulkan\xrRender_Vulkan.vcxproj]
  (compiling source file '/vk_SkeletonStubs.cpp')
  
C:\Users\egorb\OneDrive\Documentos\GitHub\xray-monolith\src\Layers\xrRender\sh_texture.h(110,17): error C2143: syntax error: missing ';' before '*' [C:\Users\egorb\OneDrive\Documentos\GitHub\xray-monolith\src\Layers\xrRenderVulkan\xrRender_Vulkan.vcxproj]
  (compiling source file '/vk_SkeletonStubs.cpp')
  
C:\Users\egorb\OneDrive\Documentos\GitHub\xray-monolith\src\Layers\xrRender\sh_texture.h(110,17): error C2143: syntax error: missing ';' before '*' [C:\Users\egorb\OneDrive\Documentos\GitHub\xray-monolith\src\Layers\xrRenderVulkan\xrRender_Vulkan.vcxproj]
  (compiling source file '/vk_SkeletonRigid.cpp')
  
C:\Users\egorb\OneDrive\Documentos\GitHub\xray-monolith\src\Layers\xrRender\sh_texture.h(110,17): error C2143: syntax error: missing ';' before '*' [C:\Users\egorb\OneDrive\Documentos\GitHub\xray-monolith\src\Layers\xrRenderVulkan\xrRender_Vulkan.vcxproj]
  (compiling source file '/vk_SkeletonCustom.cpp')
  
C:\Users\egorb\OneDrive\Documentos\GitHub\xray-monolith\src\Layers\xrRender\sh_texture.h(110,17): error C2143: syntax error: missing ';' before '*' [C:\Users\egorb\OneDrive\Documentos\GitHub\xray-monolith\src\Layers\xrRenderVulkan\xrRender_Vulkan.vcxproj]
  (compiling source file '/vk_SkeletonAnimated.cpp')
  
C:\Users\egorb\OneDrive\Documentos\GitHub\xray-monolith\src\Layers\xrRender\sh_texture.h(110,17): error C2143: syntax error: missing ';' before '*' [C:\Users\egorb\OneDrive\Documentos\GitHub\xray-monolith\src\Layers\xrRenderVulkan\xrRender_Vulkan.vcxproj]
  (compiling source file '/vk_SkeletonX.cpp')
  
C:\Users\egorb\OneDrive\Documentos\GitHub\xray-monolith\src\Layers\xrRender\sh_texture.h(110,2): error C4430: missing type specifier - int assumed. Note: C++ does not support default-int [C:\Users\egorb\OneDrive\Documentos\GitHub\xray-monolith\src\Layers\xrRenderVulkan\xrRender_Vulkan.vcxproj]
  (compiling source file '/vk_SkeletonStubs.cpp')
  
C:\Users\egorb\OneDrive\Documentos\GitHub\xray-monolith\src\Layers\xrRender\sh_texture.h(110,2): error C4430: missing type specifier - int assumed. Note: C++ does not support default-int [C:\Users\egorb\OneDrive\Documentos\GitHub\xray-monolith\src\Layers\xrRenderVulkan\xrRender_Vulkan.vcxproj]
  (compiling source file '/vk_SkeletonRigid.cpp')
  
C:\Users\egorb\OneDrive\Documentos\GitHub\xray-monolith\src\Layers\xrRender\sh_texture.h(110,2): error C4430: missing type specifier - int assumed. Note: C++ does not support default-int [C:\Users\egorb\OneDrive\Documentos\GitHub\xray-monolith\src\Layers\xrRenderVulkan\xrRender_Vulkan.vcxproj]
  (compiling source file '/vk_SkeletonAnimated.cpp')
  
C:\Users\egorb\OneDrive\Documentos\GitHub\xray-monolith\src\Layers\xrRender\sh_texture.h(110,2): error C4430: missing type specifier - int assumed. Note: C++ does not support default-int [C:\Users\egorb\OneDrive\Documentos\GitHub\xray-monolith\src\Layers\xrRenderVulkan\xrRender_Vulkan.vcxproj]
  (compiling source file '/vk_SkeletonCustom.cpp')
  
C:\Users\egorb\OneDrive\Documentos\GitHub\xray-monolith\src\Layers\xrRender\sh_texture.h(110,27): error C2238: unexpected token(s) preceding ';' [C:\Users\egorb\OneDrive\Documentos\GitHub\xray-monolith\src\Layers\xrRenderVulkan\xrRender_Vulkan.vcxproj]
  (compiling source file '/vk_SkeletonStubs.cpp')
  
C:\Users\egorb\OneDrive\Documentos\GitHub\xray-monolith\src\Layers\xrRender\sh_texture.h(110,27): error C2238: unexpected token(s) preceding ';' [C:\Users\egorb\OneDrive\Documentos\GitHub\xray-monolith\src\Layers\xrRenderVulkan\xrRender_Vulkan.vcxproj]
  (compiling source file '/vk_SkeletonRigid.cpp')
  
C:\Users\egorb\OneDrive\Documentos\GitHub\xray-monolith\src\Layers\xrRender\sh_texture.h(110,2): error C4430: missing type specifier - int assumed. Note: C++ does not support default-int [C:\Users\egorb\OneDrive\Documentos\GitHub\xray-monolith\src\Layers\xrRenderVulkan\xrRender_Vulkan.vcxproj]
  (compiling source file '/vk_SkeletonX.cpp')
  
C:\Users\egorb\OneDrive\Documentos\GitHub\xray-monolith\src\Layers\xrRender\sh_texture.h(110,27): error C2238: unexpected token(s) preceding ';' [C:\Users\egorb\OneDrive\Documentos\GitHub\xray-monolith\src\Layers\xrRenderVulkan\xrRender_Vulkan.vcxproj]
  (compiling source file '/vk_SkeletonAnimated.cpp')
  
C:\Users\egorb\OneDrive\Documentos\GitHub\xray-monolith\src\Layers\xrRender\sh_texture.h(110,27): error C2238: unexpected token(s) preceding ';' [C:\Users\egorb\OneDrive\Documentos\GitHub\xray-monolith\src\Layers\xrRenderVulkan\xrRender_Vulkan.vcxproj]
  (compiling source file '/vk_SkeletonCustom.cpp')
  
C:\Users\egorb\OneDrive\Documentos\GitHub\xray-monolith\src\Layers\xrRender\sh_texture.h(112,12): error C2065: 'ID3DBaseTexture': undeclared identifier [C:\Users\egorb\OneDrive\Documentos\GitHub\xray-monolith\src\Layers\xrRenderVulkan\xrRender_Vulkan.vcxproj]
  (compiling source file '/vk_SkeletonStubs.cpp')
  
C:\Users\egorb\OneDrive\Documentos\GitHub\xray-monolith\src\Layers\xrRender\sh_texture.h(112,12): error C2065: 'ID3DBaseTexture': undeclared identifier [C:\Users\egorb\OneDrive\Documentos\GitHub\xray-monolith\src\Layers\xrRenderVulkan\xrRender_Vulkan.vcxproj]
  (compiling source file '/vk_SkeletonRigid.cpp')
  
C:\Users\egorb\OneDrive\Documentos\GitHub\xray-monolith\src\Layers\xrRender\sh_texture.h(110,27): error C2238: unexpected token(s) preceding ';' [C:\Users\egorb\OneDrive\Documentos\GitHub\xray-monolith\src\Layers\xrRenderVulkan\xrRender_Vulkan.vcxproj]
  (compiling source file '/vk_SkeletonX.cpp')
  
C:\Users\egorb\OneDrive\Documentos\GitHub\xray-monolith\src\Layers\xrRender\sh_texture.h(112,28): error C2059: syntax error: '>' [C:\Users\egorb\OneDrive\Documentos\GitHub\xray-monolith\src\Layers\xrRenderVulkan\xrRender_Vulkan.vcxproj]
  (compiling source file '/vk_SkeletonStubs.cpp')
  
C:\Users\egorb\OneDrive\Documentos\GitHub\xray-monolith\src\Layers\xrRender\sh_texture.h(112,12): error C2065: 'ID3DBaseTexture': undeclared identifier [C:\Users\egorb\OneDrive\Documentos\GitHub\xray-monolith\src\Layers\xrRenderVulkan\xrRender_Vulkan.vcxproj]
  (compiling source file '/vk_SkeletonCustom.cpp')
  
C:\Users\egorb\OneDrive\Documentos\GitHub\xray-monolith\src\Layers\xrRender\sh_texture.h(112,28): error C2059: syntax error: '>' [C:\Users\egorb\OneDrive\Documentos\GitHub\xray-monolith\src\Layers\xrRenderVulkan\xrRender_Vulkan.vcxproj]
  (compiling source file '/vk_SkeletonRigid.cpp')
  
C:\Users\egorb\OneDrive\Documentos\GitHub\xray-monolith\src\Layers\xrRender\sh_texture.h(112,12): error C2065: 'ID3DBaseTexture': undeclared identifier [C:\Users\egorb\OneDrive\Documentos\GitHub\xray-monolith\src\Layers\xrRenderVulkan\xrRender_Vulkan.vcxproj]
  (compiling source file '/vk_SkeletonAnimated.cpp')
  
C:\Users\egorb\OneDrive\Documentos\GitHub\xray-monolith\src\Layers\xrRender\sh_texture.h(112,12): error C2065: 'ID3DBaseTexture': undeclared identifier [C:\Users\egorb\OneDrive\Documentos\GitHub\xray-monolith\src\Layers\xrRenderVulkan\xrRender_Vulkan.vcxproj]
  (compiling source file '/vk_SkeletonX.cpp')
  
C:\Users\egorb\OneDrive\Documentos\GitHub\xray-monolith\src\Layers\xrRender\sh_texture.h(112,28): error C2059: syntax error: '>' [C:\Users\egorb\OneDrive\Documentos\GitHub\xray-monolith\src\Layers\xrRenderVulkan\xrRender_Vulkan.vcxproj]
  (compiling source file '/vk_SkeletonCustom.cpp')
  
C:\Users\egorb\OneDrive\Documentos\GitHub\xray-monolith\src\Layers\xrRender\sh_texture.h(112,28): error C2059: syntax error: '>' [C:\Users\egorb\OneDrive\Documentos\GitHub\xray-monolith\src\Layers\xrRenderVulkan\xrRender_Vulkan.vcxproj]
  (compiling source file '/vk_SkeletonAnimated.cpp')
  
C:\Users\egorb\OneDrive\Documentos\GitHub\xray-monolith\src\Layers\xrRender\sh_texture.h(112,28): error C2059: syntax error: '>' [C:\Users\egorb\OneDrive\Documentos\GitHub\xray-monolith\src\Layers\xrRenderVulkan\xrRender_Vulkan.vcxproj]
  (compiling source file '/vk_SkeletonX.cpp')
  
C:\Users\egorb\OneDrive\Documentos\GitHub\xray-monolith\src\Layers\xrRender\sh_texture.h(115,17): error C2143: syntax error: missing ';' before '*' [C:\Users\egorb\OneDrive\Documentos\GitHub\xray-monolith\src\Layers\xrRenderVulkan\xrRender_Vulkan.vcxproj]
  (compiling source file '/vk_SkeletonStubs.cpp')
  
C:\Users\egorb\OneDrive\Documentos\GitHub\xray-monolith\src\Layers\xrRender\sh_texture.h(115,17): error C2143: syntax error: missing ';' before '*' [C:\Users\egorb\OneDrive\Documentos\GitHub\xray-monolith\src\Layers\xrRenderVulkan\xrRender_Vulkan.vcxproj]
  (compiling source file '/vk_SkeletonCustom.cpp')
  
C:\Users\egorb\OneDrive\Documentos\GitHub\xray-monolith\src\Layers\xrRender\sh_texture.h(115,17): error C2143: syntax error: missing ';' before '*' [C:\Users\egorb\OneDrive\Documentos\GitHub\xray-monolith\src\Layers\xrRenderVulkan\xrRender_Vulkan.vcxproj]
  (compiling source file '/vk_SkeletonRigid.cpp')
  
C:\Users\egorb\OneDrive\Documentos\GitHub\xray-monolith\src\Layers\xrRender\sh_texture.h(115,17): error C2143: syntax error: missing ';' before '*' [C:\Users\egorb\OneDrive\Documentos\GitHub\xray-monolith\src\Layers\xrRenderVulkan\xrRender_Vulkan.vcxproj]
  (compiling source file '/vk_SkeletonX.cpp')
  
C:\Users\egorb\OneDrive\Documentos\GitHub\xray-monolith\src\Layers\xrRender\sh_texture.h(115,2): error C4430: missing type specifier - int assumed. Note: C++ does not support default-int [C:\Users\egorb\OneDrive\Documentos\GitHub\xray-monolith\src\Layers\xrRenderVulkan\xrRender_Vulkan.vcxproj]
  (compiling source file '/vk_SkeletonStubs.cpp')
  
C:\Users\egorb\OneDrive\Documentos\GitHub\xray-monolith\src\Layers\xrRender\sh_texture.h(115,17): error C2143: syntax error: missing ';' before '*' [C:\Users\egorb\OneDrive\Documentos\GitHub\xray-monolith\src\Layers\xrRenderVulkan\xrRender_Vulkan.vcxproj]
  (compiling source file '/vk_SkeletonAnimated.cpp')
  
C:\Users\egorb\OneDrive\Documentos\GitHub\xray-monolith\src\Layers\xrRender\sh_texture.h(115,2): error C4430: missing type specifier - int assumed. Note: C++ does not support default-int [C:\Users\egorb\OneDrive\Documentos\GitHub\xray-monolith\src\Layers\xrRenderVulkan\xrRender_Vulkan.vcxproj]
  (compiling source file '/vk_SkeletonCustom.cpp')
  
C:\Users\egorb\OneDrive\Documentos\GitHub\xray-monolith\src\Layers\xrRender\sh_texture.h(115,2): error C4430: missing type specifier - int assumed. Note: C++ does not support default-int [C:\Users\egorb\OneDrive\Documentos\GitHub\xray-monolith\src\Layers\xrRenderVulkan\xrRender_Vulkan.vcxproj]
  (compiling source file '/vk_SkeletonRigid.cpp')
  
C:\Users\egorb\OneDrive\Documentos\GitHub\xray-monolith\src\Layers\xrRender\sh_texture.h(115,2): error C4430: missing type specifier - int assumed. Note: C++ does not support default-int [C:\Users\egorb\OneDrive\Documentos\GitHub\xray-monolith\src\Layers\xrRenderVulkan\xrRender_Vulkan.vcxproj]
  (compiling source file '/vk_SkeletonX.cpp')
  
C:\Users\egorb\OneDrive\Documentos\GitHub\xray-monolith\src\Layers\xrRender\sh_texture.h(115,29): error C2238: unexpected token(s) preceding ';' [C:\Users\egorb\OneDrive\Documentos\GitHub\xray-monolith\src\Layers\xrRenderVulkan\xrRender_Vulkan.vcxproj]
  (compiling source file '/vk_SkeletonStubs.cpp')
  
C:\Users\egorb\OneDrive\Documentos\GitHub\xray-monolith\src\Layers\xrRender\sh_texture.h(115,2): error C4430: missing type specifier - int assumed. Note: C++ does not support default-int [C:\Users\egorb\OneDrive\Documentos\GitHub\xray-monolith\src\Layers\xrRenderVulkan\xrRender_Vulkan.vcxproj]
  (compiling source file '/vk_SkeletonAnimated.cpp')
  
C:\Users\egorb\OneDrive\Documentos\GitHub\xray-monolith\src\Layers\xrRender\sh_texture.h(115,29): error C2238: unexpected token(s) preceding ';' [C:\Users\egorb\OneDrive\Documentos\GitHub\xray-monolith\src\Layers\xrRenderVulkan\xrRender_Vulkan.vcxproj]
  (compiling source file '/vk_SkeletonCustom.cpp')
  
C:\Users\egorb\OneDrive\Documentos\GitHub\xray-monolith\src\Layers\xrRender\sh_texture.h(115,29): error C2238: unexpected token(s) preceding ';' [C:\Users\egorb\OneDrive\Documentos\GitHub\xray-monolith\src\Layers\xrRenderVulkan\xrRender_Vulkan.vcxproj]
  (compiling source file '/vk_SkeletonRigid.cpp')
  
C:\Users\egorb\OneDrive\Documentos\GitHub\xray-monolith\src\Layers\xrRender\sh_texture.h(115,29): error C2238: unexpected token(s) preceding ';' [C:\Users\egorb\OneDrive\Documentos\GitHub\xray-monolith\src\Layers\xrRenderVulkan\xrRender_Vulkan.vcxproj]
  (compiling source file '/vk_SkeletonX.cpp')
  
C:\Users\egorb\OneDrive\Documentos\GitHub\xray-monolith\src\Layers\xrRender\sh_texture.h(115,29): error C2238: unexpected token(s) preceding ';' [C:\Users\egorb\OneDrive\Documentos\GitHub\xray-monolith\src\Layers\xrRenderVulkan\xrRender_Vulkan.vcxproj]
  (compiling source file '/vk_SkeletonAnimated.cpp')
  
C:\Users\egorb\OneDrive\Documentos\GitHub\xray-monolith\src\Layers\xrRender\sh_texture.h(116,21): error C3646: 'desc': unknown override specifier [C:\Users\egorb\OneDrive\Documentos\GitHub\xray-monolith\src\Layers\xrRenderVulkan\xrRender_Vulkan.vcxproj]
  (compiling source file '/vk_SkeletonRigid.cpp')
  
C:\Users\egorb\OneDrive\Documentos\GitHub\xray-monolith\src\Layers\xrRender\sh_texture.h(116,21): error C3646: 'desc': unknown override specifier [C:\Users\egorb\OneDrive\Documentos\GitHub\xray-monolith\src\Layers\xrRenderVulkan\xrRender_Vulkan.vcxproj]
  (compiling source file '/vk_SkeletonStubs.cpp')
  
C:\Users\egorb\OneDrive\Documentos\GitHub\xray-monolith\src\Layers\xrRender\sh_texture.h(116,21): error C3646: 'desc': unknown override specifier [C:\Users\egorb\OneDrive\Documentos\GitHub\xray-monolith\src\Layers\xrRenderVulkan\xrRender_Vulkan.vcxproj]
  (compiling source file '/vk_SkeletonX.cpp')
  
C:\Users\egorb\OneDrive\Documentos\GitHub\xray-monolith\src\Layers\xrRender\sh_texture.h(116,21): error C3646: 'desc': unknown override specifier [C:\Users\egorb\OneDrive\Documentos\GitHub\xray-monolith\src\Layers\xrRenderVulkan\xrRender_Vulkan.vcxproj]
  (compiling source file '/vk_SkeletonAnimated.cpp')
  
C:\Users\egorb\OneDrive\Documentos\GitHub\xray-monolith\src\Layers\xrRender\sh_texture.h(116,21): error C3646: 'desc': unknown override specifier [C:\Users\egorb\OneDrive\Documentos\GitHub\xray-monolith\src\Layers\xrRenderVulkan\xrRender_Vulkan.vcxproj]
  (compiling source file '/vk_SkeletonCustom.cpp')
  
C:\Users\egorb\OneDrive\Documentos\GitHub\xray-monolith\src\Layers\xrRender\sh_texture.h(116,2): error C4430: missing type specifier - int assumed. Note: C++ does not support default-int [C:\Users\egorb\OneDrive\Documentos\GitHub\xray-monolith\src\Layers\xrRenderVulkan\xrRender_Vulkan.vcxproj]
  (compiling source file '/vk_SkeletonRigid.cpp')
  
C:\Users\egorb\OneDrive\Documentos\GitHub\xray-monolith\src\Layers\xrRender\sh_texture.h(116,2): error C4430: missing type specifier - int assumed. Note: C++ does not support default-int [C:\Users\egorb\OneDrive\Documentos\GitHub\xray-monolith\src\Layers\xrRenderVulkan\xrRender_Vulkan.vcxproj]
  (compiling source file '/vk_SkeletonStubs.cpp')
  
C:\Users\egorb\OneDrive\Documentos\GitHub\xray-monolith\src\Layers\xrRender\sh_texture.h(116,2): error C4430: missing type specifier - int assumed. Note: C++ does not support default-int [C:\Users\egorb\OneDrive\Documentos\GitHub\xray-monolith\src\Layers\xrRenderVulkan\xrRender_Vulkan.vcxproj]
  (compiling source file '/vk_SkeletonAnimated.cpp')
  
C:\Users\egorb\OneDrive\Documentos\GitHub\xray-monolith\src\Layers\xrRender\sh_texture.h(116,2): error C4430: missing type specifier - int assumed. Note: C++ does not support default-int [C:\Users\egorb\OneDrive\Documentos\GitHub\xray-monolith\src\Layers\xrRenderVulkan\xrRender_Vulkan.vcxproj]
  (compiling source file '/vk_SkeletonX.cpp')
  
C:\Users\egorb\OneDrive\Documentos\GitHub\xray-monolith\src\Layers\xrRender\sh_texture.h(116,2): error C4430: missing type specifier - int assumed. Note: C++ does not support default-int [C:\Users\egorb\OneDrive\Documentos\GitHub\xray-monolith\src\Layers\xrRenderVulkan\xrRender_Vulkan.vcxproj]
  (compiling source file '/vk_SkeletonCustom.cpp')
  
C:\Users\egorb\OneDrive\Documentos\GitHub\xray-monolith\src\Layers\xrRender\sh_texture.h(47,10): error C2065: 'desc': undeclared identifier [C:\Users\egorb\OneDrive\Documentos\GitHub\xray-monolith\src\Layers\xrRenderVulkan\xrRender_Vulkan.vcxproj]
  (compiling source file '/vk_SkeletonX.cpp')
  
C:\Users\egorb\OneDrive\Documentos\GitHub\xray-monolith\src\Layers\xrRender\sh_texture.h(47,10): error C2065: 'desc': undeclared identifier [C:\Users\egorb\OneDrive\Documentos\GitHub\xray-monolith\src\Layers\xrRenderVulkan\xrRender_Vulkan.vcxproj]
  (compiling source file '/vk_SkeletonStubs.cpp')
  
C:\Users\egorb\OneDrive\Documentos\GitHub\xray-monolith\src\Layers\xrRender\sh_texture.h(47,10): error C2065: 'desc': undeclared identifier [C:\Users\egorb\OneDrive\Documentos\GitHub\xray-monolith\src\Layers\xrRenderVulkan\xrRender_Vulkan.vcxproj]
  (compiling source file '/vk_SkeletonAnimated.cpp')
  
C:\Users\egorb\OneDrive\Documentos\GitHub\xray-monolith\src\Layers\xrRender\sh_texture.h(47,10): error C2065: 'desc': undeclared identifier [C:\Users\egorb\OneDrive\Documentos\GitHub\xray-monolith\src\Layers\xrRenderVulkan\xrRender_Vulkan.vcxproj]
  (compiling source file '/vk_SkeletonCustom.cpp')
  
C:\Users\egorb\OneDrive\Documentos\GitHub\xray-monolith\src\Layers\xrRender\sh_texture.h(47,10): error C2065: 'desc': undeclared identifier [C:\Users\egorb\OneDrive\Documentos\GitHub\xray-monolith\src\Layers\xrRenderVulkan\xrRender_Vulkan.vcxproj]
  (compiling source file '/vk_SkeletonRigid.cpp')
  
C:\Users\egorb\OneDrive\Documentos\GitHub\xray-monolith\src\Layers\xrRender\sh_texture.h(53,10): error C2065: 'desc': undeclared identifier [C:\Users\egorb\OneDrive\Documentos\GitHub\xray-monolith\src\Layers\xrRenderVulkan\xrRender_Vulkan.vcxproj]
  (compiling source file '/vk_SkeletonStubs.cpp')
  
C:\Users\egorb\OneDrive\Documentos\GitHub\xray-monolith\src\Layers\xrRender\sh_texture.h(53,10): error C2065: 'desc': undeclared identifier [C:\Users\egorb\OneDrive\Documentos\GitHub\xray-monolith\src\Layers\xrRenderVulkan\xrRender_Vulkan.vcxproj]
  (compiling source file '/vk_SkeletonAnimated.cpp')
  
C:\Users\egorb\OneDrive\Documentos\GitHub\xray-monolith\src\Layers\xrRender\sh_texture.h(53,10): error C2065: 'desc': undeclared identifier [C:\Users\egorb\OneDrive\Documentos\GitHub\xray-monolith\src\Layers\xrRenderVulkan\xrRender_Vulkan.vcxproj]
  (compiling source file '/vk_SkeletonX.cpp')
  
C:\Users\egorb\OneDrive\Documentos\GitHub\xray-monolith\src\Layers\xrRender\sh_texture.h(53,10): error C2065: 'desc': undeclared identifier [C:\Users\egorb\OneDrive\Documentos\GitHub\xray-monolith\src\Layers\xrRenderVulkan\xrRender_Vulkan.vcxproj]
  (compiling source file '/vk_SkeletonRigid.cpp')
  
C:\Users\egorb\OneDrive\Documentos\GitHub\xray-monolith\src\Layers\xrRender\sh_texture.h(70,32): error C2065: 'pSurface': undeclared identifier [C:\Users\egorb\OneDrive\Documentos\GitHub\xray-monolith\src\Layers\xrRenderVulkan\xrRender_Vulkan.vcxproj]
  (compiling source file '/vk_SkeletonStubs.cpp')
  
C:\Users\egorb\OneDrive\Documentos\GitHub\xray-monolith\src\Layers\xrRender\sh_texture.h(53,10): error C2065: 'desc': undeclared identifier [C:\Users\egorb\OneDrive\Documentos\GitHub\xray-monolith\src\Layers\xrRenderVulkan\xrRender_Vulkan.vcxproj]
  (compiling source file '/vk_SkeletonCustom.cpp')
  
C:\Users\egorb\OneDrive\Documentos\GitHub\xray-monolith\src\Layers\xrRender\sh_texture.h(70,32): error C2065: 'pSurface': undeclared identifier [C:\Users\egorb\OneDrive\Documentos\GitHub\xray-monolith\src\Layers\xrRenderVulkan\xrRender_Vulkan.vcxproj]
  (compiling source file '/vk_SkeletonX.cpp')
  
C:\Users\egorb\OneDrive\Documentos\GitHub\xray-monolith\src\Layers\xrRender\sh_texture.h(70,32): error C2065: 'pSurface': undeclared identifier [C:\Users\egorb\OneDrive\Documentos\GitHub\xray-monolith\src\Layers\xrRenderVulkan\xrRender_Vulkan.vcxproj]
  (compiling source file '/vk_SkeletonAnimated.cpp')
  
C:\Users\egorb\OneDrive\Documentos\GitHub\xray-monolith\src\Layers\xrRender\sh_texture.h(70,32): error C2065: 'pSurface': undeclared identifier [C:\Users\egorb\OneDrive\Documentos\GitHub\xray-monolith\src\Layers\xrRenderVulkan\xrRender_Vulkan.vcxproj]
  (compiling source file '/vk_SkeletonRigid.cpp')
  
C:\Users\egorb\OneDrive\Documentos\GitHub\xray-monolith\src\Layers\xrRender\sh_texture.h(70,44): error C2065: 'desc_cache': undeclared identifier [C:\Users\egorb\OneDrive\Documentos\GitHub\xray-monolith\src\Layers\xrRenderVulkan\xrRender_Vulkan.vcxproj]
  (compiling source file '/vk_SkeletonStubs.cpp')
  
C:\Users\egorb\OneDrive\Documentos\GitHub\xray-monolith\src\Layers\xrRender\sh_texture.h(70,44): error C2065: 'desc_cache': undeclared identifier [C:\Users\egorb\OneDrive\Documentos\GitHub\xray-monolith\src\Layers\xrRenderVulkan\xrRender_Vulkan.vcxproj]
  (compiling source file '/vk_SkeletonAnimated.cpp')
  
C:\Users\egorb\OneDrive\Documentos\GitHub\xray-monolith\src\Layers\xrRender\sh_texture.h(70,32): error C2065: 'pSurface': undeclared identifier [C:\Users\egorb\OneDrive\Documentos\GitHub\xray-monolith\src\Layers\xrRenderVulkan\xrRender_Vulkan.vcxproj]
  (compiling source file '/vk_SkeletonCustom.cpp')
  
C:\Users\egorb\OneDrive\Documentos\GitHub\xray-monolith\src\Layers\xrRender\sh_texture.h(70,44): error C2065: 'desc_cache': undeclared identifier [C:\Users\egorb\OneDrive\Documentos\GitHub\xray-monolith\src\Layers\xrRenderVulkan\xrRender_Vulkan.vcxproj]
  (compiling source file '/vk_SkeletonX.cpp')
  
C:\Users\egorb\OneDrive\Documentos\GitHub\xray-monolith\src\Layers\xrRender\sh_texture.h(70,44): error C2065: 'desc_cache': undeclared identifier [C:\Users\egorb\OneDrive\Documentos\GitHub\xray-monolith\src\Layers\xrRenderVulkan\xrRender_Vulkan.vcxproj]
  (compiling source file '/vk_SkeletonCustom.cpp')
  
C:\Users\egorb\OneDrive\Documentos\GitHub\xray-monolith\src\Layers\xrRender\sh_texture.h(70,44): error C2065: 'desc_cache': undeclared identifier [C:\Users\egorb\OneDrive\Documentos\GitHub\xray-monolith\src\Layers\xrRenderVulkan\xrRender_Vulkan.vcxproj]
  (compiling source file '/vk_SkeletonRigid.cpp')
  
C:\Users\egorb\OneDrive\Documentos\GitHub\xray-monolith\src\Layers\xrRender\sh_rt.h(22,15): error C2143: syntax error: missing ';' before '*' [C:\Users\egorb\OneDrive\Documentos\GitHub\xray-monolith\src\Layers\xrRenderVulkan\xrRender_Vulkan.vcxproj]
  (compiling source file '/vk_SkeletonCustom.cpp')
  
C:\Users\egorb\OneDrive\Documentos\GitHub\xray-monolith\src\Layers\xrRender\sh_rt.h(22,15): error C2143: syntax error: missing ';' before '*' [C:\Users\egorb\OneDrive\Documentos\GitHub\xray-monolith\src\Layers\xrRenderVulkan\xrRender_Vulkan.vcxproj]
  (compiling source file '/vk_SkeletonRigid.cpp')
  
C:\Users\egorb\OneDrive\Documentos\GitHub\xray-monolith\src\Layers\xrRender\sh_rt.h(22,15): error C2143: syntax error: missing ';' before '*' [C:\Users\egorb\OneDrive\Documentos\GitHub\xray-monolith\src\Layers\xrRenderVulkan\xrRender_Vulkan.vcxproj]
  (compiling source file '/vk_SkeletonX.cpp')
  
C:\Users\egorb\OneDrive\Documentos\GitHub\xray-monolith\src\Layers\xrRender\sh_rt.h(22,15): error C2143: syntax error: missing ';' before '*' [C:\Users\egorb\OneDrive\Documentos\GitHub\xray-monolith\src\Layers\xrRenderVulkan\xrRender_Vulkan.vcxproj]
  (compiling source file '/vk_SkeletonStubs.cpp')
  
C:\Users\egorb\OneDrive\Documentos\GitHub\xray-monolith\src\Layers\xrRender\sh_rt.h(22,15): error C2143: syntax error: missing ';' before '*' [C:\Users\egorb\OneDrive\Documentos\GitHub\xray-monolith\src\Layers\xrRenderVulkan\xrRender_Vulkan.vcxproj]
  (compiling source file '/vk_SkeletonAnimated.cpp')
  
C:\Users\egorb\OneDrive\Documentos\GitHub\xray-monolith\src\Layers\xrRender\sh_rt.h(22,2): error C4430: missing type specifier - int assumed. Note: C++ does not support default-int [C:\Users\egorb\OneDrive\Documentos\GitHub\xray-monolith\src\Layers\xrRenderVulkan\xrRender_Vulkan.vcxproj]
  (compiling source file '/vk_SkeletonCustom.cpp')
  
C:\Users\egorb\OneDrive\Documentos\GitHub\xray-monolith\src\Layers\xrRender\sh_rt.h(22,2): error C4430: missing type specifier - int assumed. Note: C++ does not support default-int [C:\Users\egorb\OneDrive\Documentos\GitHub\xray-monolith\src\Layers\xrRenderVulkan\xrRender_Vulkan.vcxproj]
  (compiling source file '/vk_SkeletonRigid.cpp')
  
C:\Users\egorb\OneDrive\Documentos\GitHub\xray-monolith\src\Layers\xrRender\sh_rt.h(22,2): error C4430: missing type specifier - int assumed. Note: C++ does not support default-int [C:\Users\egorb\OneDrive\Documentos\GitHub\xray-monolith\src\Layers\xrRenderVulkan\xrRender_Vulkan.vcxproj]
  (compiling source file '/vk_SkeletonStubs.cpp')
  
C:\Users\egorb\OneDrive\Documentos\GitHub\xray-monolith\src\Layers\xrRender\sh_rt.h(22,2): error C4430: missing type specifier - int assumed. Note: C++ does not support default-int [C:\Users\egorb\OneDrive\Documentos\GitHub\xray-monolith\src\Layers\xrRenderVulkan\xrRender_Vulkan.vcxproj]
  (compiling source file '/vk_SkeletonX.cpp')
  
C:\Users\egorb\OneDrive\Documentos\GitHub\xray-monolith\src\Layers\xrRender\sh_rt.h(22,25): error C2238: unexpected token(s) preceding ';' [C:\Users\egorb\OneDrive\Documentos\GitHub\xray-monolith\src\Layers\xrRenderVulkan\xrRender_Vulkan.vcxproj]
  (compiling source file '/vk_SkeletonCustom.cpp')
  
C:\Users\egorb\OneDrive\Documentos\GitHub\xray-monolith\src\Layers\xrRender\sh_rt.h(22,2): error C4430: missing type specifier - int assumed. Note: C++ does not support default-int [C:\Users\egorb\OneDrive\Documentos\GitHub\xray-monolith\src\Layers\xrRenderVulkan\xrRender_Vulkan.vcxproj]
  (compiling source file '/vk_SkeletonAnimated.cpp')
  
C:\Users\egorb\OneDrive\Documentos\GitHub\xray-monolith\src\Layers\xrRender\sh_rt.h(22,25): error C2238: unexpected token(s) preceding ';' [C:\Users\egorb\OneDrive\Documentos\GitHub\xray-monolith\src\Layers\xrRenderVulkan\xrRender_Vulkan.vcxproj]
  (compiling source file '/vk_SkeletonRigid.cpp')
  
C:\Users\egorb\OneDrive\Documentos\GitHub\xray-monolith\src\Layers\xrRender\sh_rt.h(22,25): error C2238: unexpected token(s) preceding ';' [C:\Users\egorb\OneDrive\Documentos\GitHub\xray-monolith\src\Layers\xrRenderVulkan\xrRender_Vulkan.vcxproj]
  (compiling source file '/vk_SkeletonStubs.cpp')
  
C:\Users\egorb\OneDrive\Documentos\GitHub\xray-monolith\src\Layers\xrRender\sh_rt.h(22,25): error C2238: unexpected token(s) preceding ';' [C:\Users\egorb\OneDrive\Documentos\GitHub\xray-monolith\src\Layers\xrRenderVulkan\xrRender_Vulkan.vcxproj]
  (compiling source file '/vk_SkeletonX.cpp')
  
C:\Users\egorb\OneDrive\Documentos\GitHub\xray-monolith\src\Layers\xrRender\sh_rt.h(22,25): error C2238: unexpected token(s) preceding ';' [C:\Users\egorb\OneDrive\Documentos\GitHub\xray-monolith\src\Layers\xrRenderVulkan\xrRender_Vulkan.vcxproj]
  (compiling source file '/vk_SkeletonAnimated.cpp')
  
C:\Users\egorb\OneDrive\Documentos\GitHub\xray-monolith\src\Layers\xrRender\sh_rt.h(23,22): error C2143: syntax error: missing ';' before '*' [C:\Users\egorb\OneDrive\Documentos\GitHub\xray-monolith\src\Layers\xrRenderVulkan\xrRender_Vulkan.vcxproj]
  (compiling source file '/vk_SkeletonCustom.cpp')
  
C:\Users\egorb\OneDrive\Documentos\GitHub\xray-monolith\src\Layers\xrRender\sh_rt.h(23,22): error C2143: syntax error: missing ';' before '*' [C:\Users\egorb\OneDrive\Documentos\GitHub\xray-monolith\src\Layers\xrRenderVulkan\xrRender_Vulkan.vcxproj]
  (compiling source file '/vk_SkeletonRigid.cpp')
  
C:\Users\egorb\OneDrive\Documentos\GitHub\xray-monolith\src\Layers\xrRender\sh_rt.h(23,22): error C2143: syntax error: missing ';' before '*' [C:\Users\egorb\OneDrive\Documentos\GitHub\xray-monolith\src\Layers\xrRenderVulkan\xrRender_Vulkan.vcxproj]
  (compiling source file '/vk_SkeletonStubs.cpp')
  
C:\Users\egorb\OneDrive\Documentos\GitHub\xray-monolith\src\Layers\xrRender\sh_rt.h(23,22): error C2143: syntax error: missing ';' before '*' [C:\Users\egorb\OneDrive\Documentos\GitHub\xray-monolith\src\Layers\xrRenderVulkan\xrRender_Vulkan.vcxproj]
  (compiling source file '/vk_SkeletonX.cpp')
  
C:\Users\egorb\OneDrive\Documentos\GitHub\xray-monolith\src\Layers\xrRender\sh_rt.h(23,22): error C2143: syntax error: missing ';' before '*' [C:\Users\egorb\OneDrive\Documentos\GitHub\xray-monolith\src\Layers\xrRenderVulkan\xrRender_Vulkan.vcxproj]
  (compiling source file '/vk_SkeletonAnimated.cpp')
  
C:\Users\egorb\OneDrive\Documentos\GitHub\xray-monolith\src\Layers\xrRender\sh_rt.h(23,2): error C4430: missing type specifier - int assumed. Note: C++ does not support default-int [C:\Users\egorb\OneDrive\Documentos\GitHub\xray-monolith\src\Layers\xrRenderVulkan\xrRender_Vulkan.vcxproj]
  (compiling source file '/vk_SkeletonCustom.cpp')
  
C:\Users\egorb\OneDrive\Documentos\GitHub\xray-monolith\src\Layers\xrRender\sh_rt.h(23,2): error C4430: missing type specifier - int assumed. Note: C++ does not support default-int [C:\Users\egorb\OneDrive\Documentos\GitHub\xray-monolith\src\Layers\xrRenderVulkan\xrRender_Vulkan.vcxproj]
  (compiling source file '/vk_SkeletonRigid.cpp')
  
C:\Users\egorb\OneDrive\Documentos\GitHub\xray-monolith\src\Layers\xrRender\sh_rt.h(23,2): error C4430: missing type specifier - int assumed. Note: C++ does not support default-int [C:\Users\egorb\OneDrive\Documentos\GitHub\xray-monolith\src\Layers\xrRenderVulkan\xrRender_Vulkan.vcxproj]
  (compiling source file '/vk_SkeletonStubs.cpp')
  
C:\Users\egorb\OneDrive\Documentos\GitHub\xray-monolith\src\Layers\xrRender\sh_rt.h(23,2): error C4430: missing type specifier - int assumed. Note: C++ does not support default-int [C:\Users\egorb\OneDrive\Documentos\GitHub\xray-monolith\src\Layers\xrRenderVulkan\xrRender_Vulkan.vcxproj]
  (compiling source file '/vk_SkeletonAnimated.cpp')
  
C:\Users\egorb\OneDrive\Documentos\GitHub\xray-monolith\src\Layers\xrRender\sh_rt.h(23,2): error C4430: missing type specifier - int assumed. Note: C++ does not support default-int [C:\Users\egorb\OneDrive\Documentos\GitHub\xray-monolith\src\Layers\xrRenderVulkan\xrRender_Vulkan.vcxproj]
  (compiling source file '/vk_SkeletonX.cpp')
  
C:\Users\egorb\OneDrive\Documentos\GitHub\xray-monolith\src\Layers\xrRender\sh_rt.h(23,27): error C2238: unexpected token(s) preceding ';' [C:\Users\egorb\OneDrive\Documentos\GitHub\xray-monolith\src\Layers\xrRenderVulkan\xrRender_Vulkan.vcxproj]
  (compiling source file '/vk_SkeletonCustom.cpp')
  
C:\Users\egorb\OneDrive\Documentos\GitHub\xray-monolith\src\Layers\xrRender\sh_rt.h(23,27): error C2238: unexpected token(s) preceding ';' [C:\Users\egorb\OneDrive\Documentos\GitHub\xray-monolith\src\Layers\xrRenderVulkan\xrRender_Vulkan.vcxproj]
  (compiling source file '/vk_SkeletonAnimated.cpp')
  
C:\Users\egorb\OneDrive\Documentos\GitHub\xray-monolith\src\Layers\xrRender\sh_rt.h(23,27): error C2238: unexpected token(s) preceding ';' [C:\Users\egorb\OneDrive\Documentos\GitHub\xray-monolith\src\Layers\xrRenderVulkan\xrRender_Vulkan.vcxproj]
  (compiling source file '/vk_SkeletonRigid.cpp')
  
C:\Users\egorb\OneDrive\Documentos\GitHub\xray-monolith\src\Layers\xrRender\sh_rt.h(23,27): error C2238: unexpected token(s) preceding ';' [C:\Users\egorb\OneDrive\Documentos\GitHub\xray-monolith\src\Layers\xrRenderVulkan\xrRender_Vulkan.vcxproj]
  (compiling source file '/vk_SkeletonStubs.cpp')
  
C:\Users\egorb\OneDrive\Documentos\GitHub\xray-monolith\src\Layers\xrRender\sh_rt.h(23,27): error C2238: unexpected token(s) preceding ';' [C:\Users\egorb\OneDrive\Documentos\GitHub\xray-monolith\src\Layers\xrRenderVulkan\xrRender_Vulkan.vcxproj]
  (compiling source file '/vk_SkeletonX.cpp')
  
C:\Users\egorb\OneDrive\Documentos\GitHub\xray-monolith\src\Layers\xrRender\Shader.h(86,49): error C2040: 'ref_geom': 'resptr_core<SGeometry,resptrcode_geom>' differs in levels of indirection from 'void *' [C:\Users\egorb\OneDrive\Documentos\GitHub\xray-monolith\src\Layers\xrRenderVulkan\xrRender_Vulkan.vcxproj]
  (compiling source file '/vk_SkeletonRigid.cpp')
  
C:\Users\egorb\OneDrive\Documentos\GitHub\xray-monolith\src\Layers\xrRender\Shader.h(86,49): error C2040: 'ref_geom': 'resptr_core<SGeometry,resptrcode_geom>' differs in levels of indirection from 'void *' [C:\Users\egorb\OneDrive\Documentos\GitHub\xray-monolith\src\Layers\xrRenderVulkan\xrRender_Vulkan.vcxproj]
  (compiling source file '/vk_SkeletonCustom.cpp')
  
C:\Users\egorb\OneDrive\Documentos\GitHub\xray-monolith\src\Layers\xrRender\Shader.h(86,49): error C2040: 'ref_geom': 'resptr_core<SGeometry,resptrcode_geom>' differs in levels of indirection from 'void *' [C:\Users\egorb\OneDrive\Documentos\GitHub\xray-monolith\src\Layers\xrRenderVulkan\xrRender_Vulkan.vcxproj]
  (compiling source file '/vk_SkeletonAnimated.cpp')
  
C:\Users\egorb\OneDrive\Documentos\GitHub\xray-monolith\src\Layers\xrRender\Shader.h(86,49): error C2040: 'ref_geom': 'resptr_core<SGeometry,resptrcode_geom>' differs in levels of indirection from 'void *' [C:\Users\egorb\OneDrive\Documentos\GitHub\xray-monolith\src\Layers\xrRenderVulkan\xrRender_Vulkan.vcxproj]
  (compiling source file '/vk_SkeletonX.cpp')
  
C:\Users\egorb\OneDrive\Documentos\GitHub\xray-monolith\src\Layers\xrRender\Shader.h(86,49): error C2040: 'ref_geom': 'resptr_core<SGeometry,resptrcode_geom>' differs in levels of indirection from 'void *' [C:\Users\egorb\OneDrive\Documentos\GitHub\xray-monolith\src\Layers\xrRenderVulkan\xrRender_Vulkan.vcxproj]
  (compiling source file '/vk_SkeletonStubs.cpp')
  
C:\Users\egorb\OneDrive\Documentos\GitHub\xray-monolith\src\Layers\xrRender\r__dsgraph_types.h(143,43): error C2065: 'ID3DState': undeclared identifier [C:\Users\egorb\OneDrive\Documentos\GitHub\xray-monolith\src\Layers\xrRenderVulkan\xrRender_Vulkan.vcxproj]
  (compiling source file '/vk_SkeletonRigid.cpp')
  
C:\Users\egorb\OneDrive\Documentos\GitHub\xray-monolith\src\Layers\xrRender\r__dsgraph_types.h(143,53): error C2059: syntax error: ',' [C:\Users\egorb\OneDrive\Documentos\GitHub\xray-monolith\src\Layers\xrRenderVulkan\xrRender_Vulkan.vcxproj]
  (compiling source file '/vk_SkeletonRigid.cpp')
  
C:\Users\egorb\OneDrive\Documentos\GitHub\xray-monolith\src\Layers\xrRender\r__dsgraph_types.h(143,43): error C2065: 'ID3DState': undeclared identifier [C:\Users\egorb\OneDrive\Documentos\GitHub\xray-monolith\src\Layers\xrRenderVulkan\xrRender_Vulkan.vcxproj]
  (compiling source file '/vk_SkeletonCustom.cpp')
  
C:\Users\egorb\OneDrive\Documentos\GitHub\xray-monolith\src\Layers\xrRender\r__dsgraph_types.h(143,34): error C3770: '<error type>': is not a valid base class [C:\Users\egorb\OneDrive\Documentos\GitHub\xray-monolith\src\Layers\xrRenderVulkan\xrRender_Vulkan.vcxproj]
  (compiling source file '/vk_SkeletonRigid.cpp')
  
C:\Users\egorb\OneDrive\Documentos\GitHub\xray-monolith\src\Layers\xrRender\r__dsgraph_types.h(143,53): error C2059: syntax error: ',' [C:\Users\egorb\OneDrive\Documentos\GitHub\xray-monolith\src\Layers\xrRenderVulkan\xrRender_Vulkan.vcxproj]
  (compiling source file '/vk_SkeletonCustom.cpp')
  
C:\Users\egorb\OneDrive\Documentos\GitHub\xray-monolith\src\Layers\xrRender\r__dsgraph_types.h(143,34): error C3770: '<error type>': is not a valid base class [C:\Users\egorb\OneDrive\Documentos\GitHub\xray-monolith\src\Layers\xrRenderVulkan\xrRender_Vulkan.vcxproj]
  (compiling source file '/vk_SkeletonCustom.cpp')
  
C:\Users\egorb\OneDrive\Documentos\GitHub\xray-monolith\src\Layers\xrRender\r__dsgraph_types.h(143,43): error C2065: 'ID3DState': undeclared identifier [C:\Users\egorb\OneDrive\Documentos\GitHub\xray-monolith\src\Layers\xrRenderVulkan\xrRender_Vulkan.vcxproj]
  (compiling source file '/vk_SkeletonAnimated.cpp')
  
C:\Users\egorb\OneDrive\Documentos\GitHub\xray-monolith\src\Layers\xrRender\r__dsgraph_types.h(143,53): error C2059: syntax error: ',' [C:\Users\egorb\OneDrive\Documentos\GitHub\xray-monolith\src\Layers\xrRenderVulkan\xrRender_Vulkan.vcxproj]
  (compiling source file '/vk_SkeletonAnimated.cpp')
  
C:\Users\egorb\OneDrive\Documentos\GitHub\xray-monolith\src\Layers\xrRender\r__dsgraph_types.h(143,34): error C3770: '<error type>': is not a valid base class [C:\Users\egorb\OneDrive\Documentos\GitHub\xray-monolith\src\Layers\xrRenderVulkan\xrRender_Vulkan.vcxproj]
  (compiling source file '/vk_SkeletonAnimated.cpp')
  
C:\Users\egorb\OneDrive\Documentos\GitHub\xray-monolith\src\Layers\xrRender\r__dsgraph_types.h(143,43): error C2065: 'ID3DState': undeclared identifier [C:\Users\egorb\OneDrive\Documentos\GitHub\xray-monolith\src\Layers\xrRenderVulkan\xrRender_Vulkan.vcxproj]
  (compiling source file '/vk_SkeletonX.cpp')
  
C:\Users\egorb\OneDrive\Documentos\GitHub\xray-monolith\src\Layers\xrRender\r__dsgraph_types.h(143,53): error C2059: syntax error: ',' [C:\Users\egorb\OneDrive\Documentos\GitHub\xray-monolith\src\Layers\xrRenderVulkan\xrRender_Vulkan.vcxproj]
  (compiling source file '/vk_SkeletonX.cpp')
  
C:\Users\egorb\OneDrive\Documentos\GitHub\xray-monolith\src\Layers\xrRender\r__dsgraph_types.h(143,34): error C3770: '<error type>': is not a valid base class [C:\Users\egorb\OneDrive\Documentos\GitHub\xray-monolith\src\Layers\xrRenderVulkan\xrRender_Vulkan.vcxproj]
  (compiling source file '/vk_SkeletonX.cpp')
  
C:\Users\egorb\OneDrive\Documentos\GitHub\xray-monolith\src\Layers\xrRender\r__dsgraph_types.h(143,43): error C2065: 'ID3DState': undeclared identifier [C:\Users\egorb\OneDrive\Documentos\GitHub\xray-monolith\src\Layers\xrRenderVulkan\xrRender_Vulkan.vcxproj]
  (compiling source file '/vk_SkeletonStubs.cpp')
  
C:\Users\egorb\OneDrive\Documentos\GitHub\xray-monolith\src\Layers\xrRender\r__dsgraph_types.h(143,53): error C2059: syntax error: ',' [C:\Users\egorb\OneDrive\Documentos\GitHub\xray-monolith\src\Layers\xrRenderVulkan\xrRender_Vulkan.vcxproj]
  (compiling source file '/vk_SkeletonStubs.cpp')
  
C:\Users\egorb\OneDrive\Documentos\GitHub\xray-monolith\src\Layers\xrRender\r__dsgraph_types.h(143,34): error C3770: '<error type>': is not a valid base class [C:\Users\egorb\OneDrive\Documentos\GitHub\xray-monolith\src\Layers\xrRenderVulkan\xrRender_Vulkan.vcxproj]
  (compiling source file '/vk_SkeletonStubs.cpp')
  
C:\Users\egorb\OneDrive\Documentos\GitHub\xray-monolith\src\Layers\xrRender\r__dsgraph_types.h(193,43): error C2065: 'ID3DState': undeclared identifier [C:\Users\egorb\OneDrive\Documentos\GitHub\xray-monolith\src\Layers\xrRenderVulkan\xrRender_Vulkan.vcxproj]
  (compiling source file '/vk_SkeletonCustom.cpp')
  
C:\Users\egorb\OneDrive\Documentos\GitHub\xray-monolith\src\Layers\xrRender\r__dsgraph_types.h(193,43): error C2065: 'ID3DState': undeclared identifier [C:\Users\egorb\OneDrive\Documentos\GitHub\xray-monolith\src\Layers\xrRenderVulkan\xrRender_Vulkan.vcxproj]
  (compiling source file '/vk_SkeletonAnimated.cpp')
  
C:\Users\egorb\OneDrive\Documentos\GitHub\xray-monolith\src\Layers\xrRender\r__dsgraph_types.h(193,53): error C2059: syntax error: ',' [C:\Users\egorb\OneDrive\Documentos\GitHub\xray-monolith\src\Layers\xrRenderVulkan\xrRender_Vulkan.vcxproj]
  (compiling source file '/vk_SkeletonCustom.cpp')
  
C:\Users\egorb\OneDrive\Documentos\GitHub\xray-monolith\src\Layers\xrRender\r__dsgraph_types.h(193,53): error C2059: syntax error: ',' [C:\Users\egorb\OneDrive\Documentos\GitHub\xray-monolith\src\Layers\xrRenderVulkan\xrRender_Vulkan.vcxproj]
  (compiling source file '/vk_SkeletonAnimated.cpp')
  
C:\Users\egorb\OneDrive\Documentos\GitHub\xray-monolith\src\Layers\xrRender\r__dsgraph_types.h(193,34): error C3770: '<error type>': is not a valid base class [C:\Users\egorb\OneDrive\Documentos\GitHub\xray-monolith\src\Layers\xrRenderVulkan\xrRender_Vulkan.vcxproj]
  (compiling source file '/vk_SkeletonCustom.cpp')
  
C:\Users\egorb\OneDrive\Documentos\GitHub\xray-monolith\src\Layers\xrRender\r__dsgraph_types.h(193,34): error C3770: '<error type>': is not a valid base class [C:\Users\egorb\OneDrive\Documentos\GitHub\xray-monolith\src\Layers\xrRenderVulkan\xrRender_Vulkan.vcxproj]
  (compiling source file '/vk_SkeletonAnimated.cpp')
  
C:\Users\egorb\OneDrive\Documentos\GitHub\xray-monolith\src\Layers\xrRender\r__dsgraph_types.h(193,43): error C2065: 'ID3DState': undeclared identifier [C:\Users\egorb\OneDrive\Documentos\GitHub\xray-monolith\src\Layers\xrRenderVulkan\xrRender_Vulkan.vcxproj]
  (compiling source file '/vk_SkeletonRigid.cpp')
  
C:\Users\egorb\OneDrive\Documentos\GitHub\xray-monolith\src\Layers\xrRender\r__dsgraph_types.h(193,53): error C2059: syntax error: ',' [C:\Users\egorb\OneDrive\Documentos\GitHub\xray-monolith\src\Layers\xrRenderVulkan\xrRender_Vulkan.vcxproj]
  (compiling source file '/vk_SkeletonRigid.cpp')
  
C:\Users\egorb\OneDrive\Documentos\GitHub\xray-monolith\src\Layers\xrRender\r__dsgraph_types.h(193,34): error C3770: '<error type>': is not a valid base class [C:\Users\egorb\OneDrive\Documentos\GitHub\xray-monolith\src\Layers\xrRenderVulkan\xrRender_Vulkan.vcxproj]
  (compiling source file '/vk_SkeletonRigid.cpp')
  
C:\Users\egorb\OneDrive\Documentos\GitHub\xray-monolith\src\Layers\xrRender\r__dsgraph_types.h(193,43): error C2065: 'ID3DState': undeclared identifier [C:\Users\egorb\OneDrive\Documentos\GitHub\xray-monolith\src\Layers\xrRenderVulkan\xrRender_Vulkan.vcxproj]
  (compiling source file '/vk_SkeletonX.cpp')
  
C:\Users\egorb\OneDrive\Documentos\GitHub\xray-monolith\src\Layers\xrRender\r__dsgraph_types.h(193,53): error C2059: syntax error: ',' [C:\Users\egorb\OneDrive\Documentos\GitHub\xray-monolith\src\Layers\xrRenderVulkan\xrRender_Vulkan.vcxproj]
  (compiling source file '/vk_SkeletonX.cpp')
  
C:\Users\egorb\OneDrive\Documentos\GitHub\xray-monolith\src\Layers\xrRender\r__dsgraph_types.h(193,34): error C3770: '<error type>': is not a valid base class [C:\Users\egorb\OneDrive\Documentos\GitHub\xray-monolith\src\Layers\xrRenderVulkan\xrRender_Vulkan.vcxproj]
  (compiling source file '/vk_SkeletonX.cpp')
  
C:\Users\egorb\OneDrive\Documentos\GitHub\xray-monolith\src\Layers\xrRender\r__dsgraph_types.h(193,43): error C2065: 'ID3DState': undeclared identifier [C:\Users\egorb\OneDrive\Documentos\GitHub\xray-monolith\src\Layers\xrRenderVulkan\xrRender_Vulkan.vcxproj]
  (compiling source file '/vk_SkeletonStubs.cpp')
  
C:\Users\egorb\OneDrive\Documentos\GitHub\xray-monolith\src\Layers\xrRender\r__dsgraph_types.h(193,53): error C2059: syntax error: ',' [C:\Users\egorb\OneDrive\Documentos\GitHub\xray-monolith\src\Layers\xrRenderVulkan\xrRender_Vulkan.vcxproj]
  (compiling source file '/vk_SkeletonStubs.cpp')
  
C:\Users\egorb\OneDrive\Documentos\GitHub\xray-monolith\src\Layers\xrRender\r__dsgraph_types.h(193,34): error C3770: '<error type>': is not a valid base class [C:\Users\egorb\OneDrive\Documentos\GitHub\xray-monolith\src\Layers\xrRenderVulkan\xrRender_Vulkan.vcxproj]
  (compiling source file '/vk_SkeletonStubs.cpp')
  
C:\Users\egorb\OneDrive\Documentos\GitHub\xray-monolith\src\Layers\xrRender\r__dsgraph_structure.h(73,40): error C2039: 'TNode': is not a member of 'R_dsgraph::mapNormalStates' [C:\Users\egorb\OneDrive\Documentos\GitHub\xray-monolith\src\Layers\xrRenderVulkan\xrRender_Vulkan.vcxproj]
  (compiling source file '/vk_SkeletonRigid.cpp')
      C:\Users\egorb\OneDrive\Documentos\GitHub\xray-monolith\src\Layers\xrRender\r__dsgraph_types.h(143,9):
      see declaration of 'R_dsgraph::mapNormalStates'
  
C:\Users\egorb\OneDrive\Documentos\GitHub\xray-monolith\src\Layers\xrRender\r__dsgraph_structure.h(73,40): error C2039: 'TNode': is not a member of 'R_dsgraph::mapNormalStates' [C:\Users\egorb\OneDrive\Documentos\GitHub\xray-monolith\src\Layers\xrRenderVulkan\xrRender_Vulkan.vcxproj]
  (compiling source file '/vk_SkeletonX.cpp')
      C:\Users\egorb\OneDrive\Documentos\GitHub\xray-monolith\src\Layers\xrRender\r__dsgraph_types.h(143,9):
      see declaration of 'R_dsgraph::mapNormalStates'
  
C:\Users\egorb\OneDrive\Documentos\GitHub\xray-monolith\src\Layers\xrRender\r__dsgraph_structure.h(73,40): error C2065: 'TNode': undeclared identifier [C:\Users\egorb\OneDrive\Documentos\GitHub\xray-monolith\src\Layers\xrRenderVulkan\xrRender_Vulkan.vcxproj]
  (compiling source file '/vk_SkeletonRigid.cpp')
  
C:\Users\egorb\OneDrive\Documentos\GitHub\xray-monolith\src\Layers\xrRender\r__dsgraph_structure.h(73,46): error C2059: syntax error: ',' [C:\Users\egorb\OneDrive\Documentos\GitHub\xray-monolith\src\Layers\xrRenderVulkan\xrRender_Vulkan.vcxproj]
  (compiling source file '/vk_SkeletonRigid.cpp')
  
C:\Users\egorb\OneDrive\Documentos\GitHub\xray-monolith\src\Layers\xrRender\r__dsgraph_structure.h(73,40): error C2065: 'TNode': undeclared identifier [C:\Users\egorb\OneDrive\Documentos\GitHub\xray-monolith\src\Layers\xrRenderVulkan\xrRender_Vulkan.vcxproj]
  (compiling source file '/vk_SkeletonX.cpp')
  
C:\Users\egorb\OneDrive\Documentos\GitHub\xray-monolith\src\Layers\xrRender\r__dsgraph_structure.h(73,46): error C2059: syntax error: ',' [C:\Users\egorb\OneDrive\Documentos\GitHub\xray-monolith\src\Layers\xrRenderVulkan\xrRender_Vulkan.vcxproj]
  (compiling source file '/vk_SkeletonX.cpp')
  
C:\Users\egorb\OneDrive\Documentos\GitHub\xray-monolith\src\Layers\xrRender\r__dsgraph_structure.h(73,88): error C2039: 'TNode': is not a member of 'R_dsgraph::mapNormalStates' [C:\Users\egorb\OneDrive\Documentos\GitHub\xray-monolith\src\Layers\xrRenderVulkan\xrRender_Vulkan.vcxproj]
  (compiling source file '/vk_SkeletonRigid.cpp')
      C:\Users\egorb\OneDrive\Documentos\GitHub\xray-monolith\src\Layers\xrRender\r__dsgraph_types.h(143,9):
      see declaration of 'R_dsgraph::mapNormalStates'
  
C:\Users\egorb\OneDrive\Documentos\GitHub\xray-monolith\src\Layers\xrRender\r__dsgraph_structure.h(73,88): error C2065: 'TNode': undeclared identifier [C:\Users\egorb\OneDrive\Documentos\GitHub\xray-monolith\src\Layers\xrRenderVulkan\xrRender_Vulkan.vcxproj]
  (compiling source file '/vk_SkeletonRigid.cpp')
  
C:\Users\egorb\OneDrive\Documentos\GitHub\xray-monolith\src\Layers\xrRender\r__dsgraph_structure.h(73,88): error C2039: 'TNode': is not a member of 'R_dsgraph::mapNormalStates' [C:\Users\egorb\OneDrive\Documentos\GitHub\xray-monolith\src\Layers\xrRenderVulkan\xrRender_Vulkan.vcxproj]
  (compiling source file '/vk_SkeletonX.cpp')
      C:\Users\egorb\OneDrive\Documentos\GitHub\xray-monolith\src\Layers\xrRender\r__dsgraph_types.h(143,9):
      see declaration of 'R_dsgraph::mapNormalStates'
  
C:\Users\egorb\OneDrive\Documentos\GitHub\xray-monolith\src\Layers\xrRender\r__dsgraph_structure.h(73,94): error C2059: syntax error: '>' [C:\Users\egorb\OneDrive\Documentos\GitHub\xray-monolith\src\Layers\xrRenderVulkan\xrRender_Vulkan.vcxproj]
  (compiling source file '/vk_SkeletonRigid.cpp')
  
C:\Users\egorb\OneDrive\Documentos\GitHub\xray-monolith\src\Layers\xrRender\r__dsgraph_structure.h(73,40): error C2039: 'TNode': is not a member of 'R_dsgraph::mapNormalStates' [C:\Users\egorb\OneDrive\Documentos\GitHub\xray-monolith\src\Layers\xrRenderVulkan\xrRender_Vulkan.vcxproj]
  (compiling source file '/vk_SkeletonCustom.cpp')
      C:\Users\egorb\OneDrive\Documentos\GitHub\xray-monolith\src\Layers\xrRender\r__dsgraph_types.h(143,9):
      see declaration of 'R_dsgraph::mapNormalStates'
  
C:\Users\egorb\OneDrive\Documentos\GitHub\xray-monolith\src\Layers\xrRender\r__dsgraph_structure.h(73,88): error C2065: 'TNode': undeclared identifier [C:\Users\egorb\OneDrive\Documentos\GitHub\xray-monolith\src\Layers\xrRenderVulkan\xrRender_Vulkan.vcxproj]
  (compiling source file '/vk_SkeletonX.cpp')
  
C:\Users\egorb\OneDrive\Documentos\GitHub\xray-monolith\src\Layers\xrRender\r__dsgraph_structure.h(73,40): error C2065: 'TNode': undeclared identifier [C:\Users\egorb\OneDrive\Documentos\GitHub\xray-monolith\src\Layers\xrRenderVulkan\xrRender_Vulkan.vcxproj]
  (compiling source file '/vk_SkeletonCustom.cpp')
  
C:\Users\egorb\OneDrive\Documentos\GitHub\xray-monolith\src\Layers\xrRender\r__dsgraph_structure.h(73,94): error C2059: syntax error: '>' [C:\Users\egorb\OneDrive\Documentos\GitHub\xray-monolith\src\Layers\xrRenderVulkan\xrRender_Vulkan.vcxproj]
  (compiling source file '/vk_SkeletonX.cpp')
  
C:\Users\egorb\OneDrive\Documentos\GitHub\xray-monolith\src\Layers\xrRender\r__dsgraph_structure.h(73,46): error C2059: syntax error: ',' [C:\Users\egorb\OneDrive\Documentos\GitHub\xray-monolith\src\Layers\xrRenderVulkan\xrRender_Vulkan.vcxproj]
  (compiling source file '/vk_SkeletonCustom.cpp')
  
C:\Users\egorb\OneDrive\Documentos\GitHub\xray-monolith\src\Layers\xrRender\r__dsgraph_structure.h(73,88): error C2039: 'TNode': is not a member of 'R_dsgraph::mapNormalStates' [C:\Users\egorb\OneDrive\Documentos\GitHub\xray-monolith\src\Layers\xrRenderVulkan\xrRender_Vulkan.vcxproj]
  (compiling source file '/vk_SkeletonCustom.cpp')
      C:\Users\egorb\OneDrive\Documentos\GitHub\xray-monolith\src\Layers\xrRender\r__dsgraph_types.h(143,9):
      see declaration of 'R_dsgraph::mapNormalStates'
  
C:\Users\egorb\OneDrive\Documentos\GitHub\xray-monolith\src\Layers\xrRender\r__dsgraph_structure.h(73,40): error C2039: 'TNode': is not a member of 'R_dsgraph::mapNormalStates' [C:\Users\egorb\OneDrive\Documentos\GitHub\xray-monolith\src\Layers\xrRenderVulkan\xrRender_Vulkan.vcxproj]
  (compiling source file '/vk_SkeletonAnimated.cpp')
      C:\Users\egorb\OneDrive\Documentos\GitHub\xray-monolith\src\Layers\xrRender\r__dsgraph_types.h(143,9):
      see declaration of 'R_dsgraph::mapNormalStates'
  
C:\Users\egorb\OneDrive\Documentos\GitHub\xray-monolith\src\Layers\xrRender\r__dsgraph_structure.h(73,88): error C2065: 'TNode': undeclared identifier [C:\Users\egorb\OneDrive\Documentos\GitHub\xray-monolith\src\Layers\xrRenderVulkan\xrRender_Vulkan.vcxproj]
  (compiling source file '/vk_SkeletonCustom.cpp')
  
C:\Users\egorb\OneDrive\Documentos\GitHub\xray-monolith\src\Layers\xrRender\r__dsgraph_structure.h(73,40): error C2065: 'TNode': undeclared identifier [C:\Users\egorb\OneDrive\Documentos\GitHub\xray-monolith\src\Layers\xrRenderVulkan\xrRender_Vulkan.vcxproj]
  (compiling source file '/vk_SkeletonAnimated.cpp')
  
C:\Users\egorb\OneDrive\Documentos\GitHub\xray-monolith\src\Layers\xrRender\r__dsgraph_structure.h(73,94): error C2059: syntax error: '>' [C:\Users\egorb\OneDrive\Documentos\GitHub\xray-monolith\src\Layers\xrRenderVulkan\xrRender_Vulkan.vcxproj]
  (compiling source file '/vk_SkeletonCustom.cpp')
  
C:\Users\egorb\OneDrive\Documentos\GitHub\xray-monolith\src\Layers\xrRender\r__dsgraph_structure.h(73,46): error C2059: syntax error: ',' [C:\Users\egorb\OneDrive\Documentos\GitHub\xray-monolith\src\Layers\xrRenderVulkan\xrRender_Vulkan.vcxproj]
  (compiling source file '/vk_SkeletonAnimated.cpp')
  
C:\Users\egorb\OneDrive\Documentos\GitHub\xray-monolith\src\Layers\xrRender\r__dsgraph_structure.h(73,88): error C2039: 'TNode': is not a member of 'R_dsgraph::mapNormalStates' [C:\Users\egorb\OneDrive\Documentos\GitHub\xray-monolith\src\Layers\xrRenderVulkan\xrRender_Vulkan.vcxproj]
  (compiling source file '/vk_SkeletonAnimated.cpp')
      C:\Users\egorb\OneDrive\Documentos\GitHub\xray-monolith\src\Layers\xrRender\r__dsgraph_types.h(143,9):
      see declaration of 'R_dsgraph::mapNormalStates'
  
C:\Users\egorb\OneDrive\Documentos\GitHub\xray-monolith\src\Layers\xrRender\r__dsgraph_structure.h(73,88): error C2065: 'TNode': undeclared identifier [C:\Users\egorb\OneDrive\Documentos\GitHub\xray-monolith\src\Layers\xrRenderVulkan\xrRender_Vulkan.vcxproj]
  (compiling source file '/vk_SkeletonAnimated.cpp')
  
C:\Users\egorb\OneDrive\Documentos\GitHub\xray-monolith\src\Layers\xrRender\r__dsgraph_structure.h(73,94): error C2059: syntax error: '>' [C:\Users\egorb\OneDrive\Documentos\GitHub\xray-monolith\src\Layers\xrRenderVulkan\xrRender_Vulkan.vcxproj]
  (compiling source file '/vk_SkeletonAnimated.cpp')
  
C:\Users\egorb\OneDrive\Documentos\GitHub\xray-monolith\src\Layers\xrRender\r__dsgraph_structure.h(73,40): error C2039: 'TNode': is not a member of 'R_dsgraph::mapNormalStates' [C:\Users\egorb\OneDrive\Documentos\GitHub\xray-monolith\src\Layers\xrRenderVulkan\xrRender_Vulkan.vcxproj]
  (compiling source file '/vk_SkeletonStubs.cpp')
      C:\Users\egorb\OneDrive\Documentos\GitHub\xray-monolith\src\Layers\xrRender\r__dsgraph_types.h(143,9):
      see declaration of 'R_dsgraph::mapNormalStates'
  
C:\Users\egorb\OneDrive\Documentos\GitHub\xray-monolith\src\Layers\xrRender\r__dsgraph_structure.h(73,40): error C2065: 'TNode': undeclared identifier [C:\Users\egorb\OneDrive\Documentos\GitHub\xray-monolith\src\Layers\xrRenderVulkan\xrRender_Vulkan.vcxproj]
  (compiling source file '/vk_SkeletonStubs.cpp')
  
C:\Users\egorb\OneDrive\Documentos\GitHub\xray-monolith\src\Layers\xrRender\r__dsgraph_structure.h(73,46): error C2059: syntax error: ',' [C:\Users\egorb\OneDrive\Documentos\GitHub\xray-monolith\src\Layers\xrRenderVulkan\xrRender_Vulkan.vcxproj]
  (compiling source file '/vk_SkeletonStubs.cpp')
  
C:\Users\egorb\OneDrive\Documentos\GitHub\xray-monolith\src\Layers\xrRender\r__dsgraph_structure.h(73,88): error C2039: 'TNode': is not a member of 'R_dsgraph::mapNormalStates' [C:\Users\egorb\OneDrive\Documentos\GitHub\xray-monolith\src\Layers\xrRenderVulkan\xrRender_Vulkan.vcxproj]
  (compiling source file '/vk_SkeletonStubs.cpp')
      C:\Users\egorb\OneDrive\Documentos\GitHub\xray-monolith\src\Layers\xrRender\r__dsgraph_types.h(143,9):
      see declaration of 'R_dsgraph::mapNormalStates'
  
C:\Users\egorb\OneDrive\Documentos\GitHub\xray-monolith\src\Layers\xrRender\r__dsgraph_structure.h(73,88): error C2065: 'TNode': undeclared identifier [C:\Users\egorb\OneDrive\Documentos\GitHub\xray-monolith\src\Layers\xrRenderVulkan\xrRender_Vulkan.vcxproj]
  (compiling source file '/vk_SkeletonStubs.cpp')
  
C:\Users\egorb\OneDrive\Documentos\GitHub\xray-monolith\src\Layers\xrRender\r__dsgraph_structure.h(73,94): error C2059: syntax error: '>' [C:\Users\egorb\OneDrive\Documentos\GitHub\xray-monolith\src\Layers\xrRenderVulkan\xrRender_Vulkan.vcxproj]
  (compiling source file '/vk_SkeletonStubs.cpp')
  
C:\Users\egorb\OneDrive\Documentos\GitHub\xray-monolith\src\Layers\xrRender\r__dsgraph_structure.h(83,40): error C2039: 'TNode': is not a member of 'R_dsgraph::mapMatrixStates' [C:\Users\egorb\OneDrive\Documentos\GitHub\xray-monolith\src\Layers\xrRenderVulkan\xrRender_Vulkan.vcxproj]
  (compiling source file '/vk_SkeletonX.cpp')
      C:\Users\egorb\OneDrive\Documentos\GitHub\xray-monolith\src\Layers\xrRender\r__dsgraph_types.h(193,9):
      see declaration of 'R_dsgraph::mapMatrixStates'
  
C:\Users\egorb\OneDrive\Documentos\GitHub\xray-monolith\src\Layers\xrRender\r__dsgraph_structure.h(83,40): error C2039: 'TNode': is not a member of 'R_dsgraph::mapMatrixStates' [C:\Users\egorb\OneDrive\Documentos\GitHub\xray-monolith\src\Layers\xrRenderVulkan\xrRender_Vulkan.vcxproj]
  (compiling source file '/vk_SkeletonRigid.cpp')
      C:\Users\egorb\OneDrive\Documentos\GitHub\xray-monolith\src\Layers\xrRender\r__dsgraph_types.h(193,9):
      see declaration of 'R_dsgraph::mapMatrixStates'
  
C:\Users\egorb\OneDrive\Documentos\GitHub\xray-monolith\src\Layers\xrRender\r__dsgraph_structure.h(83,40): error C2065: 'TNode': undeclared identifier [C:\Users\egorb\OneDrive\Documentos\GitHub\xray-monolith\src\Layers\xrRenderVulkan\xrRender_Vulkan.vcxproj]
  (compiling source file '/vk_SkeletonX.cpp')
  
C:\Users\egorb\OneDrive\Documentos\GitHub\xray-monolith\src\Layers\xrRender\r__dsgraph_structure.h(83,40): error C2065: 'TNode': undeclared identifier [C:\Users\egorb\OneDrive\Documentos\GitHub\xray-monolith\src\Layers\xrRenderVulkan\xrRender_Vulkan.vcxproj]
  (compiling source file '/vk_SkeletonRigid.cpp')
  
C:\Users\egorb\OneDrive\Documentos\GitHub\xray-monolith\src\Layers\xrRender\r__dsgraph_structure.h(83,46): error C2059: syntax error: ',' [C:\Users\egorb\OneDrive\Documentos\GitHub\xray-monolith\src\Layers\xrRenderVulkan\xrRender_Vulkan.vcxproj]
  (compiling source file '/vk_SkeletonX.cpp')
  
C:\Users\egorb\OneDrive\Documentos\GitHub\xray-monolith\src\Layers\xrRender\r__dsgraph_structure.h(83,40): error C2039: 'TNode': is not a member of 'R_dsgraph::mapMatrixStates' [C:\Users\egorb\OneDrive\Documentos\GitHub\xray-monolith\src\Layers\xrRenderVulkan\xrRender_Vulkan.vcxproj]
  (compiling source file '/vk_SkeletonCustom.cpp')
      C:\Users\egorb\OneDrive\Documentos\GitHub\xray-monolith\src\Layers\xrRender\r__dsgraph_types.h(193,9):
      see declaration of 'R_dsgraph::mapMatrixStates'
  
C:\Users\egorb\OneDrive\Documentos\GitHub\xray-monolith\src\Layers\xrRender\r__dsgraph_structure.h(83,46): error C2059: syntax error: ',' [C:\Users\egorb\OneDrive\Documentos\GitHub\xray-monolith\src\Layers\xrRenderVulkan\xrRender_Vulkan.vcxproj]
  (compiling source file '/vk_SkeletonRigid.cpp')
  
C:\Users\egorb\OneDrive\Documentos\GitHub\xray-monolith\src\Layers\xrRender\r__dsgraph_structure.h(83,40): error C2065: 'TNode': undeclared identifier [C:\Users\egorb\OneDrive\Documentos\GitHub\xray-monolith\src\Layers\xrRenderVulkan\xrRender_Vulkan.vcxproj]
  (compiling source file '/vk_SkeletonCustom.cpp')
  
C:\Users\egorb\OneDrive\Documentos\GitHub\xray-monolith\src\Layers\xrRender\r__dsgraph_structure.h(83,88): error C2039: 'TNode': is not a member of 'R_dsgraph::mapMatrixStates' [C:\Users\egorb\OneDrive\Documentos\GitHub\xray-monolith\src\Layers\xrRenderVulkan\xrRender_Vulkan.vcxproj]
  (compiling source file '/vk_SkeletonX.cpp')
      C:\Users\egorb\OneDrive\Documentos\GitHub\xray-monolith\src\Layers\xrRender\r__dsgraph_types.h(193,9):
      see declaration of 'R_dsgraph::mapMatrixStates'
  
C:\Users\egorb\OneDrive\Documentos\GitHub\xray-monolith\src\Layers\xrRender\r__dsgraph_structure.h(83,46): error C2059: syntax error: ',' [C:\Users\egorb\OneDrive\Documentos\GitHub\xray-monolith\src\Layers\xrRenderVulkan\xrRender_Vulkan.vcxproj]
  (compiling source file '/vk_SkeletonCustom.cpp')
  
C:\Users\egorb\OneDrive\Documentos\GitHub\xray-monolith\src\Layers\xrRender\r__dsgraph_structure.h(83,40): error C2039: 'TNode': is not a member of 'R_dsgraph::mapMatrixStates' [C:\Users\egorb\OneDrive\Documentos\GitHub\xray-monolith\src\Layers\xrRenderVulkan\xrRender_Vulkan.vcxproj]
  (compiling source file '/vk_SkeletonAnimated.cpp')
      C:\Users\egorb\OneDrive\Documentos\GitHub\xray-monolith\src\Layers\xrRender\r__dsgraph_types.h(193,9):
      see declaration of 'R_dsgraph::mapMatrixStates'
  
C:\Users\egorb\OneDrive\Documentos\GitHub\xray-monolith\src\Layers\xrRender\r__dsgraph_structure.h(83,88): error C2039: 'TNode': is not a member of 'R_dsgraph::mapMatrixStates' [C:\Users\egorb\OneDrive\Documentos\GitHub\xray-monolith\src\Layers\xrRenderVulkan\xrRender_Vulkan.vcxproj]
  (compiling source file '/vk_SkeletonRigid.cpp')
      C:\Users\egorb\OneDrive\Documentos\GitHub\xray-monolith\src\Layers\xrRender\r__dsgraph_types.h(193,9):
      see declaration of 'R_dsgraph::mapMatrixStates'
  
C:\Users\egorb\OneDrive\Documentos\GitHub\xray-monolith\src\Layers\xrRender\r__dsgraph_structure.h(83,88): error C2065: 'TNode': undeclared identifier [C:\Users\egorb\OneDrive\Documentos\GitHub\xray-monolith\src\Layers\xrRenderVulkan\xrRender_Vulkan.vcxproj]
  (compiling source file '/vk_SkeletonX.cpp')
  
C:\Users\egorb\OneDrive\Documentos\GitHub\xray-monolith\src\Layers\xrRender\r__dsgraph_structure.h(83,40): error C2065: 'TNode': undeclared identifier [C:\Users\egorb\OneDrive\Documentos\GitHub\xray-monolith\src\Layers\xrRenderVulkan\xrRender_Vulkan.vcxproj]
  (compiling source file '/vk_SkeletonAnimated.cpp')
  
C:\Users\egorb\OneDrive\Documentos\GitHub\xray-monolith\src\Layers\xrRender\r__dsgraph_structure.h(83,88): error C2065: 'TNode': undeclared identifier [C:\Users\egorb\OneDrive\Documentos\GitHub\xray-monolith\src\Layers\xrRenderVulkan\xrRender_Vulkan.vcxproj]
  (compiling source file '/vk_SkeletonRigid.cpp')
  
C:\Users\egorb\OneDrive\Documentos\GitHub\xray-monolith\src\Layers\xrRender\r__dsgraph_structure.h(83,94): error C2059: syntax error: '>' [C:\Users\egorb\OneDrive\Documentos\GitHub\xray-monolith\src\Layers\xrRenderVulkan\xrRender_Vulkan.vcxproj]
  (compiling source file '/vk_SkeletonX.cpp')
  
C:\Users\egorb\OneDrive\Documentos\GitHub\xray-monolith\src\Layers\xrRender\r__dsgraph_structure.h(83,88): error C2039: 'TNode': is not a member of 'R_dsgraph::mapMatrixStates' [C:\Users\egorb\OneDrive\Documentos\GitHub\xray-monolith\src\Layers\xrRenderVulkan\xrRender_Vulkan.vcxproj]
  (compiling source file '/vk_SkeletonCustom.cpp')
      C:\Users\egorb\OneDrive\Documentos\GitHub\xray-monolith\src\Layers\xrRender\r__dsgraph_types.h(193,9):
      see declaration of 'R_dsgraph::mapMatrixStates'
  
C:\Users\egorb\OneDrive\Documentos\GitHub\xray-monolith\src\Layers\xrRender\r__dsgraph_structure.h(83,94): error C2059: syntax error: '>' [C:\Users\egorb\OneDrive\Documentos\GitHub\xray-monolith\src\Layers\xrRenderVulkan\xrRender_Vulkan.vcxproj]
  (compiling source file '/vk_SkeletonRigid.cpp')
  
C:\Users\egorb\OneDrive\Documentos\GitHub\xray-monolith\src\Layers\xrRender\r__dsgraph_structure.h(83,46): error C2059: syntax error: ',' [C:\Users\egorb\OneDrive\Documentos\GitHub\xray-monolith\src\Layers\xrRenderVulkan\xrRender_Vulkan.vcxproj]
  (compiling source file '/vk_SkeletonAnimated.cpp')
  
C:\Users\egorb\OneDrive\Documentos\GitHub\xray-monolith\src\Layers\xrRender\r__dsgraph_structure.h(83,88): error C2065: 'TNode': undeclared identifier [C:\Users\egorb\OneDrive\Documentos\GitHub\xray-monolith\src\Layers\xrRenderVulkan\xrRender_Vulkan.vcxproj]
  (compiling source file '/vk_SkeletonCustom.cpp')
  
C:\Users\egorb\OneDrive\Documentos\GitHub\xray-monolith\src\Layers\xrRender\r__dsgraph_structure.h(83,94): error C2059: syntax error: '>' [C:\Users\egorb\OneDrive\Documentos\GitHub\xray-monolith\src\Layers\xrRenderVulkan\xrRender_Vulkan.vcxproj]
  (compiling source file '/vk_SkeletonCustom.cpp')
  
C:\Users\egorb\OneDrive\Documentos\GitHub\xray-monolith\src\Layers\xrRender\r__dsgraph_structure.h(83,88): error C2039: 'TNode': is not a member of 'R_dsgraph::mapMatrixStates' [C:\Users\egorb\OneDrive\Documentos\GitHub\xray-monolith\src\Layers\xrRenderVulkan\xrRender_Vulkan.vcxproj]
  (compiling source file '/vk_SkeletonAnimated.cpp')
      C:\Users\egorb\OneDrive\Documentos\GitHub\xray-monolith\src\Layers\xrRender\r__dsgraph_types.h(193,9):
      see declaration of 'R_dsgraph::mapMatrixStates'
  
C:\Users\egorb\OneDrive\Documentos\GitHub\xray-monolith\src\Layers\xrRender\r__dsgraph_structure.h(83,88): error C2065: 'TNode': undeclared identifier [C:\Users\egorb\OneDrive\Documentos\GitHub\xray-monolith\src\Layers\xrRenderVulkan\xrRender_Vulkan.vcxproj]
  (compiling source file '/vk_SkeletonAnimated.cpp')
  
C:\Users\egorb\OneDrive\Documentos\GitHub\xray-monolith\src\Layers\xrRender\r__dsgraph_structure.h(83,94): error C2059: syntax error: '>' [C:\Users\egorb\OneDrive\Documentos\GitHub\xray-monolith\src\Layers\xrRenderVulkan\xrRender_Vulkan.vcxproj]
  (compiling source file '/vk_SkeletonAnimated.cpp')
  
C:\Users\egorb\OneDrive\Documentos\GitHub\xray-monolith\src\Layers\xrRender\r__dsgraph_structure.h(83,40): error C2039: 'TNode': is not a member of 'R_dsgraph::mapMatrixStates' [C:\Users\egorb\OneDrive\Documentos\GitHub\xray-monolith\src\Layers\xrRenderVulkan\xrRender_Vulkan.vcxproj]
  (compiling source file '/vk_SkeletonStubs.cpp')
      C:\Users\egorb\OneDrive\Documentos\GitHub\xray-monolith\src\Layers\xrRender\r__dsgraph_types.h(193,9):
      see declaration of 'R_dsgraph::mapMatrixStates'
  
C:\Users\egorb\OneDrive\Documentos\GitHub\xray-monolith\src\Layers\xrRender\r__dsgraph_structure.h(83,40): error C2065: 'TNode': undeclared identifier [C:\Users\egorb\OneDrive\Documentos\GitHub\xray-monolith\src\Layers\xrRenderVulkan\xrRender_Vulkan.vcxproj]
  (compiling source file '/vk_SkeletonStubs.cpp')
  
C:\Users\egorb\OneDrive\Documentos\GitHub\xray-monolith\src\Layers\xrRender\r__dsgraph_structure.h(83,46): error C2059: syntax error: ',' [C:\Users\egorb\OneDrive\Documentos\GitHub\xray-monolith\src\Layers\xrRenderVulkan\xrRender_Vulkan.vcxproj]
  (compiling source file '/vk_SkeletonStubs.cpp')
  
C:\Users\egorb\OneDrive\Documentos\GitHub\xray-monolith\src\Layers\xrRender\r__dsgraph_structure.h(83,88): error C2039: 'TNode': is not a member of 'R_dsgraph::mapMatrixStates' [C:\Users\egorb\OneDrive\Documentos\GitHub\xray-monolith\src\Layers\xrRenderVulkan\xrRender_Vulkan.vcxproj]
  (compiling source file '/vk_SkeletonStubs.cpp')
      C:\Users\egorb\OneDrive\Documentos\GitHub\xray-monolith\src\Layers\xrRender\r__dsgraph_types.h(193,9):
      see declaration of 'R_dsgraph::mapMatrixStates'
  
C:\Users\egorb\OneDrive\Documentos\GitHub\xray-monolith\src\Layers\xrRender\r__dsgraph_structure.h(83,88): error C2065: 'TNode': undeclared identifier [C:\Users\egorb\OneDrive\Documentos\GitHub\xray-monolith\src\Layers\xrRenderVulkan\xrRender_Vulkan.vcxproj]
  (compiling source file '/vk_SkeletonStubs.cpp')
  
C:\Users\egorb\OneDrive\Documentos\GitHub\xray-monolith\src\Layers\xrRender\r__dsgraph_structure.h(83,94): error C2059: syntax error: '>' [C:\Users\egorb\OneDrive\Documentos\GitHub\xray-monolith\src\Layers\xrRenderVulkan\xrRender_Vulkan.vcxproj]
  (compiling source file '/vk_SkeletonStubs.cpp')
  
C:\Users\egorb\OneDrive\Documentos\GitHub\xray-monolith\src\Layers\xrRenderVulkan\vk_Visual.cpp(1056,40): error C2440: '=': cannot convert from 'T *' to 'vkRender_Visual *' [C:\Users\egorb\OneDrive\Documentos\GitHub\xray-monolith\src\Layers\xrRenderVulkan\xrRender_Vulkan.vcxproj]
C:\Users\egorb\OneDrive\Documentos\GitHub\xray-monolith\src\Layers\xrRenderVulkan\vk_Visual.cpp(1056,40): error C2440:         with [C:\Users\egorb\OneDrive\Documentos\GitHub\xray-monolith\src\Layers\xrRenderVulkan\xrRender_Vulkan.vcxproj]
C:\Users\egorb\OneDrive\Documentos\GitHub\xray-monolith\src\Layers\xrRenderVulkan\vk_Visual.cpp(1056,40): error C2440:         [ [C:\Users\egorb\OneDrive\Documentos\GitHub\xray-monolith\src\Layers\xrRenderVulkan\xrRender_Vulkan.vcxproj]
C:\Users\egorb\OneDrive\Documentos\GitHub\xray-monolith\src\Layers\xrRenderVulkan\vk_Visual.cpp(1056,40): error C2440:             T=CKinematicsAnimated [C:\Users\egorb\OneDrive\Documentos\GitHub\xray-monolith\src\Layers\xrRenderVulkan\xrRender_Vulkan.vcxproj]
C:\Users\egorb\OneDrive\Documentos\GitHub\xray-monolith\src\Layers\xrRenderVulkan\vk_Visual.cpp(1056,40): error C2440:         ] [C:\Users\egorb\OneDrive\Documentos\GitHub\xray-monolith\src\Layers\xrRenderVulkan\xrRender_Vulkan.vcxproj]
  (compiling source file '/vk_Visual.cpp')
      C:\Users\egorb\OneDrive\Documentos\GitHub\xray-monolith\src\Layers\xrRenderVulkan\vk_Visual.cpp(1056,40):
      Types pointed to are unrelated; conversion requires reinterpret_cast, C-style cast or parenthesized function-style cast
  
C:\Users\egorb\OneDrive\Documentos\GitHub\xray-monolith\src\Layers\xrRenderVulkan\vk_Visual.cpp(1060,32): error C2440: '=': cannot convert from 'T *' to 'vkRender_Visual *' [C:\Users\egorb\OneDrive\Documentos\GitHub\xray-monolith\src\Layers\xrRenderVulkan\xrRender_Vulkan.vcxproj]
C:\Users\egorb\OneDrive\Documentos\GitHub\xray-monolith\src\Layers\xrRenderVulkan\vk_Visual.cpp(1060,32): error C2440:         with [C:\Users\egorb\OneDrive\Documentos\GitHub\xray-monolith\src\Layers\xrRenderVulkan\xrRender_Vulkan.vcxproj]
C:\Users\egorb\OneDrive\Documentos\GitHub\xray-monolith\src\Layers\xrRenderVulkan\vk_Visual.cpp(1060,32): error C2440:         [ [C:\Users\egorb\OneDrive\Documentos\GitHub\xray-monolith\src\Layers\xrRenderVulkan\xrRender_Vulkan.vcxproj]
C:\Users\egorb\OneDrive\Documentos\GitHub\xray-monolith\src\Layers\xrRenderVulkan\vk_Visual.cpp(1060,32): error C2440:             T=CKinematics [C:\Users\egorb\OneDrive\Documentos\GitHub\xray-monolith\src\Layers\xrRenderVulkan\xrRender_Vulkan.vcxproj]
C:\Users\egorb\OneDrive\Documentos\GitHub\xray-monolith\src\Layers\xrRenderVulkan\vk_Visual.cpp(1060,32): error C2440:         ] [C:\Users\egorb\OneDrive\Documentos\GitHub\xray-monolith\src\Layers\xrRenderVulkan\xrRender_Vulkan.vcxproj]
  (compiling source file '/vk_Visual.cpp')
      C:\Users\egorb\OneDrive\Documentos\GitHub\xray-monolith\src\Layers\xrRenderVulkan\vk_Visual.cpp(1060,32):
      Types pointed to are unrelated; conversion requires reinterpret_cast, C-style cast or parenthesized function-style cast
  
  C:\Users\egorb\OneDrive\Documentos\GitHub\xray-monolith\src\Layers\xrRender\SkeletonCustom.cpp(217) :  TODO : "container is created in stack!"
  C:\Users\egorb\OneDrive\Documentos\GitHub\xray-monolith\src\Layers\xrRender\SkeletonCustom.cpp(388) :  TODO : "container is created in stack!"
  C:\Users\egorb\OneDrive\Documentos\GitHub\xray-monolith\src\Layers\xrRender\SkeletonCustom.cpp(392) :  TODO : "container is created in stack!"
C:\Users\egorb\OneDrive\Documentos\GitHub\xray-monolith\src\Layers\xrRender\SkeletonCustom.cpp(785,24): error C2660: 'CRender::add_SkeletonWallmark': function does not take 1 arguments [C:\Users\egorb\OneDrive\Documentos\GitHub\xray-monolith\src\Layers\xrRenderVulkan\xrRender_Vulkan.vcxproj]
  (compiling source file '/vk_SkeletonCustom.cpp')
      C:\Users\egorb\OneDrive\Documentos\GitHub\xray-monolith\src\Layers\xrRenderVulkan\rvk.h(248,18):
      see declaration of 'CRender::add_SkeletonWallmark'
      C:\Users\egorb\OneDrive\Documentos\GitHub\xray-monolith\src\Layers\xrRender\SkeletonCustom.cpp(785,24):
      while trying to match the argument list '(intrusive_ptr<CSkeletonWallmark,intrusive_base>)'
  
C:\Users\egorb\OneDrive\Documentos\GitHub\xray-monolith\src\Layers\xrRender\SkeletonCustom.cpp(876,7): error C2039: 't': is not a member of 'FVF::LIT' [C:\Users\egorb\OneDrive\Documentos\GitHub\xray-monolith\src\Layers\xrRenderVulkan\xrRender_Vulkan.vcxproj]
  (compiling source file '/vk_SkeletonCustom.cpp')
      C:\Users\egorb\OneDrive\Documentos\GitHub\xray-monolith\src\Layers\xrRenderVulkan\vk_SkeletonCompat.h(65,9):
      see declaration of 'FVF::LIT'
  
C:\Users\egorb\OneDrive\Documentos\GitHub\xray-monolith\src\Layers\xrRender\SkeletonX.cpp(104,2): error C2065: 'RCache': undeclared identifier [C:\Users\egorb\OneDrive\Documentos\GitHub\xray-monolith\src\Layers\xrRenderVulkan\xrRender_Vulkan.vcxproj]
  (compiling source file '/vk_SkeletonX.cpp')
  
C:\Users\egorb\OneDrive\Documentos\GitHub\xray-monolith\src\Layers\xrRender\SkeletonX.cpp(109,3): error C2065: 'RCache': undeclared identifier [C:\Users\egorb\OneDrive\Documentos\GitHub\xray-monolith\src\Layers\xrRenderVulkan\xrRender_Vulkan.vcxproj]
  (compiling source file '/vk_SkeletonX.cpp')
  
C:\Users\egorb\OneDrive\Documentos\GitHub\xray-monolith\src\Layers\xrRender\SkeletonX.cpp(114,13): error C2065: 'RCache': undeclared identifier [C:\Users\egorb\OneDrive\Documentos\GitHub\xray-monolith\src\Layers\xrRenderVulkan\xrRender_Vulkan.vcxproj]
  (compiling source file '/vk_SkeletonX.cpp')
  
C:\Users\egorb\OneDrive\Documentos\GitHub\xray-monolith\src\Layers\xrRender\SkeletonX.cpp(115,4): error C2065: 'RCache': undeclared identifier [C:\Users\egorb\OneDrive\Documentos\GitHub\xray-monolith\src\Layers\xrRenderVulkan\xrRender_Vulkan.vcxproj]
  (compiling source file '/vk_SkeletonX.cpp')
  
C:\Users\egorb\OneDrive\Documentos\GitHub\xray-monolith\src\Layers\xrRender\SkeletonX.cpp(117,4): error C2065: 'RCache': undeclared identifier [C:\Users\egorb\OneDrive\Documentos\GitHub\xray-monolith\src\Layers\xrRenderVulkan\xrRender_Vulkan.vcxproj]
  (compiling source file '/vk_SkeletonX.cpp')
  
C:\Users\egorb\OneDrive\Documentos\GitHub\xray-monolith\src\Layers\xrRender\SkeletonX.cpp(118,4): error C2065: 'RCache': undeclared identifier [C:\Users\egorb\OneDrive\Documentos\GitHub\xray-monolith\src\Layers\xrRenderVulkan\xrRender_Vulkan.vcxproj]
  (compiling source file '/vk_SkeletonX.cpp')
  
C:\Users\egorb\OneDrive\Documentos\GitHub\xray-monolith\src\Layers\xrRender\SkeletonX.cpp(119,4): error C2065: 'RCache': undeclared identifier [C:\Users\egorb\OneDrive\Documentos\GitHub\xray-monolith\src\Layers\xrRenderVulkan\xrRender_Vulkan.vcxproj]
  (compiling source file '/vk_SkeletonX.cpp')
  
C:\Users\egorb\OneDrive\Documentos\GitHub\xray-monolith\src\Layers\xrRender\SkeletonX.cpp(128,25): error C2065: 'RCache': undeclared identifier [C:\Users\egorb\OneDrive\Documentos\GitHub\xray-monolith\src\Layers\xrRenderVulkan\xrRender_Vulkan.vcxproj]
  (compiling source file '/vk_SkeletonX.cpp')
  
C:\Users\egorb\OneDrive\Documentos\GitHub\xray-monolith\src\Layers\xrRender\SkeletonX.cpp(129,30): error C2065: 'RCache': undeclared identifier [C:\Users\egorb\OneDrive\Documentos\GitHub\xray-monolith\src\Layers\xrRenderVulkan\xrRender_Vulkan.vcxproj]
  (compiling source file '/vk_SkeletonX.cpp')
  
C:\Users\egorb\OneDrive\Documentos\GitHub\xray-monolith\src\Layers\xrRender\SkeletonX.cpp(136,5): error C2065: 'RCache': undeclared identifier [C:\Users\egorb\OneDrive\Documentos\GitHub\xray-monolith\src\Layers\xrRenderVulkan\xrRender_Vulkan.vcxproj]
  (compiling source file '/vk_SkeletonX.cpp')
  
C:\Users\egorb\OneDrive\Documentos\GitHub\xray-monolith\src\Layers\xrRender\SkeletonX.cpp(137,5): error C2065: 'RCache': undeclared identifier [C:\Users\egorb\OneDrive\Documentos\GitHub\xray-monolith\src\Layers\xrRenderVulkan\xrRender_Vulkan.vcxproj]
  (compiling source file '/vk_SkeletonX.cpp')
  
C:\Users\egorb\OneDrive\Documentos\GitHub\xray-monolith\src\Layers\xrRender\SkeletonX.cpp(138,5): error C2065: 'RCache': undeclared identifier [C:\Users\egorb\OneDrive\Documentos\GitHub\xray-monolith\src\Layers\xrRenderVulkan\xrRender_Vulkan.vcxproj]
  (compiling source file '/vk_SkeletonX.cpp')
  
C:\Users\egorb\OneDrive\Documentos\GitHub\xray-monolith\src\Layers\xrRender\SkeletonX.cpp(153,4): error C2065: 'RCache': undeclared identifier [C:\Users\egorb\OneDrive\Documentos\GitHub\xray-monolith\src\Layers\xrRenderVulkan\xrRender_Vulkan.vcxproj]
  (compiling source file '/vk_SkeletonX.cpp')
  
C:\Users\egorb\OneDrive\Documentos\GitHub\xray-monolith\src\Layers\xrRender\SkeletonX.cpp(154,4): error C2065: 'RCache': undeclared identifier [C:\Users\egorb\OneDrive\Documentos\GitHub\xray-monolith\src\Layers\xrRenderVulkan\xrRender_Vulkan.vcxproj]
  (compiling source file '/vk_SkeletonX.cpp')
  
C:\Users\egorb\OneDrive\Documentos\GitHub\xray-monolith\src\Layers\xrRender\SkeletonX.cpp(156,5): error C2065: 'RCache': undeclared identifier [C:\Users\egorb\OneDrive\Documentos\GitHub\xray-monolith\src\Layers\xrRenderVulkan\xrRender_Vulkan.vcxproj]
  (compiling source file '/vk_SkeletonX.cpp')
  
C:\Users\egorb\OneDrive\Documentos\GitHub\xray-monolith\src\Layers\xrRender\SkeletonX.cpp(158,5): error C2065: 'RCache': undeclared identifier [C:\Users\egorb\OneDrive\Documentos\GitHub\xray-monolith\src\Layers\xrRenderVulkan\xrRender_Vulkan.vcxproj]
  (compiling source file '/vk_SkeletonX.cpp')
  
C:\Users\egorb\OneDrive\Documentos\GitHub\xray-monolith\src\Layers\xrRender\SkeletonX.cpp(160,5): error C2065: 'RCache': undeclared identifier [C:\Users\egorb\OneDrive\Documentos\GitHub\xray-monolith\src\Layers\xrRenderVulkan\xrRender_Vulkan.vcxproj]
  (compiling source file '/vk_SkeletonX.cpp')
  
C:\Users\egorb\OneDrive\Documentos\GitHub\xray-monolith\src\Layers\xrRender\SkeletonX.cpp(162,5): error C2065: 'RCache': undeclared identifier [C:\Users\egorb\OneDrive\Documentos\GitHub\xray-monolith\src\Layers\xrRenderVulkan\xrRender_Vulkan.vcxproj]
  (compiling source file '/vk_SkeletonX.cpp')
  
C:\Users\egorb\OneDrive\Documentos\GitHub\xray-monolith\src\Layers\xrRender\SkeletonX.cpp(172,2): error C2065: '_VertexStream': undeclared identifier [C:\Users\egorb\OneDrive\Documentos\GitHub\xray-monolith\src\Layers\xrRenderVulkan\xrRender_Vulkan.vcxproj]
  (compiling source file '/vk_SkeletonX.cpp')
  
C:\Users\egorb\OneDrive\Documentos\GitHub\xray-monolith\src\Layers\xrRender\SkeletonX.cpp(172,17): error C2065: '_VS': undeclared identifier [C:\Users\egorb\OneDrive\Documentos\GitHub\xray-monolith\src\Layers\xrRenderVulkan\xrRender_Vulkan.vcxproj]
  (compiling source file '/vk_SkeletonX.cpp')
  
C:\Users\egorb\OneDrive\Documentos\GitHub\xray-monolith\src\Layers\xrRender\SkeletonX.cpp(172,23): error C2065: 'RCache': undeclared identifier [C:\Users\egorb\OneDrive\Documentos\GitHub\xray-monolith\src\Layers\xrRenderVulkan\xrRender_Vulkan.vcxproj]
  (compiling source file '/vk_SkeletonX.cpp')
  
C:\Users\egorb\OneDrive\Documentos\GitHub\xray-monolith\src\Layers\xrRender\SkeletonX.cpp(173,25): error C2065: '_VS': undeclared identifier [C:\Users\egorb\OneDrive\Documentos\GitHub\xray-monolith\src\Layers\xrRenderVulkan\xrRender_Vulkan.vcxproj]
  (compiling source file '/vk_SkeletonX.cpp')
  
C:\Users\egorb\OneDrive\Documentos\GitHub\xray-monolith\src\Layers\xrRender\SkeletonX.cpp(175,35): error C2065: '_VS': undeclared identifier [C:\Users\egorb\OneDrive\Documentos\GitHub\xray-monolith\src\Layers\xrRenderVulkan\xrRender_Vulkan.vcxproj]
  (compiling source file '/vk_SkeletonX.cpp')
  
C:\Users\egorb\OneDrive\Documentos\GitHub\xray-monolith\src\Layers\xrRender\SkeletonX.cpp(176,21): error C2065: '_VS': undeclared identifier [C:\Users\egorb\OneDrive\Documentos\GitHub\xray-monolith\src\Layers\xrRenderVulkan\xrRender_Vulkan.vcxproj]
  (compiling source file '/vk_SkeletonX.cpp')
  
C:\Users\egorb\OneDrive\Documentos\GitHub\xray-monolith\src\Layers\xrRender\SkeletonX.cpp(221,3): error C2065: '_VS': undeclared identifier [C:\Users\egorb\OneDrive\Documentos\GitHub\xray-monolith\src\Layers\xrRenderVulkan\xrRender_Vulkan.vcxproj]
  (compiling source file '/vk_SkeletonX.cpp')
  
C:\Users\egorb\OneDrive\Documentos\GitHub\xray-monolith\src\Layers\xrRender\SkeletonX.cpp(224,2): error C2065: 'RCache': undeclared identifier [C:\Users\egorb\OneDrive\Documentos\GitHub\xray-monolith\src\Layers\xrRenderVulkan\xrRender_Vulkan.vcxproj]
  (compiling source file '/vk_SkeletonX.cpp')
  
C:\Users\egorb\OneDrive\Documentos\GitHub\xray-monolith\src\Layers\xrRender\SkeletonX.cpp(225,2): error C2065: 'RCache': undeclared identifier [C:\Users\egorb\OneDrive\Documentos\GitHub\xray-monolith\src\Layers\xrRenderVulkan\xrRender_Vulkan.vcxproj]
  (compiling source file '/vk_SkeletonX.cpp')
  
C:\Users\egorb\OneDrive\Documentos\GitHub\xray-monolith\src\Layers\xrRender\SkeletonX.cpp(239,34): error C2039: 'geometry': is not a member of 'CHW_Stub::<unnamed-type-Caps>' [C:\Users\egorb\OneDrive\Documentos\GitHub\xray-monolith\src\Layers\xrRenderVulkan\xrRender_Vulkan.vcxproj]
  (compiling source file '/vk_SkeletonX.cpp')
      C:\Users\egorb\OneDrive\Documentos\GitHub\xray-monolith\src\Layers\xrRenderVulkan\vk_SkeletonCompat.h(51,2):
      see declaration of 'CHW_Stub::<unnamed-type-Caps>'
  

ERROR: Failed to build xrRender_Vulkan

