============================================
  Building X-Ray Engine - Vulkan Only
  (Simple build - essential projects)
============================================

>>> Building xrCore...

  dxerr.cpp
  DXERR.vcxproj -> C:\Users\egorb\OneDrive\Documentos\GitHub\xray-monolith\_build\_game\bin_dbg\x64\Release\DxErr.lib
  stdafx.cpp
  BlackBoxUI.cpp
  BSUFunctions.cpp
  CrashHandler.cpp
  GetLoadedModules.cpp
  IsNT.cpp
  NT4ProcessInfo.cpp
  TLHELPProcessInfo.cpp
  Model.cpp
  stdafx_.cpp
  clsid.cpp
  cpuid.cpp
  crc32.cpp
  dump_string.cpp
  FileSystem.cpp
  FileSystem_borland.cpp
  file_stream_reader.cpp
  FS.cpp
  FTimer.cpp
  LocatorAPI.cpp
  LocatorAPI_auth.cpp
  LocatorAPI_defs.cpp
  Lock.cpp
  log.cpp
  LzHuf.cpp
  lzo_compressor.cpp
  memory_allocation_stats.cpp
  memory_monitor.cpp
  memory_usage.cpp
  mezz_stringbuffer.cpp
  NET_utils.cpp
  os_clipboard.cpp
  ppmd_compressor.cpp
  rt_compressor.cpp
  rt_compressor9.cpp
  rt_lzo1x_1.cpp
  rt_lzo1x_9x.cpp
  rt_lzo1x_d1.cpp
  rt_lzo1x_d2.cpp
  rt_lzo1x_d3.cpp
  rt_lzo_init.cpp
  ScopeLock.cpp
  stream_reader.cpp
  string_concatenations.cpp
C:\Users\egorb\OneDrive\Documentos\GitHub\xray-monolith\src\xrCore\profiler.h(5,9): warning C4005: 'PROFILER_OPTICK': macro redefinition [C:\Users\egorb\OneDrive\Documentos\GitHub\xray-monolith\src\xrCore\xrCore.vcxproj]
  (compiling source file '/LocatorAPI_auth.cpp')
      C:\Users\egorb\OneDrive\Documentos\GitHub\xray-monolith\src\xrCore\profiler.h(5,9):
      'PROFILER_OPTICK' previously declared on the command line
  
C:\Users\egorb\OneDrive\Documentos\GitHub\xray-monolith\src\xrCore\LocatorAPI_auth.cpp(14,2): warning C4003: not enough arguments for function-like macro invocation 'PROF_EVENT' [C:\Users\egorb\OneDrive\Documentos\GitHub\xray-monolith\src\xrCore\xrCore.vcxproj]
  (compiling source file '/LocatorAPI_auth.cpp')
  
C:\Users\egorb\OneDrive\Documentos\GitHub\xray-monolith\src\xrCore\LocatorAPI_auth.cpp(41,2): warning C4003: not enough arguments for function-like macro invocation 'PROF_EVENT' [C:\Users\egorb\OneDrive\Documentos\GitHub\xray-monolith\src\xrCore\xrCore.vcxproj]
  (compiling source file '/LocatorAPI_auth.cpp')
  
C:\Users\egorb\OneDrive\Documentos\GitHub\xray-monolith\src\xrCore\rt_lzo1x_c.ch(47,5): warning C5033: 'register' is no longer a supported storage class [C:\Users\egorb\OneDrive\Documentos\GitHub\xray-monolith\src\xrCore\xrCore.vcxproj]
  (compiling source file '/rt_lzo1x_1.cpp')
  
C:\Users\egorb\OneDrive\Documentos\GitHub\xray-monolith\src\xrCore\rt_lzo1x_c.ch(61,9): warning C5033: 'register' is no longer a supported storage class [C:\Users\egorb\OneDrive\Documentos\GitHub\xray-monolith\src\xrCore\xrCore.vcxproj]
  (compiling source file '/rt_lzo1x_1.cpp')
  
C:\Users\egorb\OneDrive\Documentos\GitHub\xray-monolith\src\xrCore\rt_lzo1x_c.ch(153,13): warning C5033: 'register' is no longer a supported storage class [C:\Users\egorb\OneDrive\Documentos\GitHub\xray-monolith\src\xrCore\xrCore.vcxproj]
  (compiling source file '/rt_lzo1x_1.cpp')
  
C:\Users\egorb\OneDrive\Documentos\GitHub\xray-monolith\src\xrCore\rt_lzo1x_c.ch(164,17): warning C5033: 'register' is no longer a supported storage class [C:\Users\egorb\OneDrive\Documentos\GitHub\xray-monolith\src\xrCore\xrCore.vcxproj]
  (compiling source file '/rt_lzo1x_1.cpp')
  
  xrCore.cpp
  xrDebugNew.cpp
C:\Users\egorb\OneDrive\Documentos\GitHub\xray-monolith\src\xrCore\rt_lzo1x_d.ch(62,5): warning C5033: 'register' is no longer a supported storage class [C:\Users\egorb\OneDrive\Documentos\GitHub\xray-monolith\src\xrCore\xrCore.vcxproj]
  (compiling source file '/rt_lzo1x_d1.cpp')
  
C:\Users\egorb\OneDrive\Documentos\GitHub\xray-monolith\src\xrCore\rt_lzo1x_d.ch(63,5): warning C5033: 'register' is no longer a supported storage class [C:\Users\egorb\OneDrive\Documentos\GitHub\xray-monolith\src\xrCore\xrCore.vcxproj]
  (compiling source file '/rt_lzo1x_d1.cpp')
  
C:\Users\egorb\OneDrive\Documentos\GitHub\xray-monolith\src\xrCore\rt_lzo1x_d.ch(64,5): warning C5033: 'register' is no longer a supported storage class [C:\Users\egorb\OneDrive\Documentos\GitHub\xray-monolith\src\xrCore\xrCore.vcxproj]
  (compiling source file '/rt_lzo1x_d1.cpp')
  
C:\Users\egorb\OneDrive\Documentos\GitHub\xray-monolith\src\xrCore\rt_lzo1x_d.ch(69,5): warning C5033: 'register' is no longer a supported storage class [C:\Users\egorb\OneDrive\Documentos\GitHub\xray-monolith\src\xrCore\xrCore.vcxproj]
  (compiling source file '/rt_lzo1x_d1.cpp')
  
  xrMemory.cpp
C:\Users\egorb\OneDrive\Documentos\GitHub\xray-monolith\src\xrCore\rt_lzo1x_d.ch(62,5): warning C5033: 'register' is no longer a supported storage class [C:\Users\egorb\OneDrive\Documentos\GitHub\xray-monolith\src\xrCore\xrCore.vcxproj]
  (compiling source file '/rt_lzo1x_d2.cpp')
  
C:\Users\egorb\OneDrive\Documentos\GitHub\xray-monolith\src\xrCore\rt_lzo1x_d.ch(63,5): warning C5033: 'register' is no longer a supported storage class [C:\Users\egorb\OneDrive\Documentos\GitHub\xray-monolith\src\xrCore\xrCore.vcxproj]
  (compiling source file '/rt_lzo1x_d2.cpp')
  
C:\Users\egorb\OneDrive\Documentos\GitHub\xray-monolith\src\xrCore\rt_lzo1x_d.ch(64,5): warning C5033: 'register' is no longer a supported storage class [C:\Users\egorb\OneDrive\Documentos\GitHub\xray-monolith\src\xrCore\xrCore.vcxproj]
  (compiling source file '/rt_lzo1x_d2.cpp')
  
C:\Users\egorb\OneDrive\Documentos\GitHub\xray-monolith\src\xrCore\rt_lzo1x_d.ch(69,5): warning C5033: 'register' is no longer a supported storage class [C:\Users\egorb\OneDrive\Documentos\GitHub\xray-monolith\src\xrCore\xrCore.vcxproj]
  (compiling source file '/rt_lzo1x_d2.cpp')
  
C:\Users\egorb\OneDrive\Documentos\GitHub\xray-monolith\src\xrCore\rt_lzo1x_d.ch(62,5): warning C5033: 'register' is no longer a supported storage class [C:\Users\egorb\OneDrive\Documentos\GitHub\xray-monolith\src\xrCore\xrCore.vcxproj]
  (compiling source file '/rt_lzo1x_d3.cpp')
  
C:\Users\egorb\OneDrive\Documentos\GitHub\xray-monolith\src\xrCore\rt_lzo1x_d.ch(63,5): warning C5033: 'register' is no longer a supported storage class [C:\Users\egorb\OneDrive\Documentos\GitHub\xray-monolith\src\xrCore\xrCore.vcxproj]
  (compiling source file '/rt_lzo1x_d3.cpp')
  
C:\Users\egorb\OneDrive\Documentos\GitHub\xray-monolith\src\xrCore\rt_lzo1x_d.ch(64,5): warning C5033: 'register' is no longer a supported storage class [C:\Users\egorb\OneDrive\Documentos\GitHub\xray-monolith\src\xrCore\xrCore.vcxproj]
  (compiling source file '/rt_lzo1x_d3.cpp')
  
  xrMemory_align.cpp
C:\Users\egorb\OneDrive\Documentos\GitHub\xray-monolith\src\xrCore\rt_lzo1x_d.ch(180,16): warning C5033: 'register' is no longer a supported storage class [C:\Users\egorb\OneDrive\Documentos\GitHub\xray-monolith\src\xrCore\xrCore.vcxproj]
  (compiling source file '/rt_lzo1x_d3.cpp')
  
C:\Users\egorb\OneDrive\Documentos\GitHub\xray-monolith\src\xrCore\rt_lzo1x_d.ch(351,24): warning C5033: 'register' is no longer a supported storage class [C:\Users\egorb\OneDrive\Documentos\GitHub\xray-monolith\src\xrCore\xrCore.vcxproj]
  (compiling source file '/rt_lzo1x_d3.cpp')
  
C:\Users\egorb\OneDrive\Documentos\GitHub\xray-monolith\src\xrCore\rt_lzo1x_d.ch(372,23): warning C5033: 'register' is no longer a supported storage class [C:\Users\egorb\OneDrive\Documentos\GitHub\xray-monolith\src\xrCore\xrCore.vcxproj]
  (compiling source file '/rt_lzo1x_d3.cpp')
  
  xrMemory_debug.cpp
  xrMemory_POOL.cpp
  xrMemory_pso_Copy.cpp
  xrMemory_pso_Fill.cpp
C:\Program Files (x86)\Microsoft Visual Studio\2022\BuildTools\VC\Tools\MSVC\14.44.35207\include\xlocnum(1321,39): warning C4995: 'sprintf_s': name was marked as #pragma deprecated [C:\Users\egorb\OneDrive\Documentos\GitHub\xray-monolith\src\xrCore\xrCore.vcxproj]
  (compiling source file '/mezz_stringbuffer.cpp')
  
C:\Program Files (x86)\Microsoft Visual Studio\2022\BuildTools\VC\Tools\MSVC\14.44.35207\include\xlocnum(1330,39): warning C4995: 'sprintf_s': name was marked as #pragma deprecated [C:\Users\egorb\OneDrive\Documentos\GitHub\xray-monolith\src\xrCore\xrCore.vcxproj]
  (compiling source file '/mezz_stringbuffer.cpp')
  
C:\Program Files (x86)\Microsoft Visual Studio\2022\BuildTools\VC\Tools\MSVC\14.44.35207\include\xlocnum(1339,39): warning C4995: 'sprintf_s': name was marked as #pragma deprecated [C:\Users\egorb\OneDrive\Documentos\GitHub\xray-monolith\src\xrCore\xrCore.vcxproj]
  (compiling source file '/mezz_stringbuffer.cpp')
  
C:\Program Files (x86)\Microsoft Visual Studio\2022\BuildTools\VC\Tools\MSVC\14.44.35207\include\xlocnum(1348,39): warning C4995: 'sprintf_s': name was marked as #pragma deprecated [C:\Users\egorb\OneDrive\Documentos\GitHub\xray-monolith\src\xrCore\xrCore.vcxproj]
  (compiling source file '/mezz_stringbuffer.cpp')
  
C:\Program Files (x86)\Microsoft Visual Studio\2022\BuildTools\VC\Tools\MSVC\14.44.35207\include\xlocnum(1372,54): warning C4995: 'sprintf_s': name was marked as #pragma deprecated [C:\Users\egorb\OneDrive\Documentos\GitHub\xray-monolith\src\xrCore\xrCore.vcxproj]
  (compiling source file '/mezz_stringbuffer.cpp')
  
C:\Program Files (x86)\Microsoft Visual Studio\2022\BuildTools\VC\Tools\MSVC\14.44.35207\include\xlocnum(1399,54): warning C4995: 'sprintf_s': name was marked as #pragma deprecated [C:\Users\egorb\OneDrive\Documentos\GitHub\xray-monolith\src\xrCore\xrCore.vcxproj]
  (compiling source file '/mezz_stringbuffer.cpp')
  
C:\Program Files (x86)\Microsoft Visual Studio\2022\BuildTools\VC\Tools\MSVC\14.44.35207\include\xlocnum(1411,69): warning C4995: 'sprintf_s': name was marked as #pragma deprecated [C:\Users\egorb\OneDrive\Documentos\GitHub\xray-monolith\src\xrCore\xrCore.vcxproj]
  (compiling source file '/mezz_stringbuffer.cpp')
  
  xrMemory_pso_Fill32.cpp
  xrMemory_subst_borland.cpp
  xrMemory_subst_msvc.cpp
  xrsharedmem.cpp
  xrstring.cpp
  xrSyncronize.cpp
C:\Program Files (x86)\Microsoft Visual Studio\2022\BuildTools\VC\Tools\MSVC\14.44.35207\include\xlocnum(1321,39): warning C4995: 'sprintf_s': name was marked as #pragma deprecated [C:\Users\egorb\OneDrive\Documentos\GitHub\xray-monolith\src\xrCore\xrCore.vcxproj]
  (compiling source file '/log.cpp')
  
C:\Program Files (x86)\Microsoft Visual Studio\2022\BuildTools\VC\Tools\MSVC\14.44.35207\include\xlocnum(1330,39): warning C4995: 'sprintf_s': name was marked as #pragma deprecated [C:\Users\egorb\OneDrive\Documentos\GitHub\xray-monolith\src\xrCore\xrCore.vcxproj]
  (compiling source file '/log.cpp')
  
C:\Program Files (x86)\Microsoft Visual Studio\2022\BuildTools\VC\Tools\MSVC\14.44.35207\include\xlocnum(1339,39): warning C4995: 'sprintf_s': name was marked as #pragma deprecated [C:\Users\egorb\OneDrive\Documentos\GitHub\xray-monolith\src\xrCore\xrCore.vcxproj]
  (compiling source file '/log.cpp')
  
C:\Program Files (x86)\Microsoft Visual Studio\2022\BuildTools\VC\Tools\MSVC\14.44.35207\include\xlocnum(1348,39): warning C4995: 'sprintf_s': name was marked as #pragma deprecated [C:\Users\egorb\OneDrive\Documentos\GitHub\xray-monolith\src\xrCore\xrCore.vcxproj]
  (compiling source file '/log.cpp')
  
C:\Program Files (x86)\Microsoft Visual Studio\2022\BuildTools\VC\Tools\MSVC\14.44.35207\include\xlocnum(1372,54): warning C4995: 'sprintf_s': name was marked as #pragma deprecated [C:\Users\egorb\OneDrive\Documentos\GitHub\xray-monolith\src\xrCore\xrCore.vcxproj]
  (compiling source file '/log.cpp')
  
C:\Program Files (x86)\Microsoft Visual Studio\2022\BuildTools\VC\Tools\MSVC\14.44.35207\include\xlocnum(1399,54): warning C4995: 'sprintf_s': name was marked as #pragma deprecated [C:\Users\egorb\OneDrive\Documentos\GitHub\xray-monolith\src\xrCore\xrCore.vcxproj]
  (compiling source file '/log.cpp')
  
C:\Program Files (x86)\Microsoft Visual Studio\2022\BuildTools\VC\Tools\MSVC\14.44.35207\include\xlocnum(1411,69): warning C4995: 'sprintf_s': name was marked as #pragma deprecated [C:\Users\egorb\OneDrive\Documentos\GitHub\xray-monolith\src\xrCore\xrCore.vcxproj]
  (compiling source file '/log.cpp')
  
  Xr_ini.cpp
  xr_shared.cpp
  xr_trims.cpp
  _compressed_normal.cpp
  _math.cpp
C:\Program Files (x86)\Microsoft Visual Studio\2022\BuildTools\VC\Tools\MSVC\14.44.35207\include\xlocmon(674,34): warning C4995: 'sprintf_s': name was marked as #pragma deprecated [C:\Users\egorb\OneDrive\Documentos\GitHub\xray-monolith\src\xrCore\xrCore.vcxproj]
  _sphere.cpp
  (compiling source file '/log.cpp')
  
C:\Program Files (x86)\Microsoft Visual Studio\2022\BuildTools\VC\Tools\MSVC\14.44.35207\include\xlocmon(674,34): warning C4995: 'sprintf_s': name was marked as #pragma deprecated [C:\Users\egorb\OneDrive\Documentos\GitHub\xray-monolith\src\xrCore\xrCore.vcxproj]
  (compiling source file '/mezz_stringbuffer.cpp')
  
  _std_extensions.cpp
C:\Users\egorb\OneDrive\Documentos\GitHub\xray-monolith\src\xrCore\profiler.h(5,9): warning C4005: 'PROFILER_OPTICK': macro redefinition [C:\Users\egorb\OneDrive\Documentos\GitHub\xray-monolith\src\xrCore\xrCore.vcxproj]
  (compiling source file '/log.cpp')
      C:\Users\egorb\OneDrive\Documentos\GitHub\xray-monolith\src\xrCore\profiler.h(5,9):
      'PROFILER_OPTICK' previously declared on the command line
  
C:\Users\egorb\OneDrive\Documentos\GitHub\xray-monolith\src\xrCore\log.cpp(33,2): warning C4003: not enough arguments for function-like macro invocation 'PROF_EVENT' [C:\Users\egorb\OneDrive\Documentos\GitHub\xray-monolith\src\xrCore\xrCore.vcxproj]
  (compiling source file '/log.cpp')
  
C:\Users\egorb\OneDrive\Documentos\GitHub\xray-monolith\src\xrCore\profiler.h(5,9): warning C4005: 'PROFILER_OPTICK': macro redefinition [C:\Users\egorb\OneDrive\Documentos\GitHub\xray-monolith\src\xrCore\xrCore.vcxproj]
  (compiling source file '/_math.cpp')
      C:\Users\egorb\OneDrive\Documentos\GitHub\xray-monolith\src\xrCore\profiler.h(5,9):
      'PROFILER_OPTICK' previously declared on the command line
  
C:\Program Files (x86)\Microsoft Visual Studio\2022\BuildTools\VC\Tools\MSVC\14.44.35207\include\xlocnum(1321,39): warning C4995: 'sprintf_s': name was marked as #pragma deprecated [C:\Users\egorb\OneDrive\Documentos\GitHub\xray-monolith\src\xrCore\xrCore.vcxproj]
  (compiling source file '/xrDebugNew.cpp')
  
C:\Program Files (x86)\Microsoft Visual Studio\2022\BuildTools\VC\Tools\MSVC\14.44.35207\include\xlocnum(1330,39): warning C4995: 'sprintf_s': name was marked as #pragma deprecated [C:\Users\egorb\OneDrive\Documentos\GitHub\xray-monolith\src\xrCore\xrCore.vcxproj]
  (compiling source file '/xrDebugNew.cpp')
  
C:\Program Files (x86)\Microsoft Visual Studio\2022\BuildTools\VC\Tools\MSVC\14.44.35207\include\xlocnum(1339,39): warning C4995: 'sprintf_s': name was marked as #pragma deprecated [C:\Users\egorb\OneDrive\Documentos\GitHub\xray-monolith\src\xrCore\xrCore.vcxproj]
  (compiling source file '/xrDebugNew.cpp')
  
C:\Program Files (x86)\Microsoft Visual Studio\2022\BuildTools\VC\Tools\MSVC\14.44.35207\include\xlocnum(1348,39): warning C4995: 'sprintf_s': name was marked as #pragma deprecated [C:\Users\egorb\OneDrive\Documentos\GitHub\xray-monolith\src\xrCore\xrCore.vcxproj]
  (compiling source file '/xrDebugNew.cpp')
  
C:\Program Files (x86)\Microsoft Visual Studio\2022\BuildTools\VC\Tools\MSVC\14.44.35207\include\xlocnum(1372,54): warning C4995: 'sprintf_s': name was marked as #pragma deprecated [C:\Users\egorb\OneDrive\Documentos\GitHub\xray-monolith\src\xrCore\xrCore.vcxproj]
  (compiling source file '/xrDebugNew.cpp')
  
C:\Program Files (x86)\Microsoft Visual Studio\2022\BuildTools\VC\Tools\MSVC\14.44.35207\include\xlocnum(1399,54): warning C4995: 'sprintf_s': name was marked as #pragma deprecated [C:\Users\egorb\OneDrive\Documentos\GitHub\xray-monolith\src\xrCore\xrCore.vcxproj]
  (compiling source file '/xrDebugNew.cpp')
  
C:\Program Files (x86)\Microsoft Visual Studio\2022\BuildTools\VC\Tools\MSVC\14.44.35207\include\xlocnum(1411,69): warning C4995: 'sprintf_s': name was marked as #pragma deprecated [C:\Users\egorb\OneDrive\Documentos\GitHub\xray-monolith\src\xrCore\xrCore.vcxproj]
  (compiling source file '/xrDebugNew.cpp')
  
C:\Program Files (x86)\Microsoft Visual Studio\2022\BuildTools\VC\Tools\MSVC\14.44.35207\include\xlocnum(1321,39): warning C4995: 'sprintf_s': name was marked as #pragma deprecated [C:\Users\egorb\OneDrive\Documentos\GitHub\xray-monolith\src\xrCore\xrCore.vcxproj]
  (compiling source file '/Xr_ini.cpp')
  
C:\Program Files (x86)\Microsoft Visual Studio\2022\BuildTools\VC\Tools\MSVC\14.44.35207\include\xlocnum(1330,39): warning C4995: 'sprintf_s': name was marked as #pragma deprecated [C:\Users\egorb\OneDrive\Documentos\GitHub\xray-monolith\src\xrCore\xrCore.vcxproj]
  (compiling source file '/Xr_ini.cpp')
  
C:\Program Files (x86)\Microsoft Visual Studio\2022\BuildTools\VC\Tools\MSVC\14.44.35207\include\xlocnum(1339,39): warning C4995: 'sprintf_s': name was marked as #pragma deprecated [C:\Users\egorb\OneDrive\Documentos\GitHub\xray-monolith\src\xrCore\xrCore.vcxproj]
  (compiling source file '/Xr_ini.cpp')
  
C:\Program Files (x86)\Microsoft Visual Studio\2022\BuildTools\VC\Tools\MSVC\14.44.35207\include\xlocnum(1348,39): warning C4995: 'sprintf_s': name was marked as #pragma deprecated [C:\Users\egorb\OneDrive\Documentos\GitHub\xray-monolith\src\xrCore\xrCore.vcxproj]
  (compiling source file '/Xr_ini.cpp')
  
C:\Program Files (x86)\Microsoft Visual Studio\2022\BuildTools\VC\Tools\MSVC\14.44.35207\include\xlocnum(1372,54): warning C4995: 'sprintf_s': name was marked as #pragma deprecated [C:\Users\egorb\OneDrive\Documentos\GitHub\xray-monolith\src\xrCore\xrCore.vcxproj]
  (compiling source file '/Xr_ini.cpp')
  
C:\Program Files (x86)\Microsoft Visual Studio\2022\BuildTools\VC\Tools\MSVC\14.44.35207\include\xlocnum(1399,54): warning C4995: 'sprintf_s': name was marked as #pragma deprecated [C:\Users\egorb\OneDrive\Documentos\GitHub\xray-monolith\src\xrCore\xrCore.vcxproj]
  (compiling source file '/Xr_ini.cpp')
  
C:\Program Files (x86)\Microsoft Visual Studio\2022\BuildTools\VC\Tools\MSVC\14.44.35207\include\xlocnum(1411,69): warning C4995: 'sprintf_s': name was marked as #pragma deprecated [C:\Users\egorb\OneDrive\Documentos\GitHub\xray-monolith\src\xrCore\xrCore.vcxproj]
  (compiling source file '/Xr_ini.cpp')
  
C:\Program Files (x86)\Microsoft Visual Studio\2022\BuildTools\VC\Tools\MSVC\14.44.35207\include\xlocmon(674,34): warning C4995: 'sprintf_s': name was marked as #pragma deprecated [C:\Users\egorb\OneDrive\Documentos\GitHub\xray-monolith\src\xrCore\xrCore.vcxproj]
  (compiling source file '/Xr_ini.cpp')
  
C:\Program Files (x86)\Microsoft Visual Studio\2022\BuildTools\VC\Tools\MSVC\14.44.35207\include\xlocmon(674,34): warning C4995: 'sprintf_s': name was marked as #pragma deprecated [C:\Users\egorb\OneDrive\Documentos\GitHub\xray-monolith\src\xrCore\xrCore.vcxproj]
  (compiling source file '/xrDebugNew.cpp')
  
C:\Program Files (x86)\Microsoft Visual Studio\2022\BuildTools\VC\Tools\MSVC\14.44.35207\include\xlocnum(1321,39): warning C4995: 'sprintf_s': name was marked as #pragma deprecated [C:\Users\egorb\OneDrive\Documentos\GitHub\xray-monolith\src\xrCore\xrCore.vcxproj]
  (compiling source file '/xrCore.cpp')
  
C:\Program Files (x86)\Microsoft Visual Studio\2022\BuildTools\VC\Tools\MSVC\14.44.35207\include\xlocnum(1330,39): warning C4995: 'sprintf_s': name was marked as #pragma deprecated [C:\Users\egorb\OneDrive\Documentos\GitHub\xray-monolith\src\xrCore\xrCore.vcxproj]
  (compiling source file '/xrCore.cpp')
  
C:\Program Files (x86)\Microsoft Visual Studio\2022\BuildTools\VC\Tools\MSVC\14.44.35207\include\xlocnum(1339,39): warning C4995: 'sprintf_s': name was marked as #pragma deprecated [C:\Users\egorb\OneDrive\Documentos\GitHub\xray-monolith\src\xrCore\xrCore.vcxproj]
  (compiling source file '/xrCore.cpp')
  
C:\Program Files (x86)\Microsoft Visual Studio\2022\BuildTools\VC\Tools\MSVC\14.44.35207\include\xlocnum(1348,39): warning C4995: 'sprintf_s': name was marked as #pragma deprecated [C:\Users\egorb\OneDrive\Documentos\GitHub\xray-monolith\src\xrCore\xrCore.vcxproj]
  (compiling source file '/xrCore.cpp')
  
C:\Program Files (x86)\Microsoft Visual Studio\2022\BuildTools\VC\Tools\MSVC\14.44.35207\include\xlocnum(1372,54): warning C4995: 'sprintf_s': name was marked as #pragma deprecated [C:\Users\egorb\OneDrive\Documentos\GitHub\xray-monolith\src\xrCore\xrCore.vcxproj]
  (compiling source file '/xrCore.cpp')
  
C:\Program Files (x86)\Microsoft Visual Studio\2022\BuildTools\VC\Tools\MSVC\14.44.35207\include\xlocnum(1399,54): warning C4995: 'sprintf_s': name was marked as #pragma deprecated [C:\Users\egorb\OneDrive\Documentos\GitHub\xray-monolith\src\xrCore\xrCore.vcxproj]
  (compiling source file '/xrCore.cpp')
  
C:\Program Files (x86)\Microsoft Visual Studio\2022\BuildTools\VC\Tools\MSVC\14.44.35207\include\xlocnum(1411,69): warning C4995: 'sprintf_s': name was marked as #pragma deprecated [C:\Users\egorb\OneDrive\Documentos\GitHub\xray-monolith\src\xrCore\xrCore.vcxproj]
  (compiling source file '/xrCore.cpp')
  
C:\Users\egorb\OneDrive\Documentos\GitHub\xray-monolith\src\xrCore\Xr_ini.cpp(1185,1): warning C4002: too many arguments for function-like macro invocation 'R_ASSERT' [C:\Users\egorb\OneDrive\Documentos\GitHub\xray-monolith\src\xrCore\xrCore.vcxproj]
  (compiling source file '/Xr_ini.cpp')
  
  xrCore.vcxproj -> C:\Users\egorb\OneDrive\Documentos\GitHub\xray-monolith\_build\_game\bin_dbg\x64\Release\xrCore.lib
    OK
>>> Building xrCDB...

  StdAfx.cpp
  Compiling on Windows...
  Compiling with VC++...
  Frustum.cpp
  ISpatial.cpp
  ISpatial_q_box.cpp
  ISpatial_q_frustum.cpp
  ISpatial_q_ray.cpp
  ISpatial_verify.cpp
  Opcode.cpp
  OPC_AABB.cpp
  OPC_AABBCollider.cpp
  OPC_AABBTree.cpp
  OPC_Collider.cpp
  OPC_Common.cpp
  OPC_Container.cpp
  OPC_Matrix3x3.cpp
  OPC_Matrix4x4.cpp
  OPC_Model.cpp
  OPC_OBB.cpp
  OPC_OBBCollider.cpp
  OPC_OptimizedTree.cpp
  OPC_Plane.cpp
  OPC_PlanesCollider.cpp
  OPC_Point.cpp
  OPC_Ray.cpp
  OPC_RayCollider.cpp
  OPC_SphereCollider.cpp
  OPC_TreeBuilders.cpp
  OPC_TreeCollider.cpp
  OPC_Triangle.cpp
  OPC_VolumeCollider.cpp
  xrCDB.cpp
  xrCDB_box.cpp
  xrCDB_Collector.cpp
  xrCDB_frustum.cpp
  xrCDB_ray.cpp
C:\Users\egorb\OneDrive\Documentos\GitHub\xray-monolith\src\xrCDB\ISpatial.h(151,9): warning C4311: '<function-style-cast>': pointer truncation from 'ISpatial_NODE *' to 'ISpatial_NODE::ptrt' [C:\Users\egorb\OneDrive\Documentos\GitHub\xray-monolith\src\xrCDB\xrCDB.vcxproj]
  (compiling source file '/ISpatial_q_ray.cpp')
  
C:\Users\egorb\OneDrive\Documentos\GitHub\xray-monolith\src\xrCDB\ISpatial.h(151,29): warning C4311: '<function-style-cast>': pointer truncation from 'ISpatial_NODE *' to 'ISpatial_NODE::ptrt' [C:\Users\egorb\OneDrive\Documentos\GitHub\xray-monolith\src\xrCDB\xrCDB.vcxproj]
  (compiling source file '/ISpatial_q_ray.cpp')
  
C:\Users\egorb\OneDrive\Documentos\GitHub\xray-monolith\src\xrCDB\ISpatial.h(152,9): warning C4311: '<function-style-cast>': pointer truncation from 'ISpatial_NODE *' to 'ISpatial_NODE::ptrt' [C:\Users\egorb\OneDrive\Documentos\GitHub\xray-monolith\src\xrCDB\xrCDB.vcxproj]
  (compiling source file '/ISpatial_q_ray.cpp')
  
C:\Users\egorb\OneDrive\Documentos\GitHub\xray-monolith\src\xrCDB\ISpatial.h(152,29): warning C4311: '<function-style-cast>': pointer truncation from 'ISpatial_NODE *' to 'ISpatial_NODE::ptrt' [C:\Users\egorb\OneDrive\Documentos\GitHub\xray-monolith\src\xrCDB\xrCDB.vcxproj]
  (compiling source file '/ISpatial_q_ray.cpp')
  
C:\Users\egorb\OneDrive\Documentos\GitHub\xray-monolith\src\xrCDB\ISpatial.h(153,9): warning C4311: '<function-style-cast>': pointer truncation from 'ISpatial_NODE *' to 'ISpatial_NODE::ptrt' [C:\Users\egorb\OneDrive\Documentos\GitHub\xray-monolith\src\xrCDB\xrCDB.vcxproj]
  (compiling source file '/ISpatial_q_ray.cpp')
  
C:\Users\egorb\OneDrive\Documentos\GitHub\xray-monolith\src\xrCDB\ISpatial.h(153,29): warning C4311: '<function-style-cast>': pointer truncation from 'ISpatial_NODE *' to 'ISpatial_NODE::ptrt' [C:\Users\egorb\OneDrive\Documentos\GitHub\xray-monolith\src\xrCDB\xrCDB.vcxproj]
  (compiling source file '/ISpatial_q_ray.cpp')
  
C:\Users\egorb\OneDrive\Documentos\GitHub\xray-monolith\src\xrCDB\ISpatial.h(154,9): warning C4311: '<function-style-cast>': pointer truncation from 'ISpatial_NODE *' to 'ISpatial_NODE::ptrt' [C:\Users\egorb\OneDrive\Documentos\GitHub\xray-monolith\src\xrCDB\xrCDB.vcxproj]
  (compiling source file '/ISpatial_q_ray.cpp')
  
C:\Users\egorb\OneDrive\Documentos\GitHub\xray-monolith\src\xrCDB\ISpatial.h(154,29): warning C4311: '<function-style-cast>': pointer truncation from 'ISpatial_NODE *' to 'ISpatial_NODE::ptrt' [C:\Users\egorb\OneDrive\Documentos\GitHub\xray-monolith\src\xrCDB\xrCDB.vcxproj]
  (compiling source file '/ISpatial_q_ray.cpp')
  
C:\Users\egorb\OneDrive\Documentos\GitHub\xray-monolith\src\xrCDB\ispatial.h(151,9): warning C4311: '<function-style-cast>': pointer truncation from 'ISpatial_NODE *' to 'ISpatial_NODE::ptrt' [C:\Users\egorb\OneDrive\Documentos\GitHub\xray-monolith\src\xrCDB\xrCDB.vcxproj]
  (compiling source file '/ISpatial.cpp')
  
C:\Users\egorb\OneDrive\Documentos\GitHub\xray-monolith\src\xrCDB\ispatial.h(151,29): warning C4311: '<function-style-cast>': pointer truncation from 'ISpatial_NODE *' to 'ISpatial_NODE::ptrt' [C:\Users\egorb\OneDrive\Documentos\GitHub\xray-monolith\src\xrCDB\xrCDB.vcxproj]
  (compiling source file '/ISpatial.cpp')
  
C:\Users\egorb\OneDrive\Documentos\GitHub\xray-monolith\src\xrCDB\ispatial.h(152,9): warning C4311: '<function-style-cast>': pointer truncation from 'ISpatial_NODE *' to 'ISpatial_NODE::ptrt' [C:\Users\egorb\OneDrive\Documentos\GitHub\xray-monolith\src\xrCDB\xrCDB.vcxproj]
  (compiling source file '/ISpatial.cpp')
  
C:\Users\egorb\OneDrive\Documentos\GitHub\xray-monolith\src\xrCDB\ispatial.h(152,29): warning C4311: '<function-style-cast>': pointer truncation from 'ISpatial_NODE *' to 'ISpatial_NODE::ptrt' [C:\Users\egorb\OneDrive\Documentos\GitHub\xray-monolith\src\xrCDB\xrCDB.vcxproj]
  (compiling source file '/ISpatial.cpp')
  
C:\Users\egorb\OneDrive\Documentos\GitHub\xray-monolith\src\xrCDB\ispatial.h(153,9): warning C4311: '<function-style-cast>': pointer truncation from 'ISpatial_NODE *' to 'ISpatial_NODE::ptrt' [C:\Users\egorb\OneDrive\Documentos\GitHub\xray-monolith\src\xrCDB\xrCDB.vcxproj]
  (compiling source file '/ISpatial.cpp')
  
C:\Users\egorb\OneDrive\Documentos\GitHub\xray-monolith\src\xrCDB\ispatial.h(153,29): warning C4311: '<function-style-cast>': pointer truncation from 'ISpatial_NODE *' to 'ISpatial_NODE::ptrt' [C:\Users\egorb\OneDrive\Documentos\GitHub\xray-monolith\src\xrCDB\xrCDB.vcxproj]
  (compiling source file '/ISpatial.cpp')
  
C:\Users\egorb\OneDrive\Documentos\GitHub\xray-monolith\src\xrCDB\ispatial.h(154,9): warning C4311: '<function-style-cast>': pointer truncation from 'ISpatial_NODE *' to 'ISpatial_NODE::ptrt' [C:\Users\egorb\OneDrive\Documentos\GitHub\xray-monolith\src\xrCDB\xrCDB.vcxproj]
  (compiling source file '/ISpatial.cpp')
  
C:\Users\egorb\OneDrive\Documentos\GitHub\xray-monolith\src\xrCDB\ispatial.h(154,29): warning C4311: '<function-style-cast>': pointer truncation from 'ISpatial_NODE *' to 'ISpatial_NODE::ptrt' [C:\Users\egorb\OneDrive\Documentos\GitHub\xray-monolith\src\xrCDB\xrCDB.vcxproj]
  (compiling source file '/ISpatial.cpp')
  
C:\Users\egorb\OneDrive\Documentos\GitHub\xray-monolith\src\xrCDB\ISpatial.h(151,9): warning C4311: '<function-style-cast>': pointer truncation from 'ISpatial_NODE *' to 'ISpatial_NODE::ptrt' [C:\Users\egorb\OneDrive\Documentos\GitHub\xray-monolith\src\xrCDB\xrCDB.vcxproj]
  (compiling source file '/ISpatial_q_box.cpp')
  
C:\Users\egorb\OneDrive\Documentos\GitHub\xray-monolith\src\xrCDB\ISpatial.h(151,9): warning C4311: '<function-style-cast>': pointer truncation from 'ISpatial_NODE *' to 'ISpatial_NODE::ptrt' [C:\Users\egorb\OneDrive\Documentos\GitHub\xray-monolith\src\xrCDB\xrCDB.vcxproj]
  (compiling source file '/ISpatial_verify.cpp')
  
C:\Users\egorb\OneDrive\Documentos\GitHub\xray-monolith\src\xrCDB\ISpatial.h(151,9): warning C4311: '<function-style-cast>': pointer truncation from 'ISpatial_NODE *' to 'ISpatial_NODE::ptrt' [C:\Users\egorb\OneDrive\Documentos\GitHub\xray-monolith\src\xrCDB\xrCDB.vcxproj]
  (compiling source file '/ISpatial_q_frustum.cpp')
  
C:\Users\egorb\OneDrive\Documentos\GitHub\xray-monolith\src\xrCDB\ISpatial.h(151,29): warning C4311: '<function-style-cast>': pointer truncation from 'ISpatial_NODE *' to 'ISpatial_NODE::ptrt' [C:\Users\egorb\OneDrive\Documentos\GitHub\xray-monolith\src\xrCDB\xrCDB.vcxproj]
  (compiling source file '/ISpatial_q_box.cpp')
  
C:\Users\egorb\OneDrive\Documentos\GitHub\xray-monolith\src\xrCDB\ISpatial.h(151,29): warning C4311: '<function-style-cast>': pointer truncation from 'ISpatial_NODE *' to 'ISpatial_NODE::ptrt' [C:\Users\egorb\OneDrive\Documentos\GitHub\xray-monolith\src\xrCDB\xrCDB.vcxproj]
  (compiling source file '/ISpatial_verify.cpp')
  
C:\Users\egorb\OneDrive\Documentos\GitHub\xray-monolith\src\xrCDB\ISpatial.h(152,9): warning C4311: '<function-style-cast>': pointer truncation from 'ISpatial_NODE *' to 'ISpatial_NODE::ptrt' [C:\Users\egorb\OneDrive\Documentos\GitHub\xray-monolith\src\xrCDB\xrCDB.vcxproj]
  (compiling source file '/ISpatial_verify.cpp')
  
C:\Users\egorb\OneDrive\Documentos\GitHub\xray-monolith\src\xrCDB\ISpatial.h(152,9): warning C4311: '<function-style-cast>': pointer truncation from 'ISpatial_NODE *' to 'ISpatial_NODE::ptrt' [C:\Users\egorb\OneDrive\Documentos\GitHub\xray-monolith\src\xrCDB\xrCDB.vcxproj]
  (compiling source file '/ISpatial_q_box.cpp')
  
C:\Users\egorb\OneDrive\Documentos\GitHub\xray-monolith\src\xrCDB\ISpatial.h(151,29): warning C4311: '<function-style-cast>': pointer truncation from 'ISpatial_NODE *' to 'ISpatial_NODE::ptrt' [C:\Users\egorb\OneDrive\Documentos\GitHub\xray-monolith\src\xrCDB\xrCDB.vcxproj]
  (compiling source file '/ISpatial_q_frustum.cpp')
  
C:\Users\egorb\OneDrive\Documentos\GitHub\xray-monolith\src\xrCDB\ISpatial.h(152,29): warning C4311: '<function-style-cast>': pointer truncation from 'ISpatial_NODE *' to 'ISpatial_NODE::ptrt' [C:\Users\egorb\OneDrive\Documentos\GitHub\xray-monolith\src\xrCDB\xrCDB.vcxproj]
  (compiling source file '/ISpatial_verify.cpp')
  
C:\Users\egorb\OneDrive\Documentos\GitHub\xray-monolith\src\xrCDB\ISpatial.h(153,9): warning C4311: '<function-style-cast>': pointer truncation from 'ISpatial_NODE *' to 'ISpatial_NODE::ptrt' [C:\Users\egorb\OneDrive\Documentos\GitHub\xray-monolith\src\xrCDB\xrCDB.vcxproj]
  (compiling source file '/ISpatial_verify.cpp')
  
C:\Users\egorb\OneDrive\Documentos\GitHub\xray-monolith\src\xrCDB\ISpatial.h(152,29): warning C4311: '<function-style-cast>': pointer truncation from 'ISpatial_NODE *' to 'ISpatial_NODE::ptrt' [C:\Users\egorb\OneDrive\Documentos\GitHub\xray-monolith\src\xrCDB\xrCDB.vcxproj]
  (compiling source file '/ISpatial_q_box.cpp')
  
C:\Users\egorb\OneDrive\Documentos\GitHub\xray-monolith\src\xrCDB\ISpatial.h(152,9): warning C4311: '<function-style-cast>': pointer truncation from 'ISpatial_NODE *' to 'ISpatial_NODE::ptrt' [C:\Users\egorb\OneDrive\Documentos\GitHub\xray-monolith\src\xrCDB\xrCDB.vcxproj]
  (compiling source file '/ISpatial_q_frustum.cpp')
  
C:\Users\egorb\OneDrive\Documentos\GitHub\xray-monolith\src\xrCDB\ISpatial.h(153,29): warning C4311: '<function-style-cast>': pointer truncation from 'ISpatial_NODE *' to 'ISpatial_NODE::ptrt' [C:\Users\egorb\OneDrive\Documentos\GitHub\xray-monolith\src\xrCDB\xrCDB.vcxproj]
  (compiling source file '/ISpatial_verify.cpp')
  
C:\Users\egorb\OneDrive\Documentos\GitHub\xray-monolith\src\xrCDB\ISpatial.h(153,9): warning C4311: '<function-style-cast>': pointer truncation from 'ISpatial_NODE *' to 'ISpatial_NODE::ptrt' [C:\Users\egorb\OneDrive\Documentos\GitHub\xray-monolith\src\xrCDB\xrCDB.vcxproj]
  (compiling source file '/ISpatial_q_box.cpp')
  
C:\Users\egorb\OneDrive\Documentos\GitHub\xray-monolith\src\xrCDB\ISpatial.h(152,29): warning C4311: '<function-style-cast>': pointer truncation from 'ISpatial_NODE *' to 'ISpatial_NODE::ptrt' [C:\Users\egorb\OneDrive\Documentos\GitHub\xray-monolith\src\xrCDB\xrCDB.vcxproj]
  (compiling source file '/ISpatial_q_frustum.cpp')
  
C:\Users\egorb\OneDrive\Documentos\GitHub\xray-monolith\src\xrCDB\ISpatial.h(153,29): warning C4311: '<function-style-cast>': pointer truncation from 'ISpatial_NODE *' to 'ISpatial_NODE::ptrt' [C:\Users\egorb\OneDrive\Documentos\GitHub\xray-monolith\src\xrCDB\xrCDB.vcxproj]
  (compiling source file '/ISpatial_q_box.cpp')
  
C:\Users\egorb\OneDrive\Documentos\GitHub\xray-monolith\src\xrCDB\ISpatial.h(154,9): warning C4311: '<function-style-cast>': pointer truncation from 'ISpatial_NODE *' to 'ISpatial_NODE::ptrt' [C:\Users\egorb\OneDrive\Documentos\GitHub\xray-monolith\src\xrCDB\xrCDB.vcxproj]
  (compiling source file '/ISpatial_q_box.cpp')
  
C:\Users\egorb\OneDrive\Documentos\GitHub\xray-monolith\src\xrCDB\ISpatial.h(153,9): warning C4311: '<function-style-cast>': pointer truncation from 'ISpatial_NODE *' to 'ISpatial_NODE::ptrt' [C:\Users\egorb\OneDrive\Documentos\GitHub\xray-monolith\src\xrCDB\xrCDB.vcxproj]
  (compiling source file '/ISpatial_q_frustum.cpp')
  
C:\Users\egorb\OneDrive\Documentos\GitHub\xray-monolith\src\xrCDB\ISpatial.h(154,29): warning C4311: '<function-style-cast>': pointer truncation from 'ISpatial_NODE *' to 'ISpatial_NODE::ptrt' [C:\Users\egorb\OneDrive\Documentos\GitHub\xray-monolith\src\xrCDB\xrCDB.vcxproj]
  (compiling source file '/ISpatial_q_box.cpp')
  
C:\Users\egorb\OneDrive\Documentos\GitHub\xray-monolith\src\xrCDB\ISpatial.h(154,9): warning C4311: '<function-style-cast>': pointer truncation from 'ISpatial_NODE *' to 'ISpatial_NODE::ptrt' [C:\Users\egorb\OneDrive\Documentos\GitHub\xray-monolith\src\xrCDB\xrCDB.vcxproj]
  (compiling source file '/ISpatial_verify.cpp')
  
C:\Users\egorb\OneDrive\Documentos\GitHub\xray-monolith\src\xrCDB\ISpatial.h(153,29): warning C4311: '<function-style-cast>': pointer truncation from 'ISpatial_NODE *' to 'ISpatial_NODE::ptrt' [C:\Users\egorb\OneDrive\Documentos\GitHub\xray-monolith\src\xrCDB\xrCDB.vcxproj]
  (compiling source file '/ISpatial_q_frustum.cpp')
  
C:\Users\egorb\OneDrive\Documentos\GitHub\xray-monolith\src\xrCDB\ISpatial.h(154,29): warning C4311: '<function-style-cast>': pointer truncation from 'ISpatial_NODE *' to 'ISpatial_NODE::ptrt' [C:\Users\egorb\OneDrive\Documentos\GitHub\xray-monolith\src\xrCDB\xrCDB.vcxproj]
  (compiling source file '/ISpatial_verify.cpp')
  
C:\Users\egorb\OneDrive\Documentos\GitHub\xray-monolith\src\xrCDB\ISpatial.h(154,9): warning C4311: '<function-style-cast>': pointer truncation from 'ISpatial_NODE *' to 'ISpatial_NODE::ptrt' [C:\Users\egorb\OneDrive\Documentos\GitHub\xray-monolith\src\xrCDB\xrCDB.vcxproj]
  (compiling source file '/ISpatial_q_frustum.cpp')
  
C:\Users\egorb\OneDrive\Documentos\GitHub\xray-monolith\src\xrCDB\ISpatial.h(154,29): warning C4311: '<function-style-cast>': pointer truncation from 'ISpatial_NODE *' to 'ISpatial_NODE::ptrt' [C:\Users\egorb\OneDrive\Documentos\GitHub\xray-monolith\src\xrCDB\xrCDB.vcxproj]
  (compiling source file '/ISpatial_q_frustum.cpp')
  
  xrXRC.cpp
  xr_area.cpp
  xr_area_query.cpp
  xr_area_raypick.cpp
C:\Users\egorb\OneDrive\Documentos\GitHub\xray-monolith\src\xrCDB\xrCDB.cpp(79,2): warning C4003: not enough arguments for function-like macro invocation 'PROF_EVENT' [C:\Users\egorb\OneDrive\Documentos\GitHub\xray-monolith\src\xrCDB\xrCDB.vcxproj]
  (compiling source file '/xrCDB.cpp')
  
C:\Users\egorb\OneDrive\Documentos\GitHub\xray-monolith\src\xrCDB\xrCDB.cpp(121,2): warning C4003: not enough arguments for function-like macro invocation 'PROF_EVENT' [C:\Users\egorb\OneDrive\Documentos\GitHub\xray-monolith\src\xrCDB\xrCDB.vcxproj]
  (compiling source file '/xrCDB.cpp')
  
C:\Users\egorb\OneDrive\Documentos\GitHub\xray-monolith\src\xrcdb\ispatial.h(151,9): warning C4311: '<function-style-cast>': pointer truncation from 'ISpatial_NODE *' to 'ISpatial_NODE::ptrt' [C:\Users\egorb\OneDrive\Documentos\GitHub\xray-monolith\src\xrCDB\xrCDB.vcxproj]
  (compiling source file '/xr_area.cpp')
  
C:\Users\egorb\OneDrive\Documentos\GitHub\xray-monolith\src\xrcdb\ispatial.h(151,29): warning C4311: '<function-style-cast>': pointer truncation from 'ISpatial_NODE *' to 'ISpatial_NODE::ptrt' [C:\Users\egorb\OneDrive\Documentos\GitHub\xray-monolith\src\xrCDB\xrCDB.vcxproj]
  (compiling source file '/xr_area.cpp')
  
C:\Users\egorb\OneDrive\Documentos\GitHub\xray-monolith\src\xrcdb\ispatial.h(152,9): warning C4311: '<function-style-cast>': pointer truncation from 'ISpatial_NODE *' to 'ISpatial_NODE::ptrt' [C:\Users\egorb\OneDrive\Documentos\GitHub\xray-monolith\src\xrCDB\xrCDB.vcxproj]
  (compiling source file '/xr_area.cpp')
  
C:\Users\egorb\OneDrive\Documentos\GitHub\xray-monolith\src\xrcdb\ispatial.h(152,29): warning C4311: '<function-style-cast>': pointer truncation from 'ISpatial_NODE *' to 'ISpatial_NODE::ptrt' [C:\Users\egorb\OneDrive\Documentos\GitHub\xray-monolith\src\xrCDB\xrCDB.vcxproj]
  (compiling source file '/xr_area.cpp')
  
C:\Users\egorb\OneDrive\Documentos\GitHub\xray-monolith\src\xrcdb\ispatial.h(153,9): warning C4311: '<function-style-cast>': pointer truncation from 'ISpatial_NODE *' to 'ISpatial_NODE::ptrt' [C:\Users\egorb\OneDrive\Documentos\GitHub\xray-monolith\src\xrCDB\xrCDB.vcxproj]
  (compiling source file '/xr_area.cpp')
  
C:\Users\egorb\OneDrive\Documentos\GitHub\xray-monolith\src\xrcdb\ispatial.h(153,29): warning C4311: '<function-style-cast>': pointer truncation from 'ISpatial_NODE *' to 'ISpatial_NODE::ptrt' [C:\Users\egorb\OneDrive\Documentos\GitHub\xray-monolith\src\xrCDB\xrCDB.vcxproj]
  (compiling source file '/xr_area.cpp')
  
C:\Users\egorb\OneDrive\Documentos\GitHub\xray-monolith\src\xrcdb\ispatial.h(154,9): warning C4311: '<function-style-cast>': pointer truncation from 'ISpatial_NODE *' to 'ISpatial_NODE::ptrt' [C:\Users\egorb\OneDrive\Documentos\GitHub\xray-monolith\src\xrCDB\xrCDB.vcxproj]
  (compiling source file '/xr_area.cpp')
  
C:\Users\egorb\OneDrive\Documentos\GitHub\xray-monolith\src\xrcdb\ispatial.h(154,29): warning C4311: '<function-style-cast>': pointer truncation from 'ISpatial_NODE *' to 'ISpatial_NODE::ptrt' [C:\Users\egorb\OneDrive\Documentos\GitHub\xray-monolith\src\xrCDB\xrCDB.vcxproj]
  (compiling source file '/xr_area.cpp')
  
C:\Users\egorb\OneDrive\Documentos\GitHub\xray-monolith\src\xrCDB\ispatial.h(151,9): warning C4311: '<function-style-cast>': pointer truncation from 'ISpatial_NODE *' to 'ISpatial_NODE::ptrt' [C:\Users\egorb\OneDrive\Documentos\GitHub\xray-monolith\src\xrCDB\xrCDB.vcxproj]
  (compiling source file '/xr_area_raypick.cpp')
  
C:\Users\egorb\OneDrive\Documentos\GitHub\xray-monolith\src\xrCDB\ispatial.h(151,29): warning C4311: '<function-style-cast>': pointer truncation from 'ISpatial_NODE *' to 'ISpatial_NODE::ptrt' [C:\Users\egorb\OneDrive\Documentos\GitHub\xray-monolith\src\xrCDB\xrCDB.vcxproj]
  (compiling source file '/xr_area_raypick.cpp')
  
C:\Users\egorb\OneDrive\Documentos\GitHub\xray-monolith\src\xrCDB\ispatial.h(152,9): warning C4311: '<function-style-cast>': pointer truncation from 'ISpatial_NODE *' to 'ISpatial_NODE::ptrt' [C:\Users\egorb\OneDrive\Documentos\GitHub\xray-monolith\src\xrCDB\xrCDB.vcxproj]
  (compiling source file '/xr_area_raypick.cpp')
  
C:\Users\egorb\OneDrive\Documentos\GitHub\xray-monolith\src\xrCDB\ispatial.h(152,29): warning C4311: '<function-style-cast>': pointer truncation from 'ISpatial_NODE *' to 'ISpatial_NODE::ptrt' [C:\Users\egorb\OneDrive\Documentos\GitHub\xray-monolith\src\xrCDB\xrCDB.vcxproj]
  (compiling source file '/xr_area_raypick.cpp')
  
C:\Users\egorb\OneDrive\Documentos\GitHub\xray-monolith\src\xrCDB\ispatial.h(153,9): warning C4311: '<function-style-cast>': pointer truncation from 'ISpatial_NODE *' to 'ISpatial_NODE::ptrt' [C:\Users\egorb\OneDrive\Documentos\GitHub\xray-monolith\src\xrCDB\xrCDB.vcxproj]
  (compiling source file '/xr_area_raypick.cpp')
  
C:\Users\egorb\OneDrive\Documentos\GitHub\xray-monolith\src\xrCDB\ispatial.h(153,29): warning C4311: '<function-style-cast>': pointer truncation from 'ISpatial_NODE *' to 'ISpatial_NODE::ptrt' [C:\Users\egorb\OneDrive\Documentos\GitHub\xray-monolith\src\xrCDB\xrCDB.vcxproj]
  (compiling source file '/xr_area_raypick.cpp')
  
C:\Users\egorb\OneDrive\Documentos\GitHub\xray-monolith\src\xrCDB\ispatial.h(154,9): warning C4311: '<function-style-cast>': pointer truncation from 'ISpatial_NODE *' to 'ISpatial_NODE::ptrt' [C:\Users\egorb\OneDrive\Documentos\GitHub\xray-monolith\src\xrCDB\xrCDB.vcxproj]
  (compiling source file '/xr_area_raypick.cpp')
  
C:\Users\egorb\OneDrive\Documentos\GitHub\xray-monolith\src\xrCDB\ispatial.h(154,29): warning C4311: '<function-style-cast>': pointer truncation from 'ISpatial_NODE *' to 'ISpatial_NODE::ptrt' [C:\Users\egorb\OneDrive\Documentos\GitHub\xray-monolith\src\xrCDB\xrCDB.vcxproj]
  (compiling source file '/xr_area_raypick.cpp')
  
  xrCDB.vcxproj -> C:\Users\egorb\OneDrive\Documentos\GitHub\xray-monolith\_build\_game\bin_dbg\x64\Release\xrCDB.lib
    OK
>>> Building xrSound...

  bitwise.c
  framing.c
  analysis.c
  bitrate.c
  block.c
  libogg_static.vcxproj -> C:\Users\egorb\OneDrive\Documentos\GitHub\xray-monolith\_build\_game\bin_dbg\x64\Release\libogg_static.lib
  codebook.c
  envelope.c
  floor0.c
  floor1.c
  info.c
  lookup.c
  lpc.c
  lsp.c
  mapping0.c
  mdct.c
  psy.c
  registry.c
  res0.c
  vorbisfile.c
  sharedbook.c
  smallft.c
  synthesis.c
  vorbisenc.c
  window.c
  libvorbisfile_static.vcxproj -> C:\Users\egorb\OneDrive\Documentos\GitHub\xray-monolith\_build\_game\bin_dbg\x64\Release\libvorbisfile_static.lib
  libvorbis_static.vcxproj -> C:\Users\egorb\OneDrive\Documentos\GitHub\xray-monolith\_build\_game\bin_dbg\x64\Release\libvorbis_static.lib
  stdafx.cpp
  guids.cpp
  NotificationClient.cpp
  OpenALDeviceList.cpp
  sound.cpp
  SoundRender_Cache.cpp
  SoundRender_Core.cpp
  SoundRender_CoreA.cpp
  SoundRender_Core_Processor.cpp
  SoundRender_Core_SourceManager.cpp
  SoundRender_Core_StartStop.cpp
  SoundRender_Emitter.cpp
  SoundRender_Emitter_FSM.cpp
  SoundRender_Emitter_StartStop.cpp
  SoundRender_Emitter_streamer.cpp
  SoundRender_Environment.cpp
  SoundRender_Source.cpp
  SoundRender_Source_loader.cpp
  SoundRender_Target.cpp
  SoundRender_TargetA.cpp
C:\Users\egorb\OneDrive\Documentos\GitHub\xray-monolith\src\xrSound\SoundRender_Core_SourceManager.cpp(36,2): warning C4003: not enough arguments for function-like macro invocation 'PROF_EVENT' [C:\Users\egorb\OneDrive\Documentos\GitHub\xray-monolith\src\xrSound\xrSound.vcxproj]
  (compiling source file '/SoundRender_Core_SourceManager.cpp')
  
C:\Users\egorb\OneDrive\Documentos\GitHub\xray-monolith\src\xrSound\SoundRender_Core.cpp(440,2): warning C4003: not enough arguments for function-like macro invocation 'PROF_EVENT' [C:\Users\egorb\OneDrive\Documentos\GitHub\xray-monolith\src\xrSound\xrSound.vcxproj]
  (compiling source file '/SoundRender_Core.cpp')
  
  xrSound.vcxproj -> C:\Users\egorb\OneDrive\Documentos\GitHub\xray-monolith\_build\_game\bin_dbg\x64\Release\xrSound.lib
    OK
>>> Building xrRender_Vulkan...

  stdafx.cpp
C:\Users\egorb\OneDrive\Documentos\GitHub\xray-monolith\src\xrCore\xrMemory.h(139,10): warning C4595: 'operator new': non-member operator new or delete functions may not be declared inline [C:\Users\egorb\OneDrive\Documentos\GitHub\xray-monolith\src\Layers\xrRenderVulkan\xrRender_Vulkan.vcxproj]
  (compiling source file 'stdafx.cpp')
  
C:\Users\egorb\OneDrive\Documentos\GitHub\xray-monolith\src\xrCore\xrMemory.h(140,9): warning C4595: 'operator delete': non-member operator new or delete functions may not be declared inline [C:\Users\egorb\OneDrive\Documentos\GitHub\xray-monolith\src\Layers\xrRenderVulkan\xrRender_Vulkan.vcxproj]
  (compiling source file 'stdafx.cpp')
  
C:\Users\egorb\OneDrive\Documentos\GitHub\xray-monolith\src\xrCore\xrMemory.h(141,10): warning C4595: 'operator new[]': non-member operator new or delete functions may not be declared inline [C:\Users\egorb\OneDrive\Documentos\GitHub\xray-monolith\src\Layers\xrRenderVulkan\xrRender_Vulkan.vcxproj]
  (compiling source file 'stdafx.cpp')
  
C:\Users\egorb\OneDrive\Documentos\GitHub\xray-monolith\src\xrCore\xrMemory.h(142,9): warning C4595: 'operator delete[]': non-member operator new or delete functions may not be declared inline [C:\Users\egorb\OneDrive\Documentos\GitHub\xray-monolith\src\Layers\xrRenderVulkan\xrRender_Vulkan.vcxproj]
  (compiling source file 'stdafx.cpp')
  
C:\Users\egorb\OneDrive\Documentos\GitHub\xray-monolith\src\3rd party\robin_hood\robin_hood.h(408,18): warning C4995: 'free': name was marked as #pragma deprecated [C:\Users\egorb\OneDrive\Documentos\GitHub\xray-monolith\src\Layers\xrRenderVulkan\xrRender_Vulkan.vcxproj]
  (compiling source file 'stdafx.cpp')
  
C:\Users\egorb\OneDrive\Documentos\GitHub\xray-monolith\src\3rd party\robin_hood\robin_hood.h(444,18): warning C4995: 'free': name was marked as #pragma deprecated [C:\Users\egorb\OneDrive\Documentos\GitHub\xray-monolith\src\Layers\xrRenderVulkan\xrRender_Vulkan.vcxproj]
  (compiling source file 'stdafx.cpp')
  
C:\Users\egorb\OneDrive\Documentos\GitHub\xray-monolith\src\3rd party\robin_hood\robin_hood.h(513,48): warning C4995: 'malloc': name was marked as #pragma deprecated [C:\Users\egorb\OneDrive\Documentos\GitHub\xray-monolith\src\Layers\xrRenderVulkan\xrRender_Vulkan.vcxproj]
  (compiling source file 'stdafx.cpp')
  
C:\Users\egorb\OneDrive\Documentos\GitHub\xray-monolith\src\3rd party\robin_hood\robin_hood.h(550,14): warning C4995: 'free': name was marked as #pragma deprecated [C:\Users\egorb\OneDrive\Documentos\GitHub\xray-monolith\src\Layers\xrRenderVulkan\xrRender_Vulkan.vcxproj]
  (compiling source file 'stdafx.cpp')
  
C:\Users\egorb\OneDrive\Documentos\GitHub\xray-monolith\src\3rd party\robin_hood\robin_hood.h(1597,60): warning C4995: 'malloc': name was marked as #pragma deprecated [C:\Users\egorb\OneDrive\Documentos\GitHub\xray-monolith\src\Layers\xrRenderVulkan\xrRender_Vulkan.vcxproj]
  (compiling source file 'stdafx.cpp')
  
C:\Users\egorb\OneDrive\Documentos\GitHub\xray-monolith\src\3rd party\robin_hood\robin_hood.h(1646,22): warning C4995: 'free': name was marked as #pragma deprecated [C:\Users\egorb\OneDrive\Documentos\GitHub\xray-monolith\src\Layers\xrRenderVulkan\xrRender_Vulkan.vcxproj]
  (compiling source file 'stdafx.cpp')
  
C:\Users\egorb\OneDrive\Documentos\GitHub\xray-monolith\src\3rd party\robin_hood\robin_hood.h(1654,60): warning C4995: 'malloc': name was marked as #pragma deprecated [C:\Users\egorb\OneDrive\Documentos\GitHub\xray-monolith\src\Layers\xrRenderVulkan\xrRender_Vulkan.vcxproj]
  (compiling source file 'stdafx.cpp')
  
C:\Users\egorb\OneDrive\Documentos\GitHub\xray-monolith\src\3rd party\robin_hood\robin_hood.h(2243,26): warning C4995: 'free': name was marked as #pragma deprecated [C:\Users\egorb\OneDrive\Documentos\GitHub\xray-monolith\src\Layers\xrRenderVulkan\xrRender_Vulkan.vcxproj]
  (compiling source file 'stdafx.cpp')
  
C:\Users\egorb\OneDrive\Documentos\GitHub\xray-monolith\src\3rd party\robin_hood\robin_hood.h(2330,56): warning C4995: 'malloc': name was marked as #pragma deprecated [C:\Users\egorb\OneDrive\Documentos\GitHub\xray-monolith\src\Layers\xrRenderVulkan\xrRender_Vulkan.vcxproj]
  (compiling source file 'stdafx.cpp')
  
C:\Users\egorb\OneDrive\Documentos\GitHub\xray-monolith\src\3rd party\robin_hood\robin_hood.h(2332,14): warning C4995: 'memset': name was marked as #pragma deprecated [C:\Users\egorb\OneDrive\Documentos\GitHub\xray-monolith\src\Layers\xrRenderVulkan\xrRender_Vulkan.vcxproj]
  (compiling source file 'stdafx.cpp')
  
C:\Users\egorb\OneDrive\Documentos\GitHub\xray-monolith\src\3rd party\robin_hood\robin_hood.h(2479,18): warning C4995: 'free': name was marked as #pragma deprecated [C:\Users\egorb\OneDrive\Documentos\GitHub\xray-monolith\src\Layers\xrRenderVulkan\xrRender_Vulkan.vcxproj]
  (compiling source file 'stdafx.cpp')
  
C:\Users\egorb\OneDrive\Documentos\GitHub\xray-monolith\src\xrCore\xrstring.h(251,71): warning C4267: 'argument': conversion from 'size_t' to 'int', possible loss of data [C:\Users\egorb\OneDrive\Documentos\GitHub\xray-monolith\src\Layers\xrRenderVulkan\xrRender_Vulkan.vcxproj]
  (compiling source file 'stdafx.cpp')
  
C:\Users\egorb\OneDrive\Documentos\GitHub\xray-monolith\src\xrCore\xrstring.h(255,59): warning C4267: 'argument': conversion from 'size_t' to 'int', possible loss of data [C:\Users\egorb\OneDrive\Documentos\GitHub\xray-monolith\src\Layers\xrRenderVulkan\xrRender_Vulkan.vcxproj]
  (compiling source file 'stdafx.cpp')
  
C:\Users\egorb\OneDrive\Documentos\GitHub\xray-monolith\src\xrSound\sound.h(240,53): warning C4244: '=': conversion from 'double' to 'float', possible loss of data [C:\Users\egorb\OneDrive\Documentos\GitHub\xray-monolith\src\Layers\xrRenderVulkan\xrRender_Vulkan.vcxproj]
  (compiling source file 'stdafx.cpp')
  
C:\Users\egorb\OneDrive\Documentos\GitHub\xray-monolith\src\xrSound\sound.h(282,9): warning C4244: 'initializing': conversion from 'float' to 'int', possible loss of data [C:\Users\egorb\OneDrive\Documentos\GitHub\xray-monolith\src\Layers\xrRenderVulkan\xrRender_Vulkan.vcxproj]
  (compiling source file 'stdafx.cpp')
  
C:\Users\egorb\OneDrive\Documentos\GitHub\xray-monolith\src\Layers\xrRenderVulkan\stdafx.h(5,9): warning C4005: 'XRRENDER_VULKAN_EXPORTS': macro redefinition [C:\Users\egorb\OneDrive\Documentos\GitHub\xray-monolith\src\Layers\xrRenderVulkan\xrRender_Vulkan.vcxproj]
  (compiling source file 'stdafx.cpp')
      C:\Users\egorb\OneDrive\Documentos\GitHub\xray-monolith\src\Layers\xrRenderVulkan\stdafx.h(5,9):
      'XRRENDER_VULKAN_EXPORTS' previously declared on the command line
  
  vma_impl.cpp
  vk_core.cpp
  HW_Vulkan.cpp
  vk_swapchain.cpp
  vk_command_buffer.cpp
  vk_sync.cpp
  SH_RT_Vulkan.cpp
  vk_rendertarget.cpp
  vk_rendertarget_phase_scene.cpp
  vk_shaders.cpp
  vk_descriptors.cpp
  vk_pipeline.cpp
  vk_buffer.cpp
  vk_buffer_pool.cpp
C:\Users\egorb\OneDrive\Documentos\GitHub\xray-monolith\src\Layers\xrRenderVulkan\HW_Vulkan.cpp(19,28): warning C4995: 'strlen': name was marked as #pragma deprecated [C:\Users\egorb\OneDrive\Documentos\GitHub\xray-monolith\src\Layers\xrRenderVulkan\xrRender_Vulkan.vcxproj]
  (compiling source file '/HW_Vulkan.cpp')
  
C:\Users\egorb\OneDrive\Documentos\GitHub\xray-monolith\src\Layers\xrRenderVulkan\vk_command_buffer.cpp(10,69): warning C4995: 'strlen': name was marked as #pragma deprecated [C:\Users\egorb\OneDrive\Documentos\GitHub\xray-monolith\src\Layers\xrRenderVulkan\xrRender_Vulkan.vcxproj]
  (compiling source file '/vk_command_buffer.cpp')
  
C:\Users\egorb\OneDrive\Documentos\GitHub\xray-monolith\src\Layers\xrRenderVulkan\vk_sync.cpp(10,69): warning C4995: 'strlen': name was marked as #pragma deprecated [C:\Users\egorb\OneDrive\Documentos\GitHub\xray-monolith\src\Layers\xrRenderVulkan\xrRender_Vulkan.vcxproj]
  (compiling source file '/vk_sync.cpp')
  
  vk_buffer_utils.cpp
C:\Users\egorb\OneDrive\Documentos\GitHub\xray-monolith\src\Layers\xrRenderVulkan\vk_core.cpp(151,17): warning C4995: 'strcmp': name was marked as #pragma deprecated [C:\Users\egorb\OneDrive\Documentos\GitHub\xray-monolith\src\Layers\xrRenderVulkan\xrRender_Vulkan.vcxproj]
  (compiling source file '/vk_core.cpp')
  
  vk_vertex_formats.cpp
  vk_texture.cpp
C:\Users\egorb\OneDrive\Documentos\GitHub\xray-monolith\src\Layers\xrRenderVulkan\vk_swapchain.cpp(10,69): warning C4995: 'strlen': name was marked as #pragma deprecated [C:\Users\egorb\OneDrive\Documentos\GitHub\xray-monolith\src\Layers\xrRenderVulkan\xrRender_Vulkan.vcxproj]
  (compiling source file '/vk_swapchain.cpp')
  
  xrRender_Vulkan.cpp
C:\Program Files (x86)\Microsoft Visual Studio\2022\BuildTools\VC\Tools\MSVC\14.44.35207\include\xlocinfo(116,15): warning C4995: 'free': name was marked as #pragma deprecated [C:\Users\egorb\OneDrive\Documentos\GitHub\xray-monolith\src\Layers\xrRenderVulkan\xrRender_Vulkan.vcxproj]
  (compiling source file '/vk_shaders.cpp')
  
C:\Program Files (x86)\Microsoft Visual Studio\2022\BuildTools\VC\Tools\MSVC\14.44.35207\include\xlocinfo(121,19): warning C4995: 'free': name was marked as #pragma deprecated [C:\Users\egorb\OneDrive\Documentos\GitHub\xray-monolith\src\Layers\xrRenderVulkan\xrRender_Vulkan.vcxproj]
  (compiling source file '/vk_shaders.cpp')
  
C:\Program Files (x86)\Microsoft Visual Studio\2022\BuildTools\VC\Tools\MSVC\14.44.35207\include\xlocinfo(169,52): warning C4995: 'malloc': name was marked as #pragma deprecated [C:\Users\egorb\OneDrive\Documentos\GitHub\xray-monolith\src\Layers\xrRenderVulkan\xrRender_Vulkan.vcxproj]
  (compiling source file '/vk_shaders.cpp')
  
C:\Program Files (x86)\Microsoft Visual Studio\2022\BuildTools\VC\Tools\MSVC\14.44.35207\include\xlocinfo(207,19): warning C4995: 'free': name was marked as #pragma deprecated [C:\Users\egorb\OneDrive\Documentos\GitHub\xray-monolith\src\Layers\xrRenderVulkan\xrRender_Vulkan.vcxproj]
  (compiling source file '/vk_shaders.cpp')
  
C:\Program Files (x86)\Microsoft Visual Studio\2022\BuildTools\VC\Tools\MSVC\14.44.35207\include\xlocinfo(296,19): warning C4995: 'free': name was marked as #pragma deprecated [C:\Users\egorb\OneDrive\Documentos\GitHub\xray-monolith\src\Layers\xrRenderVulkan\xrRender_Vulkan.vcxproj]
  (compiling source file '/vk_shaders.cpp')
  
C:\Program Files (x86)\Microsoft Visual Studio\2022\BuildTools\VC\Tools\MSVC\14.44.35207\include\xlocinfo(308,19): warning C4995: 'free': name was marked as #pragma deprecated [C:\Users\egorb\OneDrive\Documentos\GitHub\xray-monolith\src\Layers\xrRenderVulkan\xrRender_Vulkan.vcxproj]
  (compiling source file '/vk_shaders.cpp')
  
C:\Program Files (x86)\Microsoft Visual Studio\2022\BuildTools\VC\Tools\MSVC\14.44.35207\include\xlocinfo(338,19): warning C4995: 'free': name was marked as #pragma deprecated [C:\Users\egorb\OneDrive\Documentos\GitHub\xray-monolith\src\Layers\xrRenderVulkan\xrRender_Vulkan.vcxproj]
  (compiling source file '/vk_shaders.cpp')
  
C:\Program Files (x86)\Microsoft Visual Studio\2022\BuildTools\VC\Tools\MSVC\14.44.35207\include\xlocinfo(356,19): warning C4995: 'free': name was marked as #pragma deprecated [C:\Users\egorb\OneDrive\Documentos\GitHub\xray-monolith\src\Layers\xrRenderVulkan\xrRender_Vulkan.vcxproj]
  (compiling source file '/vk_shaders.cpp')
  
  vk_R_Backend.cpp
  rvk.cpp
C:\Program Files (x86)\Microsoft Visual Studio\2022\BuildTools\VC\Tools\MSVC\14.44.35207\include\xlocale(392,44): warning C4995: 'strcmp': name was marked as #pragma deprecated [C:\Users\egorb\OneDrive\Documentos\GitHub\xray-monolith\src\Layers\xrRenderVulkan\xrRender_Vulkan.vcxproj]
  (compiling source file '/vk_shaders.cpp')
  
C:\Program Files (x86)\Microsoft Visual Studio\2022\BuildTools\VC\Tools\MSVC\14.44.35207\include\xlocale(392,80): warning C4995: 'strcmp': name was marked as #pragma deprecated [C:\Users\egorb\OneDrive\Documentos\GitHub\xray-monolith\src\Layers\xrRenderVulkan\xrRender_Vulkan.vcxproj]
  (compiling source file '/vk_shaders.cpp')
  
C:\Program Files (x86)\Microsoft Visual Studio\2022\BuildTools\VC\Tools\MSVC\14.44.35207\include\xlocale(420,22): warning C4995: 'strcmp': name was marked as #pragma deprecated [C:\Users\egorb\OneDrive\Documentos\GitHub\xray-monolith\src\Layers\xrRenderVulkan\xrRender_Vulkan.vcxproj]
  (compiling source file '/vk_shaders.cpp')
  
  rvk_loader.cpp
C:\Program Files (x86)\Microsoft Visual Studio\2022\BuildTools\VC\Tools\MSVC\14.44.35207\include\xlocale(528,27): warning C4995: 'strlen': name was marked as #pragma deprecated [C:\Users\egorb\OneDrive\Documentos\GitHub\xray-monolith\src\Layers\xrRenderVulkan\xrRender_Vulkan.vcxproj]
  (compiling source file '/vk_shaders.cpp')
  
C:\Program Files (x86)\Microsoft Visual Studio\2022\BuildTools\VC\Tools\MSVC\14.44.35207\include\xlocale(530,43): warning C4995: 'calloc': name was marked as #pragma deprecated [C:\Users\egorb\OneDrive\Documentos\GitHub\xray-monolith\src\Layers\xrRenderVulkan\xrRender_Vulkan.vcxproj]
  (compiling source file '/vk_shaders.cpp')
  
C:\Program Files (x86)\Microsoft Visual Studio\2022\BuildTools\VC\Tools\MSVC\14.44.35207\include\xlocale(554,21): warning C4995: 'strlen': name was marked as #pragma deprecated [C:\Users\egorb\OneDrive\Documentos\GitHub\xray-monolith\src\Layers\xrRenderVulkan\xrRender_Vulkan.vcxproj]
  (compiling source file '/vk_shaders.cpp')
  
C:\Program Files (x86)\Microsoft Visual Studio\2022\BuildTools\VC\Tools\MSVC\14.44.35207\include\xlocale(563,47): warning C4995: 'calloc': name was marked as #pragma deprecated [C:\Users\egorb\OneDrive\Documentos\GitHub\xray-monolith\src\Layers\xrRenderVulkan\xrRender_Vulkan.vcxproj]
  (compiling source file '/vk_shaders.cpp')
  
C:\Program Files (x86)\Microsoft Visual Studio\2022\BuildTools\VC\Tools\MSVC\14.44.35207\include\xlocale(595,21): warning C4995: 'strlen': name was marked as #pragma deprecated [C:\Users\egorb\OneDrive\Documentos\GitHub\xray-monolith\src\Layers\xrRenderVulkan\xrRender_Vulkan.vcxproj]
  (compiling source file '/vk_shaders.cpp')
  
C:\Program Files (x86)\Microsoft Visual Studio\2022\BuildTools\VC\Tools\MSVC\14.44.35207\include\xlocale(604,47): warning C4995: 'calloc': name was marked as #pragma deprecated [C:\Users\egorb\OneDrive\Documentos\GitHub\xray-monolith\src\Layers\xrRenderVulkan\xrRender_Vulkan.vcxproj]
  (compiling source file '/vk_shaders.cpp')
  
C:\Users\egorb\OneDrive\Documentos\GitHub\xray-monolith\src\Layers\xrRenderVulkan\vk_texture.cpp(462,16): warning C4244: 'argument': conversion from 'VkDeviceSize' to 'int', possible loss of data [C:\Users\egorb\OneDrive\Documentos\GitHub\xray-monolith\src\Layers\xrRenderVulkan\xrRender_Vulkan.vcxproj]
  (compiling source file '/vk_texture.cpp')
  
C:\Users\egorb\OneDrive\Documentos\GitHub\xray-monolith\src\Layers\xrRenderVulkan\vk_rendertarget_phase_scene.cpp(31,5): warning C4995: 'memset': name was marked as #pragma deprecated [C:\Users\egorb\OneDrive\Documentos\GitHub\xray-monolith\src\Layers\xrRenderVulkan\xrRender_Vulkan.vcxproj]
  (compiling source file '/vk_rendertarget_phase_scene.cpp')
  
C:\Users\egorb\OneDrive\Documentos\GitHub\xray-monolith\src\Layers\xrRenderVulkan\vk_rendertarget_phase_scene.cpp(131,5): warning C4995: 'memset': name was marked as #pragma deprecated [C:\Users\egorb\OneDrive\Documentos\GitHub\xray-monolith\src\Layers\xrRenderVulkan\xrRender_Vulkan.vcxproj]
  (compiling source file '/vk_rendertarget_phase_scene.cpp')
  
C:\Users\egorb\OneDrive\Documentos\GitHub\xray-monolith\src\Layers\xrRenderVulkan\vk_rendertarget_phase_scene.cpp(149,5): warning C4995: 'memset': name was marked as #pragma deprecated [C:\Users\egorb\OneDrive\Documentos\GitHub\xray-monolith\src\Layers\xrRenderVulkan\xrRender_Vulkan.vcxproj]
  (compiling source file '/vk_rendertarget_phase_scene.cpp')
  
C:\Users\egorb\OneDrive\Documentos\GitHub\xray-monolith\src\Layers\xrRenderVulkan\vk_rendertarget_phase_scene.cpp(170,5): warning C4995: 'memset': name was marked as #pragma deprecated [C:\Users\egorb\OneDrive\Documentos\GitHub\xray-monolith\src\Layers\xrRenderVulkan\xrRender_Vulkan.vcxproj]
  (compiling source file '/vk_rendertarget_phase_scene.cpp')
  
C:\Users\egorb\OneDrive\Documentos\GitHub\xray-monolith\src\Layers\xrRenderVulkan\vk_rendertarget_phase_scene.cpp(222,5): warning C4995: 'memset': name was marked as #pragma deprecated [C:\Users\egorb\OneDrive\Documentos\GitHub\xray-monolith\src\Layers\xrRenderVulkan\xrRender_Vulkan.vcxproj]
  (compiling source file '/vk_rendertarget_phase_scene.cpp')
  
C:\Users\egorb\OneDrive\Documentos\GitHub\xray-monolith\src\Layers\xrRenderVulkan\vk_rendertarget_phase_scene.cpp(236,5): warning C4995: 'memset': name was marked as #pragma deprecated [C:\Users\egorb\OneDrive\Documentos\GitHub\xray-monolith\src\Layers\xrRenderVulkan\xrRender_Vulkan.vcxproj]
  (compiling source file '/vk_rendertarget_phase_scene.cpp')
  
C:\Users\egorb\OneDrive\Documentos\GitHub\xray-monolith\src\Layers\xrRenderVulkan\vk_rendertarget_phase_scene.cpp(259,5): warning C4995: 'memset': name was marked as #pragma deprecated [C:\Users\egorb\OneDrive\Documentos\GitHub\xray-monolith\src\Layers\xrRenderVulkan\xrRender_Vulkan.vcxproj]
  (compiling source file '/vk_rendertarget_phase_scene.cpp')
  
C:\Users\egorb\OneDrive\Documentos\GitHub\xray-monolith\src\Layers\xrRenderVulkan\vk_rendertarget_phase_scene.cpp(270,5): warning C4995: 'memset': name was marked as #pragma deprecated [C:\Users\egorb\OneDrive\Documentos\GitHub\xray-monolith\src\Layers\xrRenderVulkan\xrRender_Vulkan.vcxproj]
  (compiling source file '/vk_rendertarget_phase_scene.cpp')
  
C:\Users\egorb\OneDrive\Documentos\GitHub\xray-monolith\src\Layers\xrRenderVulkan\vk_rendertarget_phase_scene.cpp(308,5): warning C4995: 'memset': name was marked as #pragma deprecated [C:\Users\egorb\OneDrive\Documentos\GitHub\xray-monolith\src\Layers\xrRenderVulkan\xrRender_Vulkan.vcxproj]
  (compiling source file '/vk_rendertarget_phase_scene.cpp')
  
  vk_Visual.cpp
C:\Users\egorb\OneDrive\Documentos\GitHub\xray-monolith\src\Layers\xrRenderVulkan\vk_rendertarget_phase_scene.cpp(389,5): warning C4995: 'memset': name was marked as #pragma deprecated [C:\Users\egorb\OneDrive\Documentos\GitHub\xray-monolith\src\Layers\xrRenderVulkan\xrRender_Vulkan.vcxproj]
  (compiling source file '/vk_rendertarget_phase_scene.cpp')
  
C:\Users\egorb\OneDrive\Documentos\GitHub\xray-monolith\src\Layers\xrRenderVulkan\vk_R_Backend.cpp(237,5): warning C4995: 'memset': name was marked as #pragma deprecated [C:\Users\egorb\OneDrive\Documentos\GitHub\xray-monolith\src\Layers\xrRenderVulkan\xrRender_Vulkan.vcxproj]
  (compiling source file '/vk_R_Backend.cpp')
  
C:\Program Files (x86)\Microsoft Visual Studio\2022\BuildTools\VC\Tools\MSVC\14.44.35207\include\xlocale(2549,19): warning C4995: 'free': name was marked as #pragma deprecated [C:\Users\egorb\OneDrive\Documentos\GitHub\xray-monolith\src\Layers\xrRenderVulkan\xrRender_Vulkan.vcxproj]
  (compiling source file '/vk_shaders.cpp')
  
C:\Program Files (x86)\Microsoft Visual Studio\2022\BuildTools\VC\Tools\MSVC\14.44.35207\include\xlocale(2552,15): warning C4995: 'free': name was marked as #pragma deprecated [C:\Users\egorb\OneDrive\Documentos\GitHub\xray-monolith\src\Layers\xrRenderVulkan\xrRender_Vulkan.vcxproj]
  (compiling source file '/vk_shaders.cpp')
  
C:\Program Files (x86)\Microsoft Visual Studio\2022\BuildTools\VC\Tools\MSVC\14.44.35207\include\xlocale(2824,19): warning C4995: 'free': name was marked as #pragma deprecated [C:\Users\egorb\OneDrive\Documentos\GitHub\xray-monolith\src\Layers\xrRenderVulkan\xrRender_Vulkan.vcxproj]
  (compiling source file '/vk_shaders.cpp')
  
C:\Program Files (x86)\Microsoft Visual Studio\2022\BuildTools\VC\Tools\MSVC\14.44.35207\include\xlocale(2829,15): warning C4995: 'free': name was marked as #pragma deprecated [C:\Users\egorb\OneDrive\Documentos\GitHub\xray-monolith\src\Layers\xrRenderVulkan\xrRender_Vulkan.vcxproj]
  (compiling source file '/vk_shaders.cpp')
  
C:\Program Files (x86)\Microsoft Visual Studio\2022\BuildTools\VC\Tools\MSVC\14.44.35207\include\xlocinfo(116,15): warning C4995: 'free': name was marked as #pragma deprecated [C:\Users\egorb\OneDrive\Documentos\GitHub\xray-monolith\src\Layers\xrRenderVulkan\xrRender_Vulkan.vcxproj]
  (compiling source file '/vk_pipeline.cpp')
  
C:\Program Files (x86)\Microsoft Visual Studio\2022\BuildTools\VC\Tools\MSVC\14.44.35207\include\xlocinfo(121,19): warning C4995: 'free': name was marked as #pragma deprecated [C:\Users\egorb\OneDrive\Documentos\GitHub\xray-monolith\src\Layers\xrRenderVulkan\xrRender_Vulkan.vcxproj]
  (compiling source file '/vk_pipeline.cpp')
  
C:\Program Files (x86)\Microsoft Visual Studio\2022\BuildTools\VC\Tools\MSVC\14.44.35207\include\xlocinfo(169,52): warning C4995: 'malloc': name was marked as #pragma deprecated [C:\Users\egorb\OneDrive\Documentos\GitHub\xray-monolith\src\Layers\xrRenderVulkan\xrRender_Vulkan.vcxproj]
  (compiling source file '/vk_pipeline.cpp')
  
C:\Program Files (x86)\Microsoft Visual Studio\2022\BuildTools\VC\Tools\MSVC\14.44.35207\include\xlocinfo(207,19): warning C4995: 'free': name was marked as #pragma deprecated [C:\Users\egorb\OneDrive\Documentos\GitHub\xray-monolith\src\Layers\xrRenderVulkan\xrRender_Vulkan.vcxproj]
  (compiling source file '/vk_pipeline.cpp')
  
  vk_ModelPool.cpp
C:\Program Files (x86)\Microsoft Visual Studio\2022\BuildTools\VC\Tools\MSVC\14.44.35207\include\xlocale(2971,19): warning C4995: 'free': name was marked as #pragma deprecated [C:\Users\egorb\OneDrive\Documentos\GitHub\xray-monolith\src\Layers\xrRenderVulkan\xrRender_Vulkan.vcxproj]
  (compiling source file '/vk_shaders.cpp')
  
C:\Program Files (x86)\Microsoft Visual Studio\2022\BuildTools\VC\Tools\MSVC\14.44.35207\include\xlocinfo(296,19): warning C4995: 'free': name was marked as #pragma deprecated [C:\Users\egorb\OneDrive\Documentos\GitHub\xray-monolith\src\Layers\xrRenderVulkan\xrRender_Vulkan.vcxproj]
  (compiling source file '/vk_pipeline.cpp')
  
C:\Program Files (x86)\Microsoft Visual Studio\2022\BuildTools\VC\Tools\MSVC\14.44.35207\include\xlocale(2974,15): warning C4995: 'free': name was marked as #pragma deprecated [C:\Users\egorb\OneDrive\Documentos\GitHub\xray-monolith\src\Layers\xrRenderVulkan\xrRender_Vulkan.vcxproj]
  (compiling source file '/vk_shaders.cpp')
  
C:\Program Files (x86)\Microsoft Visual Studio\2022\BuildTools\VC\Tools\MSVC\14.44.35207\include\xlocinfo(308,19): warning C4995: 'free': name was marked as #pragma deprecated [C:\Users\egorb\OneDrive\Documentos\GitHub\xray-monolith\src\Layers\xrRenderVulkan\xrRender_Vulkan.vcxproj]
  (compiling source file '/vk_pipeline.cpp')
  
C:\Program Files (x86)\Microsoft Visual Studio\2022\BuildTools\VC\Tools\MSVC\14.44.35207\include\xlocinfo(338,19): warning C4995: 'free': name was marked as #pragma deprecated [C:\Users\egorb\OneDrive\Documentos\GitHub\xray-monolith\src\Layers\xrRenderVulkan\xrRender_Vulkan.vcxproj]
  (compiling source file '/vk_pipeline.cpp')
  
C:\Program Files (x86)\Microsoft Visual Studio\2022\BuildTools\VC\Tools\MSVC\14.44.35207\include\xlocinfo(356,19): warning C4995: 'free': name was marked as #pragma deprecated [C:\Users\egorb\OneDrive\Documentos\GitHub\xray-monolith\src\Layers\xrRenderVulkan\xrRender_Vulkan.vcxproj]
  (compiling source file '/vk_pipeline.cpp')
  
C:\Program Files (x86)\Microsoft Visual Studio\2022\BuildTools\VC\Tools\MSVC\14.44.35207\include\xlocale(3172,19): warning C4995: 'free': name was marked as #pragma deprecated [C:\Users\egorb\OneDrive\Documentos\GitHub\xray-monolith\src\Layers\xrRenderVulkan\xrRender_Vulkan.vcxproj]
  (compiling source file '/vk_shaders.cpp')
  
C:\Program Files (x86)\Microsoft Visual Studio\2022\BuildTools\VC\Tools\MSVC\14.44.35207\include\xlocale(3175,15): warning C4995: 'free': name was marked as #pragma deprecated [C:\Users\egorb\OneDrive\Documentos\GitHub\xray-monolith\src\Layers\xrRenderVulkan\xrRender_Vulkan.vcxproj]
  (compiling source file '/vk_shaders.cpp')
  
C:\Program Files (x86)\Microsoft Visual Studio\2022\BuildTools\VC\Tools\MSVC\14.44.35207\include\xlocale(392,44): warning C4995: 'strcmp': name was marked as #pragma deprecated [C:\Users\egorb\OneDrive\Documentos\GitHub\xray-monolith\src\Layers\xrRenderVulkan\xrRender_Vulkan.vcxproj]
  (compiling source file '/vk_pipeline.cpp')
  
C:\Program Files (x86)\Microsoft Visual Studio\2022\BuildTools\VC\Tools\MSVC\14.44.35207\include\xlocale(392,80): warning C4995: 'strcmp': name was marked as #pragma deprecated [C:\Users\egorb\OneDrive\Documentos\GitHub\xray-monolith\src\Layers\xrRenderVulkan\xrRender_Vulkan.vcxproj]
  (compiling source file '/vk_pipeline.cpp')
  
C:\Program Files (x86)\Microsoft Visual Studio\2022\BuildTools\VC\Tools\MSVC\14.44.35207\include\xlocale(420,22): warning C4995: 'strcmp': name was marked as #pragma deprecated [C:\Users\egorb\OneDrive\Documentos\GitHub\xray-monolith\src\Layers\xrRenderVulkan\xrRender_Vulkan.vcxproj]
  (compiling source file '/vk_pipeline.cpp')
  
C:\Users\egorb\OneDrive\Documentos\GitHub\xray-monolith\src\xrcdb\ispatial.h(151,9): warning C4311: '<function-style-cast>': pointer truncation from 'ISpatial_NODE *' to 'ISpatial_NODE::ptrt' [C:\Users\egorb\OneDrive\Documentos\GitHub\xray-monolith\src\Layers\xrRenderVulkan\xrRender_Vulkan.vcxproj]
  (compiling source file '/rvk_loader.cpp')
  
C:\Users\egorb\OneDrive\Documentos\GitHub\xray-monolith\src\xrcdb\ispatial.h(151,9): warning C4311: '<function-style-cast>': pointer truncation from 'ISpatial_NODE *' to 'ISpatial_NODE::ptrt' [C:\Users\egorb\OneDrive\Documentos\GitHub\xray-monolith\src\Layers\xrRenderVulkan\xrRender_Vulkan.vcxproj]
  (compiling source file '/rvk.cpp')
  
C:\Users\egorb\OneDrive\Documentos\GitHub\xray-monolith\src\xrcdb\ispatial.h(151,9): warning C4302: '<function-style-cast>': truncation from 'ISpatial_NODE *' to 'ISpatial_NODE::ptrt' [C:\Users\egorb\OneDrive\Documentos\GitHub\xray-monolith\src\Layers\xrRenderVulkan\xrRender_Vulkan.vcxproj]
  (compiling source file '/rvk.cpp')
  
C:\Users\egorb\OneDrive\Documentos\GitHub\xray-monolith\src\xrcdb\ispatial.h(151,9): warning C4302: '<function-style-cast>': truncation from 'ISpatial_NODE *' to 'ISpatial_NODE::ptrt' [C:\Users\egorb\OneDrive\Documentos\GitHub\xray-monolith\src\Layers\xrRenderVulkan\xrRender_Vulkan.vcxproj]
  (compiling source file '/rvk_loader.cpp')
  
C:\Users\egorb\OneDrive\Documentos\GitHub\xray-monolith\src\xrcdb\ispatial.h(151,29): warning C4311: '<function-style-cast>': pointer truncation from 'ISpatial_NODE *' to 'ISpatial_NODE::ptrt' [C:\Users\egorb\OneDrive\Documentos\GitHub\xray-monolith\src\Layers\xrRenderVulkan\xrRender_Vulkan.vcxproj]
  (compiling source file '/rvk_loader.cpp')
  
C:\Users\egorb\OneDrive\Documentos\GitHub\xray-monolith\src\xrcdb\ispatial.h(151,29): warning C4311: '<function-style-cast>': pointer truncation from 'ISpatial_NODE *' to 'ISpatial_NODE::ptrt' [C:\Users\egorb\OneDrive\Documentos\GitHub\xray-monolith\src\Layers\xrRenderVulkan\xrRender_Vulkan.vcxproj]
  (compiling source file '/rvk.cpp')
  
C:\Users\egorb\OneDrive\Documentos\GitHub\xray-monolith\src\xrcdb\ispatial.h(151,29): warning C4302: '<function-style-cast>': truncation from 'ISpatial_NODE *' to 'ISpatial_NODE::ptrt' [C:\Users\egorb\OneDrive\Documentos\GitHub\xray-monolith\src\Layers\xrRenderVulkan\xrRender_Vulkan.vcxproj]
  (compiling source file '/rvk_loader.cpp')
  
C:\Users\egorb\OneDrive\Documentos\GitHub\xray-monolith\src\xrcdb\ispatial.h(151,29): warning C4302: '<function-style-cast>': truncation from 'ISpatial_NODE *' to 'ISpatial_NODE::ptrt' [C:\Users\egorb\OneDrive\Documentos\GitHub\xray-monolith\src\Layers\xrRenderVulkan\xrRender_Vulkan.vcxproj]
  (compiling source file '/rvk.cpp')
  
C:\Program Files (x86)\Microsoft Visual Studio\2022\BuildTools\VC\Tools\MSVC\14.44.35207\include\xlocale(528,27): warning C4995: 'strlen': name was marked as #pragma deprecated [C:\Users\egorb\OneDrive\Documentos\GitHub\xray-monolith\src\Layers\xrRenderVulkan\xrRender_Vulkan.vcxproj]
  (compiling source file '/vk_pipeline.cpp')
  
C:\Users\egorb\OneDrive\Documentos\GitHub\xray-monolith\src\xrcdb\ispatial.h(152,9): warning C4311: '<function-style-cast>': pointer truncation from 'ISpatial_NODE *' to 'ISpatial_NODE::ptrt' [C:\Users\egorb\OneDrive\Documentos\GitHub\xray-monolith\src\Layers\xrRenderVulkan\xrRender_Vulkan.vcxproj]
  (compiling source file '/rvk_loader.cpp')
  
C:\Users\egorb\OneDrive\Documentos\GitHub\xray-monolith\src\xrcdb\ispatial.h(152,9): warning C4311: '<function-style-cast>': pointer truncation from 'ISpatial_NODE *' to 'ISpatial_NODE::ptrt' [C:\Users\egorb\OneDrive\Documentos\GitHub\xray-monolith\src\Layers\xrRenderVulkan\xrRender_Vulkan.vcxproj]
  (compiling source file '/rvk.cpp')
  
C:\Users\egorb\OneDrive\Documentos\GitHub\xray-monolith\src\xrcdb\ispatial.h(152,9): warning C4302: '<function-style-cast>': truncation from 'ISpatial_NODE *' to 'ISpatial_NODE::ptrt' [C:\Users\egorb\OneDrive\Documentos\GitHub\xray-monolith\src\Layers\xrRenderVulkan\xrRender_Vulkan.vcxproj]
  (compiling source file '/rvk_loader.cpp')
  
C:\Users\egorb\OneDrive\Documentos\GitHub\xray-monolith\src\xrcdb\ispatial.h(152,9): warning C4302: '<function-style-cast>': truncation from 'ISpatial_NODE *' to 'ISpatial_NODE::ptrt' [C:\Users\egorb\OneDrive\Documentos\GitHub\xray-monolith\src\Layers\xrRenderVulkan\xrRender_Vulkan.vcxproj]
  (compiling source file '/rvk.cpp')
  
C:\Program Files (x86)\Microsoft Visual Studio\2022\BuildTools\VC\Tools\MSVC\14.44.35207\include\xlocale(530,43): warning C4995: 'calloc': name was marked as #pragma deprecated [C:\Users\egorb\OneDrive\Documentos\GitHub\xray-monolith\src\Layers\xrRenderVulkan\xrRender_Vulkan.vcxproj]
  (compiling source file '/vk_pipeline.cpp')
  
C:\Users\egorb\OneDrive\Documentos\GitHub\xray-monolith\src\xrcdb\ispatial.h(152,29): warning C4311: '<function-style-cast>': pointer truncation from 'ISpatial_NODE *' to 'ISpatial_NODE::ptrt' [C:\Users\egorb\OneDrive\Documentos\GitHub\xray-monolith\src\Layers\xrRenderVulkan\xrRender_Vulkan.vcxproj]
  (compiling source file '/rvk_loader.cpp')
  
C:\Users\egorb\OneDrive\Documentos\GitHub\xray-monolith\src\xrcdb\ispatial.h(152,29): warning C4311: '<function-style-cast>': pointer truncation from 'ISpatial_NODE *' to 'ISpatial_NODE::ptrt' [C:\Users\egorb\OneDrive\Documentos\GitHub\xray-monolith\src\Layers\xrRenderVulkan\xrRender_Vulkan.vcxproj]
  (compiling source file '/rvk.cpp')
  
C:\Users\egorb\OneDrive\Documentos\GitHub\xray-monolith\src\xrcdb\ispatial.h(152,29): warning C4302: '<function-style-cast>': truncation from 'ISpatial_NODE *' to 'ISpatial_NODE::ptrt' [C:\Users\egorb\OneDrive\Documentos\GitHub\xray-monolith\src\Layers\xrRenderVulkan\xrRender_Vulkan.vcxproj]
  (compiling source file '/rvk_loader.cpp')
  
C:\Users\egorb\OneDrive\Documentos\GitHub\xray-monolith\src\xrcdb\ispatial.h(153,9): warning C4311: '<function-style-cast>': pointer truncation from 'ISpatial_NODE *' to 'ISpatial_NODE::ptrt' [C:\Users\egorb\OneDrive\Documentos\GitHub\xray-monolith\src\Layers\xrRenderVulkan\xrRender_Vulkan.vcxproj]
  (compiling source file '/rvk_loader.cpp')
  
C:\Users\egorb\OneDrive\Documentos\GitHub\xray-monolith\src\xrcdb\ispatial.h(152,29): warning C4302: '<function-style-cast>': truncation from 'ISpatial_NODE *' to 'ISpatial_NODE::ptrt' [C:\Users\egorb\OneDrive\Documentos\GitHub\xray-monolith\src\Layers\xrRenderVulkan\xrRender_Vulkan.vcxproj]
  (compiling source file '/rvk.cpp')
  
C:\Program Files (x86)\Microsoft Visual Studio\2022\BuildTools\VC\Tools\MSVC\14.44.35207\include\xlocale(554,21): warning C4995: 'strlen': name was marked as #pragma deprecated [C:\Users\egorb\OneDrive\Documentos\GitHub\xray-monolith\src\Layers\xrRenderVulkan\xrRender_Vulkan.vcxproj]
  (compiling source file '/vk_pipeline.cpp')
  
C:\Users\egorb\OneDrive\Documentos\GitHub\xray-monolith\src\xrcdb\ispatial.h(153,9): warning C4302: '<function-style-cast>': truncation from 'ISpatial_NODE *' to 'ISpatial_NODE::ptrt' [C:\Users\egorb\OneDrive\Documentos\GitHub\xray-monolith\src\Layers\xrRenderVulkan\xrRender_Vulkan.vcxproj]
  (compiling source file '/rvk_loader.cpp')
  
C:\Users\egorb\OneDrive\Documentos\GitHub\xray-monolith\src\xrcdb\ispatial.h(153,9): warning C4311: '<function-style-cast>': pointer truncation from 'ISpatial_NODE *' to 'ISpatial_NODE::ptrt' [C:\Users\egorb\OneDrive\Documentos\GitHub\xray-monolith\src\Layers\xrRenderVulkan\xrRender_Vulkan.vcxproj]
  (compiling source file '/rvk.cpp')
  
C:\Users\egorb\OneDrive\Documentos\GitHub\xray-monolith\src\xrcdb\ispatial.h(153,29): warning C4311: '<function-style-cast>': pointer truncation from 'ISpatial_NODE *' to 'ISpatial_NODE::ptrt' [C:\Users\egorb\OneDrive\Documentos\GitHub\xray-monolith\src\Layers\xrRenderVulkan\xrRender_Vulkan.vcxproj]
  (compiling source file '/rvk_loader.cpp')
  
C:\Program Files (x86)\Microsoft Visual Studio\2022\BuildTools\VC\Tools\MSVC\14.44.35207\include\xlocale(563,47): warning C4995: 'calloc': name was marked as #pragma deprecated [C:\Users\egorb\OneDrive\Documentos\GitHub\xray-monolith\src\Layers\xrRenderVulkan\xrRender_Vulkan.vcxproj]
  (compiling source file '/vk_pipeline.cpp')
  
C:\Users\egorb\OneDrive\Documentos\GitHub\xray-monolith\src\xrcdb\ispatial.h(153,9): warning C4302: '<function-style-cast>': truncation from 'ISpatial_NODE *' to 'ISpatial_NODE::ptrt' [C:\Users\egorb\OneDrive\Documentos\GitHub\xray-monolith\src\Layers\xrRenderVulkan\xrRender_Vulkan.vcxproj]
  (compiling source file '/rvk.cpp')
  
C:\Users\egorb\OneDrive\Documentos\GitHub\xray-monolith\src\xrcdb\ispatial.h(153,29): warning C4311: '<function-style-cast>': pointer truncation from 'ISpatial_NODE *' to 'ISpatial_NODE::ptrt' [C:\Users\egorb\OneDrive\Documentos\GitHub\xray-monolith\src\Layers\xrRenderVulkan\xrRender_Vulkan.vcxproj]
  (compiling source file '/rvk.cpp')
  
C:\Users\egorb\OneDrive\Documentos\GitHub\xray-monolith\src\xrcdb\ispatial.h(153,29): warning C4302: '<function-style-cast>': truncation from 'ISpatial_NODE *' to 'ISpatial_NODE::ptrt' [C:\Users\egorb\OneDrive\Documentos\GitHub\xray-monolith\src\Layers\xrRenderVulkan\xrRender_Vulkan.vcxproj]
  (compiling source file '/rvk_loader.cpp')
  
C:\Users\egorb\OneDrive\Documentos\GitHub\xray-monolith\src\xrcdb\ispatial.h(153,29): warning C4302: '<function-style-cast>': truncation from 'ISpatial_NODE *' to 'ISpatial_NODE::ptrt' [C:\Users\egorb\OneDrive\Documentos\GitHub\xray-monolith\src\Layers\xrRenderVulkan\xrRender_Vulkan.vcxproj]
  (compiling source file '/rvk.cpp')
  
C:\Program Files (x86)\Microsoft Visual Studio\2022\BuildTools\VC\Tools\MSVC\14.44.35207\include\xlocale(595,21): warning C4995: 'strlen': name was marked as #pragma deprecated [C:\Users\egorb\OneDrive\Documentos\GitHub\xray-monolith\src\Layers\xrRenderVulkan\xrRender_Vulkan.vcxproj]
  (compiling source file '/vk_pipeline.cpp')
  
C:\Users\egorb\OneDrive\Documentos\GitHub\xray-monolith\src\xrcdb\ispatial.h(154,9): warning C4311: '<function-style-cast>': pointer truncation from 'ISpatial_NODE *' to 'ISpatial_NODE::ptrt' [C:\Users\egorb\OneDrive\Documentos\GitHub\xray-monolith\src\Layers\xrRenderVulkan\xrRender_Vulkan.vcxproj]
  (compiling source file '/rvk.cpp')
  
C:\Users\egorb\OneDrive\Documentos\GitHub\xray-monolith\src\xrcdb\ispatial.h(154,9): warning C4311: '<function-style-cast>': pointer truncation from 'ISpatial_NODE *' to 'ISpatial_NODE::ptrt' [C:\Users\egorb\OneDrive\Documentos\GitHub\xray-monolith\src\Layers\xrRenderVulkan\xrRender_Vulkan.vcxproj]
  (compiling source file '/rvk_loader.cpp')
  
C:\Users\egorb\OneDrive\Documentos\GitHub\xray-monolith\src\xrcdb\ispatial.h(154,9): warning C4302: '<function-style-cast>': truncation from 'ISpatial_NODE *' to 'ISpatial_NODE::ptrt' [C:\Users\egorb\OneDrive\Documentos\GitHub\xray-monolith\src\Layers\xrRenderVulkan\xrRender_Vulkan.vcxproj]
  (compiling source file '/rvk.cpp')
  
C:\Program Files (x86)\Microsoft Visual Studio\2022\BuildTools\VC\Tools\MSVC\14.44.35207\include\xlocale(604,47): warning C4995: 'calloc': name was marked as #pragma deprecated [C:\Users\egorb\OneDrive\Documentos\GitHub\xray-monolith\src\Layers\xrRenderVulkan\xrRender_Vulkan.vcxproj]
  (compiling source file '/vk_pipeline.cpp')
  
C:\Users\egorb\OneDrive\Documentos\GitHub\xray-monolith\src\xrcdb\ispatial.h(154,9): warning C4302: '<function-style-cast>': truncation from 'ISpatial_NODE *' to 'ISpatial_NODE::ptrt' [C:\Users\egorb\OneDrive\Documentos\GitHub\xray-monolith\src\Layers\xrRenderVulkan\xrRender_Vulkan.vcxproj]
  (compiling source file '/rvk_loader.cpp')
  
C:\Users\egorb\OneDrive\Documentos\GitHub\xray-monolith\src\xrcdb\ispatial.h(154,29): warning C4311: '<function-style-cast>': pointer truncation from 'ISpatial_NODE *' to 'ISpatial_NODE::ptrt' [C:\Users\egorb\OneDrive\Documentos\GitHub\xray-monolith\src\Layers\xrRenderVulkan\xrRender_Vulkan.vcxproj]
  (compiling source file '/rvk.cpp')
  
C:\Users\egorb\OneDrive\Documentos\GitHub\xray-monolith\src\xrcdb\ispatial.h(154,29): warning C4302: '<function-style-cast>': truncation from 'ISpatial_NODE *' to 'ISpatial_NODE::ptrt' [C:\Users\egorb\OneDrive\Documentos\GitHub\xray-monolith\src\Layers\xrRenderVulkan\xrRender_Vulkan.vcxproj]
  (compiling source file '/rvk.cpp')
  
C:\Users\egorb\OneDrive\Documentos\GitHub\xray-monolith\src\xrcdb\ispatial.h(154,29): warning C4311: '<function-style-cast>': pointer truncation from 'ISpatial_NODE *' to 'ISpatial_NODE::ptrt' [C:\Users\egorb\OneDrive\Documentos\GitHub\xray-monolith\src\Layers\xrRenderVulkan\xrRender_Vulkan.vcxproj]
  (compiling source file '/rvk_loader.cpp')
  
C:\Users\egorb\OneDrive\Documentos\GitHub\xray-monolith\src\xrcdb\ispatial.h(154,29): warning C4302: '<function-style-cast>': truncation from 'ISpatial_NODE *' to 'ISpatial_NODE::ptrt' [C:\Users\egorb\OneDrive\Documentos\GitHub\xray-monolith\src\Layers\xrRenderVulkan\xrRender_Vulkan.vcxproj]
  (compiling source file '/rvk_loader.cpp')
  
C:\Program Files (x86)\Microsoft Visual Studio\2022\BuildTools\VC\Tools\MSVC\14.44.35207\include\xlocnum(76,47): warning C4995: 'calloc': name was marked as #pragma deprecated [C:\Users\egorb\OneDrive\Documentos\GitHub\xray-monolith\src\Layers\xrRenderVulkan\xrRender_Vulkan.vcxproj]
  (compiling source file '/vk_shaders.cpp')
  
C:\Program Files (x86)\Microsoft Visual Studio\2022\BuildTools\VC\Tools\MSVC\14.44.35207\include\xlocnum(202,15): warning C4995: 'free': name was marked as #pragma deprecated [C:\Users\egorb\OneDrive\Documentos\GitHub\xray-monolith\src\Layers\xrRenderVulkan\xrRender_Vulkan.vcxproj]
  (compiling source file '/vk_shaders.cpp')
  
C:\Program Files (x86)\Microsoft Visual Studio\2022\BuildTools\VC\Tools\MSVC\14.44.35207\include\xlocnum(203,15): warning C4995: 'free': name was marked as #pragma deprecated [C:\Users\egorb\OneDrive\Documentos\GitHub\xray-monolith\src\Layers\xrRenderVulkan\xrRender_Vulkan.vcxproj]
  (compiling source file '/vk_shaders.cpp')
  
C:\Program Files (x86)\Microsoft Visual Studio\2022\BuildTools\VC\Tools\MSVC\14.44.35207\include\xlocnum(204,15): warning C4995: 'free': name was marked as #pragma deprecated [C:\Users\egorb\OneDrive\Documentos\GitHub\xray-monolith\src\Layers\xrRenderVulkan\xrRender_Vulkan.vcxproj]
  (compiling source file '/vk_shaders.cpp')
  
  vk_sector.cpp
  vk_HOM.cpp
C:\Program Files (x86)\Microsoft Visual Studio\2022\BuildTools\VC\Tools\MSVC\14.44.35207\include\xlocnum(1321,39): warning C4995: 'sprintf_s': name was marked as #pragma deprecated [C:\Users\egorb\OneDrive\Documentos\GitHub\xray-monolith\src\Layers\xrRenderVulkan\xrRender_Vulkan.vcxproj]
  (compiling source file '/vk_shaders.cpp')
  
C:\Program Files (x86)\Microsoft Visual Studio\2022\BuildTools\VC\Tools\MSVC\14.44.35207\include\xlocnum(1330,39): warning C4995: 'sprintf_s': name was marked as #pragma deprecated [C:\Users\egorb\OneDrive\Documentos\GitHub\xray-monolith\src\Layers\xrRenderVulkan\xrRender_Vulkan.vcxproj]
  (compiling source file '/vk_shaders.cpp')
  
C:\Program Files (x86)\Microsoft Visual Studio\2022\BuildTools\VC\Tools\MSVC\14.44.35207\include\xlocnum(1339,39): warning C4995: 'sprintf_s': name was marked as #pragma deprecated [C:\Users\egorb\OneDrive\Documentos\GitHub\xray-monolith\src\Layers\xrRenderVulkan\xrRender_Vulkan.vcxproj]
  vk_occRasterizer.cpp
  (compiling source file '/vk_shaders.cpp')
  
C:\Program Files (x86)\Microsoft Visual Studio\2022\BuildTools\VC\Tools\MSVC\14.44.35207\include\xlocnum(1348,39): warning C4995: 'sprintf_s': name was marked as #pragma deprecated [C:\Users\egorb\OneDrive\Documentos\GitHub\xray-monolith\src\Layers\xrRenderVulkan\xrRender_Vulkan.vcxproj]
  (compiling source file '/vk_shaders.cpp')
  
C:\Program Files (x86)\Microsoft Visual Studio\2022\BuildTools\VC\Tools\MSVC\14.44.35207\include\xlocnum(1362,39): warning C4995: 'fabs': name was marked as #pragma deprecated [C:\Users\egorb\OneDrive\Documentos\GitHub\xray-monolith\src\Layers\xrRenderVulkan\xrRender_Vulkan.vcxproj]
  (compiling source file '/vk_shaders.cpp')
  
C:\Program Files (x86)\Microsoft Visual Studio\2022\BuildTools\VC\Tools\MSVC\14.44.35207\include\xlocnum(1372,54): warning C4995: 'sprintf_s': name was marked as #pragma deprecated [C:\Users\egorb\OneDrive\Documentos\GitHub\xray-monolith\src\Layers\xrRenderVulkan\xrRender_Vulkan.vcxproj]
  (compiling source file '/vk_shaders.cpp')
  
C:\Program Files (x86)\Microsoft Visual Studio\2022\BuildTools\VC\Tools\MSVC\14.44.35207\include\xlocnum(1399,54): warning C4995: 'sprintf_s': name was marked as #pragma deprecated [C:\Users\egorb\OneDrive\Documentos\GitHub\xray-monolith\src\Layers\xrRenderVulkan\xrRender_Vulkan.vcxproj]
  (compiling source file '/vk_shaders.cpp')
  
C:\Program Files (x86)\Microsoft Visual Studio\2022\BuildTools\VC\Tools\MSVC\14.44.35207\include\xlocnum(1411,69): warning C4995: 'sprintf_s': name was marked as #pragma deprecated [C:\Users\egorb\OneDrive\Documentos\GitHub\xray-monolith\src\Layers\xrRenderVulkan\xrRender_Vulkan.vcxproj]
  (compiling source file '/vk_shaders.cpp')
  
C:\Program Files (x86)\Microsoft Visual Studio\2022\BuildTools\VC\Tools\MSVC\14.44.35207\include\xlocale(2549,19): warning C4995: 'free': name was marked as #pragma deprecated [C:\Users\egorb\OneDrive\Documentos\GitHub\xray-monolith\src\Layers\xrRenderVulkan\xrRender_Vulkan.vcxproj]
  (compiling source file '/vk_pipeline.cpp')
  
C:\Program Files (x86)\Microsoft Visual Studio\2022\BuildTools\VC\Tools\MSVC\14.44.35207\include\xlocale(2552,15): warning C4995: 'free': name was marked as #pragma deprecated [C:\Users\egorb\OneDrive\Documentos\GitHub\xray-monolith\src\Layers\xrRenderVulkan\xrRender_Vulkan.vcxproj]
  (compiling source file '/vk_pipeline.cpp')
  
C:\Program Files (x86)\Microsoft Visual Studio\2022\BuildTools\VC\Tools\MSVC\14.44.35207\include\xlocale(2824,19): warning C4995: 'free': name was marked as #pragma deprecated [C:\Users\egorb\OneDrive\Documentos\GitHub\xray-monolith\src\Layers\xrRenderVulkan\xrRender_Vulkan.vcxproj]
  (compiling source file '/vk_pipeline.cpp')
  
C:\Program Files (x86)\Microsoft Visual Studio\2022\BuildTools\VC\Tools\MSVC\14.44.35207\include\xlocale(2829,15): warning C4995: 'free': name was marked as #pragma deprecated [C:\Users\egorb\OneDrive\Documentos\GitHub\xray-monolith\src\Layers\xrRenderVulkan\xrRender_Vulkan.vcxproj]
  (compiling source file '/vk_pipeline.cpp')
  
C:\Program Files (x86)\Microsoft Visual Studio\2022\BuildTools\VC\Tools\MSVC\14.44.35207\include\xlocale(2971,19): warning C4995: 'free': name was marked as #pragma deprecated [C:\Users\egorb\OneDrive\Documentos\GitHub\xray-monolith\src\Layers\xrRenderVulkan\xrRender_Vulkan.vcxproj]
  (compiling source file '/vk_pipeline.cpp')
  
C:\Program Files (x86)\Microsoft Visual Studio\2022\BuildTools\VC\Tools\MSVC\14.44.35207\include\xlocale(2974,15): warning C4995: 'free': name was marked as #pragma deprecated [C:\Users\egorb\OneDrive\Documentos\GitHub\xray-monolith\src\Layers\xrRenderVulkan\xrRender_Vulkan.vcxproj]
  (compiling source file '/vk_pipeline.cpp')
  
C:\Program Files (x86)\Microsoft Visual Studio\2022\BuildTools\VC\Tools\MSVC\14.44.35207\include\xlocale(3172,19): warning C4995: 'free': name was marked as #pragma deprecated [C:\Users\egorb\OneDrive\Documentos\GitHub\xray-monolith\src\Layers\xrRenderVulkan\xrRender_Vulkan.vcxproj]
  (compiling source file '/vk_pipeline.cpp')
  
C:\Program Files (x86)\Microsoft Visual Studio\2022\BuildTools\VC\Tools\MSVC\14.44.35207\include\xlocale(3175,15): warning C4995: 'free': name was marked as #pragma deprecated [C:\Users\egorb\OneDrive\Documentos\GitHub\xray-monolith\src\Layers\xrRenderVulkan\xrRender_Vulkan.vcxproj]
  (compiling source file '/vk_pipeline.cpp')
  
  vk_occRasterizer_core.cpp
C:\Program Files (x86)\Microsoft Visual Studio\2022\BuildTools\VC\Tools\MSVC\14.44.35207\include\__msvc_ostream.hpp(690,62): warning C4995: 'strlen': name was marked as #pragma deprecated [C:\Users\egorb\OneDrive\Documentos\GitHub\xray-monolith\src\Layers\xrRenderVulkan\xrRender_Vulkan.vcxproj]
  (compiling source file '/vk_shaders.cpp')
  
  vk_geometry.cpp
  vk_rendertarget_phase_accumulator.cpp
  vk_rendertarget_phase_combine.cpp
  vk_rendertarget_phase_forward.cpp
  vk_rendertarget_phase_gbuffer.cpp
C:\Program Files (x86)\Microsoft Visual Studio\2022\BuildTools\VC\Tools\MSVC\14.44.35207\include\xlocnum(76,47): warning C4995: 'calloc': name was marked as #pragma deprecated [C:\Users\egorb\OneDrive\Documentos\GitHub\xray-monolith\src\Layers\xrRenderVulkan\xrRender_Vulkan.vcxproj]
  (compiling source file '/vk_pipeline.cpp')
  
C:\Program Files (x86)\Microsoft Visual Studio\2022\BuildTools\VC\Tools\MSVC\14.44.35207\include\xlocnum(202,15): warning C4995: 'free': name was marked as #pragma deprecated [C:\Users\egorb\OneDrive\Documentos\GitHub\xray-monolith\src\Layers\xrRenderVulkan\xrRender_Vulkan.vcxproj]
  (compiling source file '/vk_pipeline.cpp')
  
C:\Program Files (x86)\Microsoft Visual Studio\2022\BuildTools\VC\Tools\MSVC\14.44.35207\include\xlocnum(203,15): warning C4995: 'free': name was marked as #pragma deprecated [C:\Users\egorb\OneDrive\Documentos\GitHub\xray-monolith\src\Layers\xrRenderVulkan\xrRender_Vulkan.vcxproj]
  (compiling source file '/vk_pipeline.cpp')
  
C:\Program Files (x86)\Microsoft Visual Studio\2022\BuildTools\VC\Tools\MSVC\14.44.35207\include\xlocnum(204,15): warning C4995: 'free': name was marked as #pragma deprecated [C:\Users\egorb\OneDrive\Documentos\GitHub\xray-monolith\src\Layers\xrRenderVulkan\xrRender_Vulkan.vcxproj]
  (compiling source file '/vk_pipeline.cpp')
  
C:\Program Files (x86)\Microsoft Visual Studio\2022\BuildTools\VC\Tools\MSVC\14.44.35207\include\xlocnum(1321,39): warning C4995: 'sprintf_s': name was marked as #pragma deprecated [C:\Users\egorb\OneDrive\Documentos\GitHub\xray-monolith\src\Layers\xrRenderVulkan\xrRender_Vulkan.vcxproj]
  (compiling source file '/vk_pipeline.cpp')
  
C:\Program Files (x86)\Microsoft Visual Studio\2022\BuildTools\VC\Tools\MSVC\14.44.35207\include\xlocnum(1330,39): warning C4995: 'sprintf_s': name was marked as #pragma deprecated [C:\Users\egorb\OneDrive\Documentos\GitHub\xray-monolith\src\Layers\xrRenderVulkan\xrRender_Vulkan.vcxproj]
  (compiling source file '/vk_pipeline.cpp')
  
C:\Program Files (x86)\Microsoft Visual Studio\2022\BuildTools\VC\Tools\MSVC\14.44.35207\include\xlocnum(1339,39): warning C4995: 'sprintf_s': name was marked as #pragma deprecated [C:\Users\egorb\OneDrive\Documentos\GitHub\xray-monolith\src\Layers\xrRenderVulkan\xrRender_Vulkan.vcxproj]
  (compiling source file '/vk_pipeline.cpp')
  
C:\Program Files (x86)\Microsoft Visual Studio\2022\BuildTools\VC\Tools\MSVC\14.44.35207\include\xlocnum(1348,39): warning C4995: 'sprintf_s': name was marked as #pragma deprecated [C:\Users\egorb\OneDrive\Documentos\GitHub\xray-monolith\src\Layers\xrRenderVulkan\xrRender_Vulkan.vcxproj]
  (compiling source file '/vk_pipeline.cpp')
  
C:\Program Files (x86)\Microsoft Visual Studio\2022\BuildTools\VC\Tools\MSVC\14.44.35207\include\xlocnum(1362,39): warning C4995: 'fabs': name was marked as #pragma deprecated [C:\Users\egorb\OneDrive\Documentos\GitHub\xray-monolith\src\Layers\xrRenderVulkan\xrRender_Vulkan.vcxproj]
  (compiling source file '/vk_pipeline.cpp')
  
C:\Program Files (x86)\Microsoft Visual Studio\2022\BuildTools\VC\Tools\MSVC\14.44.35207\include\xlocnum(1372,54): warning C4995: 'sprintf_s': name was marked as #pragma deprecated [C:\Users\egorb\OneDrive\Documentos\GitHub\xray-monolith\src\Layers\xrRenderVulkan\xrRender_Vulkan.vcxproj]
  (compiling source file '/vk_pipeline.cpp')
  
C:\Program Files (x86)\Microsoft Visual Studio\2022\BuildTools\VC\Tools\MSVC\14.44.35207\include\xlocnum(1399,54): warning C4995: 'sprintf_s': name was marked as #pragma deprecated [C:\Users\egorb\OneDrive\Documentos\GitHub\xray-monolith\src\Layers\xrRenderVulkan\xrRender_Vulkan.vcxproj]
  (compiling source file '/vk_pipeline.cpp')
  
C:\Program Files (x86)\Microsoft Visual Studio\2022\BuildTools\VC\Tools\MSVC\14.44.35207\include\xlocnum(1411,69): warning C4995: 'sprintf_s': name was marked as #pragma deprecated [C:\Users\egorb\OneDrive\Documentos\GitHub\xray-monolith\src\Layers\xrRenderVulkan\xrRender_Vulkan.vcxproj]
  (compiling source file '/vk_pipeline.cpp')
  
C:\Users\egorb\OneDrive\Documentos\GitHub\xray-monolith\src\xrcdb\ispatial.h(151,9): warning C4311: '<function-style-cast>': pointer truncation from 'ISpatial_NODE *' to 'ISpatial_NODE::ptrt' [C:\Users\egorb\OneDrive\Documentos\GitHub\xray-monolith\src\Layers\xrRenderVulkan\xrRender_Vulkan.vcxproj]
  (compiling source file '/vk_Visual.cpp')
  
C:\Users\egorb\OneDrive\Documentos\GitHub\xray-monolith\src\xrcdb\ispatial.h(151,9): warning C4302: '<function-style-cast>': truncation from 'ISpatial_NODE *' to 'ISpatial_NODE::ptrt' [C:\Users\egorb\OneDrive\Documentos\GitHub\xray-monolith\src\Layers\xrRenderVulkan\xrRender_Vulkan.vcxproj]
  (compiling source file '/vk_Visual.cpp')
  
C:\Users\egorb\OneDrive\Documentos\GitHub\xray-monolith\src\xrcdb\ispatial.h(151,29): warning C4311: '<function-style-cast>': pointer truncation from 'ISpatial_NODE *' to 'ISpatial_NODE::ptrt' [C:\Users\egorb\OneDrive\Documentos\GitHub\xray-monolith\src\Layers\xrRenderVulkan\xrRender_Vulkan.vcxproj]
  (compiling source file '/vk_Visual.cpp')
  
C:\Users\egorb\OneDrive\Documentos\GitHub\xray-monolith\src\xrcdb\ispatial.h(151,29): warning C4302: '<function-style-cast>': truncation from 'ISpatial_NODE *' to 'ISpatial_NODE::ptrt' [C:\Users\egorb\OneDrive\Documentos\GitHub\xray-monolith\src\Layers\xrRenderVulkan\xrRender_Vulkan.vcxproj]
  (compiling source file '/vk_Visual.cpp')
  
C:\Users\egorb\OneDrive\Documentos\GitHub\xray-monolith\src\xrcdb\ispatial.h(152,9): warning C4311: '<function-style-cast>': pointer truncation from 'ISpatial_NODE *' to 'ISpatial_NODE::ptrt' [C:\Users\egorb\OneDrive\Documentos\GitHub\xray-monolith\src\Layers\xrRenderVulkan\xrRender_Vulkan.vcxproj]
  (compiling source file '/vk_Visual.cpp')
  
C:\Users\egorb\OneDrive\Documentos\GitHub\xray-monolith\src\xrcdb\ispatial.h(152,9): warning C4302: '<function-style-cast>': truncation from 'ISpatial_NODE *' to 'ISpatial_NODE::ptrt' [C:\Users\egorb\OneDrive\Documentos\GitHub\xray-monolith\src\Layers\xrRenderVulkan\xrRender_Vulkan.vcxproj]
  (compiling source file '/vk_Visual.cpp')
  
C:\Users\egorb\OneDrive\Documentos\GitHub\xray-monolith\src\xrcdb\ispatial.h(152,29): warning C4311: '<function-style-cast>': pointer truncation from 'ISpatial_NODE *' to 'ISpatial_NODE::ptrt' [C:\Users\egorb\OneDrive\Documentos\GitHub\xray-monolith\src\Layers\xrRenderVulkan\xrRender_Vulkan.vcxproj]
  (compiling source file '/vk_Visual.cpp')
  
C:\Users\egorb\OneDrive\Documentos\GitHub\xray-monolith\src\xrcdb\ispatial.h(152,29): warning C4302: '<function-style-cast>': truncation from 'ISpatial_NODE *' to 'ISpatial_NODE::ptrt' [C:\Users\egorb\OneDrive\Documentos\GitHub\xray-monolith\src\Layers\xrRenderVulkan\xrRender_Vulkan.vcxproj]
  (compiling source file '/vk_Visual.cpp')
  
C:\Users\egorb\OneDrive\Documentos\GitHub\xray-monolith\src\xrcdb\ispatial.h(153,9): warning C4311: '<function-style-cast>': pointer truncation from 'ISpatial_NODE *' to 'ISpatial_NODE::ptrt' [C:\Users\egorb\OneDrive\Documentos\GitHub\xray-monolith\src\Layers\xrRenderVulkan\xrRender_Vulkan.vcxproj]
  (compiling source file '/vk_Visual.cpp')
  
C:\Users\egorb\OneDrive\Documentos\GitHub\xray-monolith\src\xrcdb\ispatial.h(153,9): warning C4302: '<function-style-cast>': truncation from 'ISpatial_NODE *' to 'ISpatial_NODE::ptrt' [C:\Users\egorb\OneDrive\Documentos\GitHub\xray-monolith\src\Layers\xrRenderVulkan\xrRender_Vulkan.vcxproj]
  (compiling source file '/vk_Visual.cpp')
  
C:\Users\egorb\OneDrive\Documentos\GitHub\xray-monolith\src\xrcdb\ispatial.h(153,29): warning C4311: '<function-style-cast>': pointer truncation from 'ISpatial_NODE *' to 'ISpatial_NODE::ptrt' [C:\Users\egorb\OneDrive\Documentos\GitHub\xray-monolith\src\Layers\xrRenderVulkan\xrRender_Vulkan.vcxproj]
  (compiling source file '/vk_Visual.cpp')
  
C:\Users\egorb\OneDrive\Documentos\GitHub\xray-monolith\src\xrcdb\ispatial.h(153,29): warning C4302: '<function-style-cast>': truncation from 'ISpatial_NODE *' to 'ISpatial_NODE::ptrt' [C:\Users\egorb\OneDrive\Documentos\GitHub\xray-monolith\src\Layers\xrRenderVulkan\xrRender_Vulkan.vcxproj]
  (compiling source file '/vk_Visual.cpp')
  
C:\Users\egorb\OneDrive\Documentos\GitHub\xray-monolith\src\xrcdb\ispatial.h(154,9): warning C4311: '<function-style-cast>': pointer truncation from 'ISpatial_NODE *' to 'ISpatial_NODE::ptrt' [C:\Users\egorb\OneDrive\Documentos\GitHub\xray-monolith\src\Layers\xrRenderVulkan\xrRender_Vulkan.vcxproj]
  (compiling source file '/vk_Visual.cpp')
  
C:\Users\egorb\OneDrive\Documentos\GitHub\xray-monolith\src\xrcdb\ispatial.h(154,9): warning C4302: '<function-style-cast>': truncation from 'ISpatial_NODE *' to 'ISpatial_NODE::ptrt' [C:\Users\egorb\OneDrive\Documentos\GitHub\xray-monolith\src\Layers\xrRenderVulkan\xrRender_Vulkan.vcxproj]
  (compiling source file '/vk_Visual.cpp')
  
C:\Users\egorb\OneDrive\Documentos\GitHub\xray-monolith\src\xrcdb\ispatial.h(154,29): warning C4311: '<function-style-cast>': pointer truncation from 'ISpatial_NODE *' to 'ISpatial_NODE::ptrt' [C:\Users\egorb\OneDrive\Documentos\GitHub\xray-monolith\src\Layers\xrRenderVulkan\xrRender_Vulkan.vcxproj]
  (compiling source file '/vk_Visual.cpp')
  
C:\Users\egorb\OneDrive\Documentos\GitHub\xray-monolith\src\xrcdb\ispatial.h(154,29): warning C4302: '<function-style-cast>': truncation from 'ISpatial_NODE *' to 'ISpatial_NODE::ptrt' [C:\Users\egorb\OneDrive\Documentos\GitHub\xray-monolith\src\Layers\xrRenderVulkan\xrRender_Vulkan.vcxproj]
  (compiling source file '/vk_Visual.cpp')
  
C:\Program Files (x86)\Microsoft Visual Studio\2022\BuildTools\VC\Tools\MSVC\14.44.35207\include\__msvc_ostream.hpp(690,62): warning C4995: 'strlen': name was marked as #pragma deprecated [C:\Users\egorb\OneDrive\Documentos\GitHub\xray-monolith\src\Layers\xrRenderVulkan\xrRender_Vulkan.vcxproj]
  (compiling source file '/vk_pipeline.cpp')
  
  vk_rendertarget_phase_postprocess.cpp
  vk_rendertarget_helpers.cpp
C:\Users\egorb\OneDrive\Documentos\GitHub\xray-monolith\src\xrcdb\ispatial.h(151,9): warning C4311: '<function-style-cast>': pointer truncation from 'ISpatial_NODE *' to 'ISpatial_NODE::ptrt' [C:\Users\egorb\OneDrive\Documentos\GitHub\xray-monolith\src\Layers\xrRenderVulkan\xrRender_Vulkan.vcxproj]
  (compiling source file '/vk_ModelPool.cpp')
  
C:\Users\egorb\OneDrive\Documentos\GitHub\xray-monolith\src\xrcdb\ispatial.h(151,9): warning C4302: '<function-style-cast>': truncation from 'ISpatial_NODE *' to 'ISpatial_NODE::ptrt' [C:\Users\egorb\OneDrive\Documentos\GitHub\xray-monolith\src\Layers\xrRenderVulkan\xrRender_Vulkan.vcxproj]
  (compiling source file '/vk_ModelPool.cpp')
  
C:\Users\egorb\OneDrive\Documentos\GitHub\xray-monolith\src\xrcdb\ispatial.h(151,29): warning C4311: '<function-style-cast>': pointer truncation from 'ISpatial_NODE *' to 'ISpatial_NODE::ptrt' [C:\Users\egorb\OneDrive\Documentos\GitHub\xray-monolith\src\Layers\xrRenderVulkan\xrRender_Vulkan.vcxproj]
  (compiling source file '/vk_ModelPool.cpp')
  
C:\Users\egorb\OneDrive\Documentos\GitHub\xray-monolith\src\xrcdb\ispatial.h(151,29): warning C4302: '<function-style-cast>': truncation from 'ISpatial_NODE *' to 'ISpatial_NODE::ptrt' [C:\Users\egorb\OneDrive\Documentos\GitHub\xray-monolith\src\Layers\xrRenderVulkan\xrRender_Vulkan.vcxproj]
  (compiling source file '/vk_ModelPool.cpp')
  
C:\Users\egorb\OneDrive\Documentos\GitHub\xray-monolith\src\xrcdb\ispatial.h(152,9): warning C4311: '<function-style-cast>': pointer truncation from 'ISpatial_NODE *' to 'ISpatial_NODE::ptrt' [C:\Users\egorb\OneDrive\Documentos\GitHub\xray-monolith\src\Layers\xrRenderVulkan\xrRender_Vulkan.vcxproj]
  (compiling source file '/vk_ModelPool.cpp')
  
C:\Users\egorb\OneDrive\Documentos\GitHub\xray-monolith\src\xrcdb\ispatial.h(152,9): warning C4302: '<function-style-cast>': truncation from 'ISpatial_NODE *' to 'ISpatial_NODE::ptrt' [C:\Users\egorb\OneDrive\Documentos\GitHub\xray-monolith\src\Layers\xrRenderVulkan\xrRender_Vulkan.vcxproj]
  (compiling source file '/vk_ModelPool.cpp')
  
C:\Users\egorb\OneDrive\Documentos\GitHub\xray-monolith\src\xrcdb\ispatial.h(152,29): warning C4311: '<function-style-cast>': pointer truncation from 'ISpatial_NODE *' to 'ISpatial_NODE::ptrt' [C:\Users\egorb\OneDrive\Documentos\GitHub\xray-monolith\src\Layers\xrRenderVulkan\xrRender_Vulkan.vcxproj]
  (compiling source file '/vk_ModelPool.cpp')
  
C:\Users\egorb\OneDrive\Documentos\GitHub\xray-monolith\src\xrcdb\ispatial.h(152,29): warning C4302: '<function-style-cast>': truncation from 'ISpatial_NODE *' to 'ISpatial_NODE::ptrt' [C:\Users\egorb\OneDrive\Documentos\GitHub\xray-monolith\src\Layers\xrRenderVulkan\xrRender_Vulkan.vcxproj]
  (compiling source file '/vk_ModelPool.cpp')
  
C:\Users\egorb\OneDrive\Documentos\GitHub\xray-monolith\src\xrcdb\ispatial.h(153,9): warning C4311: '<function-style-cast>': pointer truncation from 'ISpatial_NODE *' to 'ISpatial_NODE::ptrt' [C:\Users\egorb\OneDrive\Documentos\GitHub\xray-monolith\src\Layers\xrRenderVulkan\xrRender_Vulkan.vcxproj]
  (compiling source file '/vk_ModelPool.cpp')
  
C:\Users\egorb\OneDrive\Documentos\GitHub\xray-monolith\src\xrcdb\ispatial.h(153,9): warning C4302: '<function-style-cast>': truncation from 'ISpatial_NODE *' to 'ISpatial_NODE::ptrt' [C:\Users\egorb\OneDrive\Documentos\GitHub\xray-monolith\src\Layers\xrRenderVulkan\xrRender_Vulkan.vcxproj]
  (compiling source file '/vk_ModelPool.cpp')
  
C:\Users\egorb\OneDrive\Documentos\GitHub\xray-monolith\src\xrcdb\ispatial.h(153,29): warning C4311: '<function-style-cast>': pointer truncation from 'ISpatial_NODE *' to 'ISpatial_NODE::ptrt' [C:\Users\egorb\OneDrive\Documentos\GitHub\xray-monolith\src\Layers\xrRenderVulkan\xrRender_Vulkan.vcxproj]
  (compiling source file '/vk_ModelPool.cpp')
  
C:\Users\egorb\OneDrive\Documentos\GitHub\xray-monolith\src\xrcdb\ispatial.h(153,29): warning C4302: '<function-style-cast>': truncation from 'ISpatial_NODE *' to 'ISpatial_NODE::ptrt' [C:\Users\egorb\OneDrive\Documentos\GitHub\xray-monolith\src\Layers\xrRenderVulkan\xrRender_Vulkan.vcxproj]
  (compiling source file '/vk_ModelPool.cpp')
  
C:\Users\egorb\OneDrive\Documentos\GitHub\xray-monolith\src\xrcdb\ispatial.h(154,9): warning C4311: '<function-style-cast>': pointer truncation from 'ISpatial_NODE *' to 'ISpatial_NODE::ptrt' [C:\Users\egorb\OneDrive\Documentos\GitHub\xray-monolith\src\Layers\xrRenderVulkan\xrRender_Vulkan.vcxproj]
  (compiling source file '/vk_ModelPool.cpp')
  
C:\Users\egorb\OneDrive\Documentos\GitHub\xray-monolith\src\xrcdb\ispatial.h(154,9): warning C4302: '<function-style-cast>': truncation from 'ISpatial_NODE *' to 'ISpatial_NODE::ptrt' [C:\Users\egorb\OneDrive\Documentos\GitHub\xray-monolith\src\Layers\xrRenderVulkan\xrRender_Vulkan.vcxproj]
  (compiling source file '/vk_ModelPool.cpp')
  
C:\Users\egorb\OneDrive\Documentos\GitHub\xray-monolith\src\xrcdb\ispatial.h(154,29): warning C4311: '<function-style-cast>': pointer truncation from 'ISpatial_NODE *' to 'ISpatial_NODE::ptrt' [C:\Users\egorb\OneDrive\Documentos\GitHub\xray-monolith\src\Layers\xrRenderVulkan\xrRender_Vulkan.vcxproj]
  (compiling source file '/vk_ModelPool.cpp')
  
C:\Users\egorb\OneDrive\Documentos\GitHub\xray-monolith\src\xrcdb\ispatial.h(154,29): warning C4302: '<function-style-cast>': truncation from 'ISpatial_NODE *' to 'ISpatial_NODE::ptrt' [C:\Users\egorb\OneDrive\Documentos\GitHub\xray-monolith\src\Layers\xrRenderVulkan\xrRender_Vulkan.vcxproj]
  (compiling source file '/vk_ModelPool.cpp')
  
C:\Users\egorb\OneDrive\Documentos\GitHub\xray-monolith\src\xrcdb\ispatial.h(151,9): warning C4311: '<function-style-cast>': pointer truncation from 'ISpatial_NODE *' to 'ISpatial_NODE::ptrt' [C:\Users\egorb\OneDrive\Documentos\GitHub\xray-monolith\src\Layers\xrRenderVulkan\xrRender_Vulkan.vcxproj]
  (compiling source file '/xrRender_Vulkan.cpp')
  
C:\Users\egorb\OneDrive\Documentos\GitHub\xray-monolith\src\xrcdb\ispatial.h(151,9): warning C4302: '<function-style-cast>': truncation from 'ISpatial_NODE *' to 'ISpatial_NODE::ptrt' [C:\Users\egorb\OneDrive\Documentos\GitHub\xray-monolith\src\Layers\xrRenderVulkan\xrRender_Vulkan.vcxproj]
  (compiling source file '/xrRender_Vulkan.cpp')
  
C:\Users\egorb\OneDrive\Documentos\GitHub\xray-monolith\src\xrcdb\ispatial.h(151,29): warning C4311: '<function-style-cast>': pointer truncation from 'ISpatial_NODE *' to 'ISpatial_NODE::ptrt' [C:\Users\egorb\OneDrive\Documentos\GitHub\xray-monolith\src\Layers\xrRenderVulkan\xrRender_Vulkan.vcxproj]
  (compiling source file '/xrRender_Vulkan.cpp')
  
C:\Users\egorb\OneDrive\Documentos\GitHub\xray-monolith\src\xrcdb\ispatial.h(151,29): warning C4302: '<function-style-cast>': truncation from 'ISpatial_NODE *' to 'ISpatial_NODE::ptrt' [C:\Users\egorb\OneDrive\Documentos\GitHub\xray-monolith\src\Layers\xrRenderVulkan\xrRender_Vulkan.vcxproj]
  (compiling source file '/xrRender_Vulkan.cpp')
  
C:\Users\egorb\OneDrive\Documentos\GitHub\xray-monolith\src\xrcdb\ispatial.h(152,9): warning C4311: '<function-style-cast>': pointer truncation from 'ISpatial_NODE *' to 'ISpatial_NODE::ptrt' [C:\Users\egorb\OneDrive\Documentos\GitHub\xray-monolith\src\Layers\xrRenderVulkan\xrRender_Vulkan.vcxproj]
  (compiling source file '/xrRender_Vulkan.cpp')
  
C:\Users\egorb\OneDrive\Documentos\GitHub\xray-monolith\src\xrcdb\ispatial.h(152,9): warning C4302: '<function-style-cast>': truncation from 'ISpatial_NODE *' to 'ISpatial_NODE::ptrt' [C:\Users\egorb\OneDrive\Documentos\GitHub\xray-monolith\src\Layers\xrRenderVulkan\xrRender_Vulkan.vcxproj]
  (compiling source file '/xrRender_Vulkan.cpp')
  
C:\Users\egorb\OneDrive\Documentos\GitHub\xray-monolith\src\xrcdb\ispatial.h(152,29): warning C4311: '<function-style-cast>': pointer truncation from 'ISpatial_NODE *' to 'ISpatial_NODE::ptrt' [C:\Users\egorb\OneDrive\Documentos\GitHub\xray-monolith\src\Layers\xrRenderVulkan\xrRender_Vulkan.vcxproj]
  (compiling source file '/xrRender_Vulkan.cpp')
  
C:\Users\egorb\OneDrive\Documentos\GitHub\xray-monolith\src\xrcdb\ispatial.h(152,29): warning C4302: '<function-style-cast>': truncation from 'ISpatial_NODE *' to 'ISpatial_NODE::ptrt' [C:\Users\egorb\OneDrive\Documentos\GitHub\xray-monolith\src\Layers\xrRenderVulkan\xrRender_Vulkan.vcxproj]
  (compiling source file '/xrRender_Vulkan.cpp')
  
C:\Users\egorb\OneDrive\Documentos\GitHub\xray-monolith\src\xrcdb\ispatial.h(153,9): warning C4311: '<function-style-cast>': pointer truncation from 'ISpatial_NODE *' to 'ISpatial_NODE::ptrt' [C:\Users\egorb\OneDrive\Documentos\GitHub\xray-monolith\src\Layers\xrRenderVulkan\xrRender_Vulkan.vcxproj]
  (compiling source file '/xrRender_Vulkan.cpp')
  
C:\Users\egorb\OneDrive\Documentos\GitHub\xray-monolith\src\xrcdb\ispatial.h(153,9): warning C4302: '<function-style-cast>': truncation from 'ISpatial_NODE *' to 'ISpatial_NODE::ptrt' [C:\Users\egorb\OneDrive\Documentos\GitHub\xray-monolith\src\Layers\xrRenderVulkan\xrRender_Vulkan.vcxproj]
  (compiling source file '/xrRender_Vulkan.cpp')
  
C:\Users\egorb\OneDrive\Documentos\GitHub\xray-monolith\src\xrcdb\ispatial.h(153,29): warning C4311: '<function-style-cast>': pointer truncation from 'ISpatial_NODE *' to 'ISpatial_NODE::ptrt' [C:\Users\egorb\OneDrive\Documentos\GitHub\xray-monolith\src\Layers\xrRenderVulkan\xrRender_Vulkan.vcxproj]
  (compiling source file '/xrRender_Vulkan.cpp')
  
C:\Users\egorb\OneDrive\Documentos\GitHub\xray-monolith\src\xrcdb\ispatial.h(153,29): warning C4302: '<function-style-cast>': truncation from 'ISpatial_NODE *' to 'ISpatial_NODE::ptrt' [C:\Users\egorb\OneDrive\Documentos\GitHub\xray-monolith\src\Layers\xrRenderVulkan\xrRender_Vulkan.vcxproj]
  (compiling source file '/xrRender_Vulkan.cpp')
  
C:\Users\egorb\OneDrive\Documentos\GitHub\xray-monolith\src\xrcdb\ispatial.h(154,9): warning C4311: '<function-style-cast>': pointer truncation from 'ISpatial_NODE *' to 'ISpatial_NODE::ptrt' [C:\Users\egorb\OneDrive\Documentos\GitHub\xray-monolith\src\Layers\xrRenderVulkan\xrRender_Vulkan.vcxproj]
  (compiling source file '/xrRender_Vulkan.cpp')
  
C:\Users\egorb\OneDrive\Documentos\GitHub\xray-monolith\src\xrcdb\ispatial.h(154,9): warning C4302: '<function-style-cast>': truncation from 'ISpatial_NODE *' to 'ISpatial_NODE::ptrt' [C:\Users\egorb\OneDrive\Documentos\GitHub\xray-monolith\src\Layers\xrRenderVulkan\xrRender_Vulkan.vcxproj]
  (compiling source file '/xrRender_Vulkan.cpp')
  
C:\Users\egorb\OneDrive\Documentos\GitHub\xray-monolith\src\xrcdb\ispatial.h(154,29): warning C4311: '<function-style-cast>': pointer truncation from 'ISpatial_NODE *' to 'ISpatial_NODE::ptrt' [C:\Users\egorb\OneDrive\Documentos\GitHub\xray-monolith\src\Layers\xrRenderVulkan\xrRender_Vulkan.vcxproj]
  (compiling source file '/xrRender_Vulkan.cpp')
  
C:\Users\egorb\OneDrive\Documentos\GitHub\xray-monolith\src\xrcdb\ispatial.h(154,29): warning C4302: '<function-style-cast>': truncation from 'ISpatial_NODE *' to 'ISpatial_NODE::ptrt' [C:\Users\egorb\OneDrive\Documentos\GitHub\xray-monolith\src\Layers\xrRenderVulkan\xrRender_Vulkan.vcxproj]
  (compiling source file '/xrRender_Vulkan.cpp')
  
C:\Users\egorb\OneDrive\Documentos\GitHub\xray-monolith\src\Layers\xrRenderVulkan\vk_rendertarget_phase_combine.cpp(14,37): warning C4995: 'strlen': name was marked as #pragma deprecated [C:\Users\egorb\OneDrive\Documentos\GitHub\xray-monolith\src\Layers\xrRenderVulkan\xrRender_Vulkan.vcxproj]
  (compiling source file '/vk_rendertarget_phase_combine.cpp')
  
  vk_rendertarget_phase_smap.cpp
  vk_rendertarget_shadow.cpp
C:\Users\egorb\OneDrive\Documentos\GitHub\xray-monolith\src\xrcdb\ispatial.h(151,9): warning C4311: '<function-style-cast>': pointer truncation from 'ISpatial_NODE *' to 'ISpatial_NODE::ptrt' [C:\Users\egorb\OneDrive\Documentos\GitHub\xray-monolith\src\Layers\xrRenderVulkan\xrRender_Vulkan.vcxproj]
  (compiling source file '/vk_rendertarget_helpers.cpp')
  
C:\Users\egorb\OneDrive\Documentos\GitHub\xray-monolith\src\xrcdb\ispatial.h(151,9): warning C4302: '<function-style-cast>': truncation from 'ISpatial_NODE *' to 'ISpatial_NODE::ptrt' [C:\Users\egorb\OneDrive\Documentos\GitHub\xray-monolith\src\Layers\xrRenderVulkan\xrRender_Vulkan.vcxproj]
  (compiling source file '/vk_rendertarget_helpers.cpp')
  
C:\Users\egorb\OneDrive\Documentos\GitHub\xray-monolith\src\xrcdb\ispatial.h(151,29): warning C4311: '<function-style-cast>': pointer truncation from 'ISpatial_NODE *' to 'ISpatial_NODE::ptrt' [C:\Users\egorb\OneDrive\Documentos\GitHub\xray-monolith\src\Layers\xrRenderVulkan\xrRender_Vulkan.vcxproj]
  (compiling source file '/vk_rendertarget_helpers.cpp')
  
C:\Users\egorb\OneDrive\Documentos\GitHub\xray-monolith\src\xrcdb\ispatial.h(151,29): warning C4302: '<function-style-cast>': truncation from 'ISpatial_NODE *' to 'ISpatial_NODE::ptrt' [C:\Users\egorb\OneDrive\Documentos\GitHub\xray-monolith\src\Layers\xrRenderVulkan\xrRender_Vulkan.vcxproj]
  (compiling source file '/vk_rendertarget_helpers.cpp')
  
C:\Users\egorb\OneDrive\Documentos\GitHub\xray-monolith\src\xrcdb\ispatial.h(152,9): warning C4311: '<function-style-cast>': pointer truncation from 'ISpatial_NODE *' to 'ISpatial_NODE::ptrt' [C:\Users\egorb\OneDrive\Documentos\GitHub\xray-monolith\src\Layers\xrRenderVulkan\xrRender_Vulkan.vcxproj]
  (compiling source file '/vk_rendertarget_helpers.cpp')
  
C:\Users\egorb\OneDrive\Documentos\GitHub\xray-monolith\src\xrcdb\ispatial.h(152,9): warning C4302: '<function-style-cast>': truncation from 'ISpatial_NODE *' to 'ISpatial_NODE::ptrt' [C:\Users\egorb\OneDrive\Documentos\GitHub\xray-monolith\src\Layers\xrRenderVulkan\xrRender_Vulkan.vcxproj]
  (compiling source file '/vk_rendertarget_helpers.cpp')
  
C:\Users\egorb\OneDrive\Documentos\GitHub\xray-monolith\src\xrcdb\ispatial.h(152,29): warning C4311: '<function-style-cast>': pointer truncation from 'ISpatial_NODE *' to 'ISpatial_NODE::ptrt' [C:\Users\egorb\OneDrive\Documentos\GitHub\xray-monolith\src\Layers\xrRenderVulkan\xrRender_Vulkan.vcxproj]
  (compiling source file '/vk_rendertarget_helpers.cpp')
  
C:\Users\egorb\OneDrive\Documentos\GitHub\xray-monolith\src\xrcdb\ispatial.h(152,29): warning C4302: '<function-style-cast>': truncation from 'ISpatial_NODE *' to 'ISpatial_NODE::ptrt' [C:\Users\egorb\OneDrive\Documentos\GitHub\xray-monolith\src\Layers\xrRenderVulkan\xrRender_Vulkan.vcxproj]
  (compiling source file '/vk_rendertarget_helpers.cpp')
  
C:\Users\egorb\OneDrive\Documentos\GitHub\xray-monolith\src\xrcdb\ispatial.h(153,9): warning C4311: '<function-style-cast>': pointer truncation from 'ISpatial_NODE *' to 'ISpatial_NODE::ptrt' [C:\Users\egorb\OneDrive\Documentos\GitHub\xray-monolith\src\Layers\xrRenderVulkan\xrRender_Vulkan.vcxproj]
  (compiling source file '/vk_rendertarget_helpers.cpp')
  
C:\Users\egorb\OneDrive\Documentos\GitHub\xray-monolith\src\xrcdb\ispatial.h(153,9): warning C4302: '<function-style-cast>': truncation from 'ISpatial_NODE *' to 'ISpatial_NODE::ptrt' [C:\Users\egorb\OneDrive\Documentos\GitHub\xray-monolith\src\Layers\xrRenderVulkan\xrRender_Vulkan.vcxproj]
  (compiling source file '/vk_rendertarget_helpers.cpp')
  
C:\Users\egorb\OneDrive\Documentos\GitHub\xray-monolith\src\xrcdb\ispatial.h(153,29): warning C4311: '<function-style-cast>': pointer truncation from 'ISpatial_NODE *' to 'ISpatial_NODE::ptrt' [C:\Users\egorb\OneDrive\Documentos\GitHub\xray-monolith\src\Layers\xrRenderVulkan\xrRender_Vulkan.vcxproj]
  (compiling source file '/vk_rendertarget_helpers.cpp')
  
C:\Users\egorb\OneDrive\Documentos\GitHub\xray-monolith\src\xrcdb\ispatial.h(153,29): warning C4302: '<function-style-cast>': truncation from 'ISpatial_NODE *' to 'ISpatial_NODE::ptrt' [C:\Users\egorb\OneDrive\Documentos\GitHub\xray-monolith\src\Layers\xrRenderVulkan\xrRender_Vulkan.vcxproj]
  (compiling source file '/vk_rendertarget_helpers.cpp')
  
C:\Users\egorb\OneDrive\Documentos\GitHub\xray-monolith\src\xrcdb\ispatial.h(154,9): warning C4311: '<function-style-cast>': pointer truncation from 'ISpatial_NODE *' to 'ISpatial_NODE::ptrt' [C:\Users\egorb\OneDrive\Documentos\GitHub\xray-monolith\src\Layers\xrRenderVulkan\xrRender_Vulkan.vcxproj]
  (compiling source file '/vk_rendertarget_helpers.cpp')
  
C:\Users\egorb\OneDrive\Documentos\GitHub\xray-monolith\src\xrcdb\ispatial.h(154,9): warning C4302: '<function-style-cast>': truncation from 'ISpatial_NODE *' to 'ISpatial_NODE::ptrt' [C:\Users\egorb\OneDrive\Documentos\GitHub\xray-monolith\src\Layers\xrRenderVulkan\xrRender_Vulkan.vcxproj]
  (compiling source file '/vk_rendertarget_helpers.cpp')
  
C:\Users\egorb\OneDrive\Documentos\GitHub\xray-monolith\src\xrcdb\ispatial.h(154,29): warning C4311: '<function-style-cast>': pointer truncation from 'ISpatial_NODE *' to 'ISpatial_NODE::ptrt' [C:\Users\egorb\OneDrive\Documentos\GitHub\xray-monolith\src\Layers\xrRenderVulkan\xrRender_Vulkan.vcxproj]
  (compiling source file '/vk_rendertarget_helpers.cpp')
  
C:\Users\egorb\OneDrive\Documentos\GitHub\xray-monolith\src\xrcdb\ispatial.h(154,29): warning C4302: '<function-style-cast>': truncation from 'ISpatial_NODE *' to 'ISpatial_NODE::ptrt' [C:\Users\egorb\OneDrive\Documentos\GitHub\xray-monolith\src\Layers\xrRenderVulkan\xrRender_Vulkan.vcxproj]
  (compiling source file '/vk_rendertarget_helpers.cpp')
  
C:\Users\egorb\OneDrive\Documentos\GitHub\xray-monolith\src\xrcdb\ispatial.h(151,9): warning C4311: '<function-style-cast>': pointer truncation from 'ISpatial_NODE *' to 'ISpatial_NODE::ptrt' [C:\Users\egorb\OneDrive\Documentos\GitHub\xray-monolith\src\Layers\xrRenderVulkan\xrRender_Vulkan.vcxproj]
  (compiling source file '/vk_rendertarget_phase_gbuffer.cpp')
  
C:\Users\egorb\OneDrive\Documentos\GitHub\xray-monolith\src\xrcdb\ispatial.h(151,9): warning C4302: '<function-style-cast>': truncation from 'ISpatial_NODE *' to 'ISpatial_NODE::ptrt' [C:\Users\egorb\OneDrive\Documentos\GitHub\xray-monolith\src\Layers\xrRenderVulkan\xrRender_Vulkan.vcxproj]
  (compiling source file '/vk_rendertarget_phase_gbuffer.cpp')
  
C:\Users\egorb\OneDrive\Documentos\GitHub\xray-monolith\src\xrcdb\ispatial.h(151,29): warning C4311: '<function-style-cast>': pointer truncation from 'ISpatial_NODE *' to 'ISpatial_NODE::ptrt' [C:\Users\egorb\OneDrive\Documentos\GitHub\xray-monolith\src\Layers\xrRenderVulkan\xrRender_Vulkan.vcxproj]
  (compiling source file '/vk_rendertarget_phase_gbuffer.cpp')
  
C:\Users\egorb\OneDrive\Documentos\GitHub\xray-monolith\src\xrcdb\ispatial.h(151,29): warning C4302: '<function-style-cast>': truncation from 'ISpatial_NODE *' to 'ISpatial_NODE::ptrt' [C:\Users\egorb\OneDrive\Documentos\GitHub\xray-monolith\src\Layers\xrRenderVulkan\xrRender_Vulkan.vcxproj]
  (compiling source file '/vk_rendertarget_phase_gbuffer.cpp')
  
C:\Users\egorb\OneDrive\Documentos\GitHub\xray-monolith\src\xrcdb\ispatial.h(152,9): warning C4311: '<function-style-cast>': pointer truncation from 'ISpatial_NODE *' to 'ISpatial_NODE::ptrt' [C:\Users\egorb\OneDrive\Documentos\GitHub\xray-monolith\src\Layers\xrRenderVulkan\xrRender_Vulkan.vcxproj]
  (compiling source file '/vk_rendertarget_phase_gbuffer.cpp')
  
C:\Users\egorb\OneDrive\Documentos\GitHub\xray-monolith\src\xrcdb\ispatial.h(152,9): warning C4302: '<function-style-cast>': truncation from 'ISpatial_NODE *' to 'ISpatial_NODE::ptrt' [C:\Users\egorb\OneDrive\Documentos\GitHub\xray-monolith\src\Layers\xrRenderVulkan\xrRender_Vulkan.vcxproj]
  (compiling source file '/vk_rendertarget_phase_gbuffer.cpp')
  
C:\Users\egorb\OneDrive\Documentos\GitHub\xray-monolith\src\xrcdb\ispatial.h(152,29): warning C4311: '<function-style-cast>': pointer truncation from 'ISpatial_NODE *' to 'ISpatial_NODE::ptrt' [C:\Users\egorb\OneDrive\Documentos\GitHub\xray-monolith\src\Layers\xrRenderVulkan\xrRender_Vulkan.vcxproj]
  (compiling source file '/vk_rendertarget_phase_gbuffer.cpp')
  
C:\Users\egorb\OneDrive\Documentos\GitHub\xray-monolith\src\xrcdb\ispatial.h(152,29): warning C4302: '<function-style-cast>': truncation from 'ISpatial_NODE *' to 'ISpatial_NODE::ptrt' [C:\Users\egorb\OneDrive\Documentos\GitHub\xray-monolith\src\Layers\xrRenderVulkan\xrRender_Vulkan.vcxproj]
  (compiling source file '/vk_rendertarget_phase_gbuffer.cpp')
  
C:\Users\egorb\OneDrive\Documentos\GitHub\xray-monolith\src\xrcdb\ispatial.h(153,9): warning C4311: '<function-style-cast>': pointer truncation from 'ISpatial_NODE *' to 'ISpatial_NODE::ptrt' [C:\Users\egorb\OneDrive\Documentos\GitHub\xray-monolith\src\Layers\xrRenderVulkan\xrRender_Vulkan.vcxproj]
  (compiling source file '/vk_rendertarget_phase_gbuffer.cpp')
  
C:\Users\egorb\OneDrive\Documentos\GitHub\xray-monolith\src\xrcdb\ispatial.h(153,9): warning C4302: '<function-style-cast>': truncation from 'ISpatial_NODE *' to 'ISpatial_NODE::ptrt' [C:\Users\egorb\OneDrive\Documentos\GitHub\xray-monolith\src\Layers\xrRenderVulkan\xrRender_Vulkan.vcxproj]
  (compiling source file '/vk_rendertarget_phase_gbuffer.cpp')
  
C:\Users\egorb\OneDrive\Documentos\GitHub\xray-monolith\src\xrcdb\ispatial.h(153,29): warning C4311: '<function-style-cast>': pointer truncation from 'ISpatial_NODE *' to 'ISpatial_NODE::ptrt' [C:\Users\egorb\OneDrive\Documentos\GitHub\xray-monolith\src\Layers\xrRenderVulkan\xrRender_Vulkan.vcxproj]
  (compiling source file '/vk_rendertarget_phase_gbuffer.cpp')
  
C:\Users\egorb\OneDrive\Documentos\GitHub\xray-monolith\src\xrcdb\ispatial.h(153,29): warning C4302: '<function-style-cast>': truncation from 'ISpatial_NODE *' to 'ISpatial_NODE::ptrt' [C:\Users\egorb\OneDrive\Documentos\GitHub\xray-monolith\src\Layers\xrRenderVulkan\xrRender_Vulkan.vcxproj]
  (compiling source file '/vk_rendertarget_phase_gbuffer.cpp')
  
C:\Users\egorb\OneDrive\Documentos\GitHub\xray-monolith\src\xrcdb\ispatial.h(154,9): warning C4311: '<function-style-cast>': pointer truncation from 'ISpatial_NODE *' to 'ISpatial_NODE::ptrt' [C:\Users\egorb\OneDrive\Documentos\GitHub\xray-monolith\src\Layers\xrRenderVulkan\xrRender_Vulkan.vcxproj]
  (compiling source file '/vk_rendertarget_phase_gbuffer.cpp')
  
C:\Users\egorb\OneDrive\Documentos\GitHub\xray-monolith\src\xrcdb\ispatial.h(154,9): warning C4302: '<function-style-cast>': truncation from 'ISpatial_NODE *' to 'ISpatial_NODE::ptrt' [C:\Users\egorb\OneDrive\Documentos\GitHub\xray-monolith\src\Layers\xrRenderVulkan\xrRender_Vulkan.vcxproj]
  (compiling source file '/vk_rendertarget_phase_gbuffer.cpp')
  
C:\Users\egorb\OneDrive\Documentos\GitHub\xray-monolith\src\xrcdb\ispatial.h(154,29): warning C4311: '<function-style-cast>': pointer truncation from 'ISpatial_NODE *' to 'ISpatial_NODE::ptrt' [C:\Users\egorb\OneDrive\Documentos\GitHub\xray-monolith\src\Layers\xrRenderVulkan\xrRender_Vulkan.vcxproj]
  (compiling source file '/vk_rendertarget_phase_gbuffer.cpp')
  
C:\Users\egorb\OneDrive\Documentos\GitHub\xray-monolith\src\xrcdb\ispatial.h(154,29): warning C4302: '<function-style-cast>': truncation from 'ISpatial_NODE *' to 'ISpatial_NODE::ptrt' [C:\Users\egorb\OneDrive\Documentos\GitHub\xray-monolith\src\Layers\xrRenderVulkan\xrRender_Vulkan.vcxproj]
  vk_rendertarget_descriptors.cpp
  (compiling source file '/vk_rendertarget_phase_gbuffer.cpp')
  
C:\Users\egorb\OneDrive\Documentos\GitHub\xray-monolith\src\xrcdb\ispatial.h(151,9): warning C4311: '<function-style-cast>': pointer truncation from 'ISpatial_NODE *' to 'ISpatial_NODE::ptrt' [C:\Users\egorb\OneDrive\Documentos\GitHub\xray-monolith\src\Layers\xrRenderVulkan\xrRender_Vulkan.vcxproj]
  (compiling source file '/vk_rendertarget_phase_forward.cpp')
  
C:\Users\egorb\OneDrive\Documentos\GitHub\xray-monolith\src\xrcdb\ispatial.h(151,9): warning C4302: '<function-style-cast>': truncation from 'ISpatial_NODE *' to 'ISpatial_NODE::ptrt' [C:\Users\egorb\OneDrive\Documentos\GitHub\xray-monolith\src\Layers\xrRenderVulkan\xrRender_Vulkan.vcxproj]
  (compiling source file '/vk_rendertarget_phase_forward.cpp')
  
C:\Users\egorb\OneDrive\Documentos\GitHub\xray-monolith\src\xrcdb\ispatial.h(151,29): warning C4311: '<function-style-cast>': pointer truncation from 'ISpatial_NODE *' to 'ISpatial_NODE::ptrt' [C:\Users\egorb\OneDrive\Documentos\GitHub\xray-monolith\src\Layers\xrRenderVulkan\xrRender_Vulkan.vcxproj]
  (compiling source file '/vk_rendertarget_phase_forward.cpp')
  
C:\Users\egorb\OneDrive\Documentos\GitHub\xray-monolith\src\xrcdb\ispatial.h(151,29): warning C4302: '<function-style-cast>': truncation from 'ISpatial_NODE *' to 'ISpatial_NODE::ptrt' [C:\Users\egorb\OneDrive\Documentos\GitHub\xray-monolith\src\Layers\xrRenderVulkan\xrRender_Vulkan.vcxproj]
  (compiling source file '/vk_rendertarget_phase_forward.cpp')
  
C:\Users\egorb\OneDrive\Documentos\GitHub\xray-monolith\src\xrcdb\ispatial.h(152,9): warning C4311: '<function-style-cast>': pointer truncation from 'ISpatial_NODE *' to 'ISpatial_NODE::ptrt' [C:\Users\egorb\OneDrive\Documentos\GitHub\xray-monolith\src\Layers\xrRenderVulkan\xrRender_Vulkan.vcxproj]
  (compiling source file '/vk_rendertarget_phase_forward.cpp')
  
C:\Users\egorb\OneDrive\Documentos\GitHub\xray-monolith\src\xrcdb\ispatial.h(152,9): warning C4302: '<function-style-cast>': truncation from 'ISpatial_NODE *' to 'ISpatial_NODE::ptrt' [C:\Users\egorb\OneDrive\Documentos\GitHub\xray-monolith\src\Layers\xrRenderVulkan\xrRender_Vulkan.vcxproj]
  (compiling source file '/vk_rendertarget_phase_forward.cpp')
  
C:\Users\egorb\OneDrive\Documentos\GitHub\xray-monolith\src\xrcdb\ispatial.h(152,29): warning C4311: '<function-style-cast>': pointer truncation from 'ISpatial_NODE *' to 'ISpatial_NODE::ptrt' [C:\Users\egorb\OneDrive\Documentos\GitHub\xray-monolith\src\Layers\xrRenderVulkan\xrRender_Vulkan.vcxproj]
  (compiling source file '/vk_rendertarget_phase_forward.cpp')
  
C:\Users\egorb\OneDrive\Documentos\GitHub\xray-monolith\src\xrcdb\ispatial.h(152,29): warning C4302: '<function-style-cast>': truncation from 'ISpatial_NODE *' to 'ISpatial_NODE::ptrt' [C:\Users\egorb\OneDrive\Documentos\GitHub\xray-monolith\src\Layers\xrRenderVulkan\xrRender_Vulkan.vcxproj]
  (compiling source file '/vk_rendertarget_phase_forward.cpp')
  
C:\Users\egorb\OneDrive\Documentos\GitHub\xray-monolith\src\xrcdb\ispatial.h(153,9): warning C4311: '<function-style-cast>': pointer truncation from 'ISpatial_NODE *' to 'ISpatial_NODE::ptrt' [C:\Users\egorb\OneDrive\Documentos\GitHub\xray-monolith\src\Layers\xrRenderVulkan\xrRender_Vulkan.vcxproj]
  (compiling source file '/vk_rendertarget_phase_forward.cpp')
  
C:\Users\egorb\OneDrive\Documentos\GitHub\xray-monolith\src\xrcdb\ispatial.h(153,9): warning C4302: '<function-style-cast>': truncation from 'ISpatial_NODE *' to 'ISpatial_NODE::ptrt' [C:\Users\egorb\OneDrive\Documentos\GitHub\xray-monolith\src\Layers\xrRenderVulkan\xrRender_Vulkan.vcxproj]
  (compiling source file '/vk_rendertarget_phase_forward.cpp')
  
C:\Users\egorb\OneDrive\Documentos\GitHub\xray-monolith\src\xrcdb\ispatial.h(153,29): warning C4311: '<function-style-cast>': pointer truncation from 'ISpatial_NODE *' to 'ISpatial_NODE::ptrt' [C:\Users\egorb\OneDrive\Documentos\GitHub\xray-monolith\src\Layers\xrRenderVulkan\xrRender_Vulkan.vcxproj]
  (compiling source file '/vk_rendertarget_phase_forward.cpp')
  
C:\Users\egorb\OneDrive\Documentos\GitHub\xray-monolith\src\xrcdb\ispatial.h(153,29): warning C4302: '<function-style-cast>': truncation from 'ISpatial_NODE *' to 'ISpatial_NODE::ptrt' [C:\Users\egorb\OneDrive\Documentos\GitHub\xray-monolith\src\Layers\xrRenderVulkan\xrRender_Vulkan.vcxproj]
  (compiling source file '/vk_rendertarget_phase_forward.cpp')
  
C:\Users\egorb\OneDrive\Documentos\GitHub\xray-monolith\src\xrcdb\ispatial.h(154,9): warning C4311: '<function-style-cast>': pointer truncation from 'ISpatial_NODE *' to 'ISpatial_NODE::ptrt' [C:\Users\egorb\OneDrive\Documentos\GitHub\xray-monolith\src\Layers\xrRenderVulkan\xrRender_Vulkan.vcxproj]
  (compiling source file '/vk_rendertarget_phase_forward.cpp')
  
C:\Users\egorb\OneDrive\Documentos\GitHub\xray-monolith\src\xrcdb\ispatial.h(154,9): warning C4302: '<function-style-cast>': truncation from 'ISpatial_NODE *' to 'ISpatial_NODE::ptrt' [C:\Users\egorb\OneDrive\Documentos\GitHub\xray-monolith\src\Layers\xrRenderVulkan\xrRender_Vulkan.vcxproj]
  (compiling source file '/vk_rendertarget_phase_forward.cpp')
  
C:\Users\egorb\OneDrive\Documentos\GitHub\xray-monolith\src\xrcdb\ispatial.h(154,29): warning C4311: '<function-style-cast>': pointer truncation from 'ISpatial_NODE *' to 'ISpatial_NODE::ptrt' [C:\Users\egorb\OneDrive\Documentos\GitHub\xray-monolith\src\Layers\xrRenderVulkan\xrRender_Vulkan.vcxproj]
  (compiling source file '/vk_rendertarget_phase_forward.cpp')
  
C:\Users\egorb\OneDrive\Documentos\GitHub\xray-monolith\src\xrcdb\ispatial.h(154,29): warning C4302: '<function-style-cast>': truncation from 'ISpatial_NODE *' to 'ISpatial_NODE::ptrt' [C:\Users\egorb\OneDrive\Documentos\GitHub\xray-monolith\src\Layers\xrRenderVulkan\xrRender_Vulkan.vcxproj]
  (compiling source file '/vk_rendertarget_phase_forward.cpp')
  
C:\Users\egorb\OneDrive\Documentos\GitHub\xray-monolith\src\xrcdb\ispatial.h(151,9): warning C4311: '<function-style-cast>': pointer truncation from 'ISpatial_NODE *' to 'ISpatial_NODE::ptrt' [C:\Users\egorb\OneDrive\Documentos\GitHub\xray-monolith\src\Layers\xrRenderVulkan\xrRender_Vulkan.vcxproj]
  (compiling source file '/vk_sector.cpp')
  
C:\Users\egorb\OneDrive\Documentos\GitHub\xray-monolith\src\xrcdb\ispatial.h(151,9): warning C4302: '<function-style-cast>': truncation from 'ISpatial_NODE *' to 'ISpatial_NODE::ptrt' [C:\Users\egorb\OneDrive\Documentos\GitHub\xray-monolith\src\Layers\xrRenderVulkan\xrRender_Vulkan.vcxproj]
  (compiling source file '/vk_sector.cpp')
  
C:\Users\egorb\OneDrive\Documentos\GitHub\xray-monolith\src\xrcdb\ispatial.h(151,29): warning C4311: '<function-style-cast>': pointer truncation from 'ISpatial_NODE *' to 'ISpatial_NODE::ptrt' [C:\Users\egorb\OneDrive\Documentos\GitHub\xray-monolith\src\Layers\xrRenderVulkan\xrRender_Vulkan.vcxproj]
  (compiling source file '/vk_sector.cpp')
  
C:\Users\egorb\OneDrive\Documentos\GitHub\xray-monolith\src\xrcdb\ispatial.h(151,29): warning C4302: '<function-style-cast>': truncation from 'ISpatial_NODE *' to 'ISpatial_NODE::ptrt' [C:\Users\egorb\OneDrive\Documentos\GitHub\xray-monolith\src\Layers\xrRenderVulkan\xrRender_Vulkan.vcxproj]
  (compiling source file '/vk_sector.cpp')
  
C:\Users\egorb\OneDrive\Documentos\GitHub\xray-monolith\src\xrcdb\ispatial.h(152,9): warning C4311: '<function-style-cast>': pointer truncation from 'ISpatial_NODE *' to 'ISpatial_NODE::ptrt' [C:\Users\egorb\OneDrive\Documentos\GitHub\xray-monolith\src\Layers\xrRenderVulkan\xrRender_Vulkan.vcxproj]
  (compiling source file '/vk_sector.cpp')
  
C:\Users\egorb\OneDrive\Documentos\GitHub\xray-monolith\src\xrcdb\ispatial.h(152,9): warning C4302: '<function-style-cast>': truncation from 'ISpatial_NODE *' to 'ISpatial_NODE::ptrt' [C:\Users\egorb\OneDrive\Documentos\GitHub\xray-monolith\src\Layers\xrRenderVulkan\xrRender_Vulkan.vcxproj]
  (compiling source file '/vk_sector.cpp')
  
C:\Users\egorb\OneDrive\Documentos\GitHub\xray-monolith\src\xrcdb\ispatial.h(152,29): warning C4311: '<function-style-cast>': pointer truncation from 'ISpatial_NODE *' to 'ISpatial_NODE::ptrt' [C:\Users\egorb\OneDrive\Documentos\GitHub\xray-monolith\src\Layers\xrRenderVulkan\xrRender_Vulkan.vcxproj]
  (compiling source file '/vk_sector.cpp')
  
C:\Users\egorb\OneDrive\Documentos\GitHub\xray-monolith\src\xrcdb\ispatial.h(152,29): warning C4302: '<function-style-cast>': truncation from 'ISpatial_NODE *' to 'ISpatial_NODE::ptrt' [C:\Users\egorb\OneDrive\Documentos\GitHub\xray-monolith\src\Layers\xrRenderVulkan\xrRender_Vulkan.vcxproj]
  (compiling source file '/vk_sector.cpp')
  
C:\Users\egorb\OneDrive\Documentos\GitHub\xray-monolith\src\xrcdb\ispatial.h(153,9): warning C4311: '<function-style-cast>': pointer truncation from 'ISpatial_NODE *' to 'ISpatial_NODE::ptrt' [C:\Users\egorb\OneDrive\Documentos\GitHub\xray-monolith\src\Layers\xrRenderVulkan\xrRender_Vulkan.vcxproj]
  (compiling source file '/vk_sector.cpp')
  
C:\Users\egorb\OneDrive\Documentos\GitHub\xray-monolith\src\xrcdb\ispatial.h(153,9): warning C4302: '<function-style-cast>': truncation from 'ISpatial_NODE *' to 'ISpatial_NODE::ptrt' [C:\Users\egorb\OneDrive\Documentos\GitHub\xray-monolith\src\Layers\xrRenderVulkan\xrRender_Vulkan.vcxproj]
  (compiling source file '/vk_sector.cpp')
  
C:\Users\egorb\OneDrive\Documentos\GitHub\xray-monolith\src\xrcdb\ispatial.h(153,29): warning C4311: '<function-style-cast>': pointer truncation from 'ISpatial_NODE *' to 'ISpatial_NODE::ptrt' [C:\Users\egorb\OneDrive\Documentos\GitHub\xray-monolith\src\Layers\xrRenderVulkan\xrRender_Vulkan.vcxproj]
  (compiling source file '/vk_sector.cpp')
  
C:\Users\egorb\OneDrive\Documentos\GitHub\xray-monolith\src\xrcdb\ispatial.h(153,29): warning C4302: '<function-style-cast>': truncation from 'ISpatial_NODE *' to 'ISpatial_NODE::ptrt' [C:\Users\egorb\OneDrive\Documentos\GitHub\xray-monolith\src\Layers\xrRenderVulkan\xrRender_Vulkan.vcxproj]
  (compiling source file '/vk_sector.cpp')
  
C:\Users\egorb\OneDrive\Documentos\GitHub\xray-monolith\src\xrcdb\ispatial.h(154,9): warning C4311: '<function-style-cast>': pointer truncation from 'ISpatial_NODE *' to 'ISpatial_NODE::ptrt' [C:\Users\egorb\OneDrive\Documentos\GitHub\xray-monolith\src\Layers\xrRenderVulkan\xrRender_Vulkan.vcxproj]
  (compiling source file '/vk_sector.cpp')
  
C:\Users\egorb\OneDrive\Documentos\GitHub\xray-monolith\src\xrcdb\ispatial.h(154,9): warning C4302: '<function-style-cast>': truncation from 'ISpatial_NODE *' to 'ISpatial_NODE::ptrt' [C:\Users\egorb\OneDrive\Documentos\GitHub\xray-monolith\src\Layers\xrRenderVulkan\xrRender_Vulkan.vcxproj]
  (compiling source file '/vk_sector.cpp')
  
C:\Users\egorb\OneDrive\Documentos\GitHub\xray-monolith\src\xrcdb\ispatial.h(154,29): warning C4311: '<function-style-cast>': pointer truncation from 'ISpatial_NODE *' to 'ISpatial_NODE::ptrt' [C:\Users\egorb\OneDrive\Documentos\GitHub\xray-monolith\src\Layers\xrRenderVulkan\xrRender_Vulkan.vcxproj]
  (compiling source file '/vk_sector.cpp')
  
C:\Users\egorb\OneDrive\Documentos\GitHub\xray-monolith\src\xrcdb\ispatial.h(154,29): warning C4302: '<function-style-cast>': truncation from 'ISpatial_NODE *' to 'ISpatial_NODE::ptrt' [C:\Users\egorb\OneDrive\Documentos\GitHub\xray-monolith\src\Layers\xrRenderVulkan\xrRender_Vulkan.vcxproj]
  (compiling source file '/vk_sector.cpp')
  
C:\Users\egorb\OneDrive\Documentos\GitHub\xray-monolith\src\xrcdb\ispatial.h(151,9): warning C4311: '<function-style-cast>': pointer truncation from 'ISpatial_NODE *' to 'ISpatial_NODE::ptrt' [C:\Users\egorb\OneDrive\Documentos\GitHub\xray-monolith\src\Layers\xrRenderVulkan\xrRender_Vulkan.vcxproj]
  (compiling source file '/vk_rendertarget_phase_smap.cpp')
  
C:\Users\egorb\OneDrive\Documentos\GitHub\xray-monolith\src\xrcdb\ispatial.h(151,9): warning C4302: '<function-style-cast>': truncation from 'ISpatial_NODE *' to 'ISpatial_NODE::ptrt' [C:\Users\egorb\OneDrive\Documentos\GitHub\xray-monolith\src\Layers\xrRenderVulkan\xrRender_Vulkan.vcxproj]
  (compiling source file '/vk_rendertarget_phase_smap.cpp')
  
C:\Users\egorb\OneDrive\Documentos\GitHub\xray-monolith\src\xrcdb\ispatial.h(151,29): warning C4311: '<function-style-cast>': pointer truncation from 'ISpatial_NODE *' to 'ISpatial_NODE::ptrt' [C:\Users\egorb\OneDrive\Documentos\GitHub\xray-monolith\src\Layers\xrRenderVulkan\xrRender_Vulkan.vcxproj]
  (compiling source file '/vk_rendertarget_phase_smap.cpp')
  
C:\Users\egorb\OneDrive\Documentos\GitHub\xray-monolith\src\xrcdb\ispatial.h(151,29): warning C4302: '<function-style-cast>': truncation from 'ISpatial_NODE *' to 'ISpatial_NODE::ptrt' [C:\Users\egorb\OneDrive\Documentos\GitHub\xray-monolith\src\Layers\xrRenderVulkan\xrRender_Vulkan.vcxproj]
  (compiling source file '/vk_rendertarget_phase_smap.cpp')
  
C:\Users\egorb\OneDrive\Documentos\GitHub\xray-monolith\src\xrcdb\ispatial.h(152,9): warning C4311: '<function-style-cast>': pointer truncation from 'ISpatial_NODE *' to 'ISpatial_NODE::ptrt' [C:\Users\egorb\OneDrive\Documentos\GitHub\xray-monolith\src\Layers\xrRenderVulkan\xrRender_Vulkan.vcxproj]
  (compiling source file '/vk_rendertarget_phase_smap.cpp')
  
C:\Users\egorb\OneDrive\Documentos\GitHub\xray-monolith\src\xrcdb\ispatial.h(152,9): warning C4302: '<function-style-cast>': truncation from 'ISpatial_NODE *' to 'ISpatial_NODE::ptrt' [C:\Users\egorb\OneDrive\Documentos\GitHub\xray-monolith\src\Layers\xrRenderVulkan\xrRender_Vulkan.vcxproj]
  (compiling source file '/vk_rendertarget_phase_smap.cpp')
  
C:\Users\egorb\OneDrive\Documentos\GitHub\xray-monolith\src\xrcdb\ispatial.h(152,29): warning C4311: '<function-style-cast>': pointer truncation from 'ISpatial_NODE *' to 'ISpatial_NODE::ptrt' [C:\Users\egorb\OneDrive\Documentos\GitHub\xray-monolith\src\Layers\xrRenderVulkan\xrRender_Vulkan.vcxproj]
  (compiling source file '/vk_rendertarget_phase_smap.cpp')
  
C:\Users\egorb\OneDrive\Documentos\GitHub\xray-monolith\src\xrcdb\ispatial.h(152,29): warning C4302: '<function-style-cast>': truncation from 'ISpatial_NODE *' to 'ISpatial_NODE::ptrt' [C:\Users\egorb\OneDrive\Documentos\GitHub\xray-monolith\src\Layers\xrRenderVulkan\xrRender_Vulkan.vcxproj]
  (compiling source file '/vk_rendertarget_phase_smap.cpp')
  
C:\Users\egorb\OneDrive\Documentos\GitHub\xray-monolith\src\xrcdb\ispatial.h(153,9): warning C4311: '<function-style-cast>': pointer truncation from 'ISpatial_NODE *' to 'ISpatial_NODE::ptrt' [C:\Users\egorb\OneDrive\Documentos\GitHub\xray-monolith\src\Layers\xrRenderVulkan\xrRender_Vulkan.vcxproj]
  (compiling source file '/vk_rendertarget_phase_smap.cpp')
  
C:\Users\egorb\OneDrive\Documentos\GitHub\xray-monolith\src\xrcdb\ispatial.h(153,9): warning C4302: '<function-style-cast>': truncation from 'ISpatial_NODE *' to 'ISpatial_NODE::ptrt' [C:\Users\egorb\OneDrive\Documentos\GitHub\xray-monolith\src\Layers\xrRenderVulkan\xrRender_Vulkan.vcxproj]
  (compiling source file '/vk_rendertarget_phase_smap.cpp')
  
C:\Users\egorb\OneDrive\Documentos\GitHub\xray-monolith\src\xrcdb\ispatial.h(153,29): warning C4311: '<function-style-cast>': pointer truncation from 'ISpatial_NODE *' to 'ISpatial_NODE::ptrt' [C:\Users\egorb\OneDrive\Documentos\GitHub\xray-monolith\src\Layers\xrRenderVulkan\xrRender_Vulkan.vcxproj]
  (compiling source file '/vk_rendertarget_phase_smap.cpp')
  
C:\Users\egorb\OneDrive\Documentos\GitHub\xray-monolith\src\xrcdb\ispatial.h(153,29): warning C4302: '<function-style-cast>': truncation from 'ISpatial_NODE *' to 'ISpatial_NODE::ptrt' [C:\Users\egorb\OneDrive\Documentos\GitHub\xray-monolith\src\Layers\xrRenderVulkan\xrRender_Vulkan.vcxproj]
  (compiling source file '/vk_rendertarget_phase_smap.cpp')
  
C:\Users\egorb\OneDrive\Documentos\GitHub\xray-monolith\src\xrcdb\ispatial.h(154,9): warning C4311: '<function-style-cast>': pointer truncation from 'ISpatial_NODE *' to 'ISpatial_NODE::ptrt' [C:\Users\egorb\OneDrive\Documentos\GitHub\xray-monolith\src\Layers\xrRenderVulkan\xrRender_Vulkan.vcxproj]
  (compiling source file '/vk_rendertarget_phase_smap.cpp')
  
C:\Users\egorb\OneDrive\Documentos\GitHub\xray-monolith\src\xrcdb\ispatial.h(154,9): warning C4302: '<function-style-cast>': truncation from 'ISpatial_NODE *' to 'ISpatial_NODE::ptrt' [C:\Users\egorb\OneDrive\Documentos\GitHub\xray-monolith\src\Layers\xrRenderVulkan\xrRender_Vulkan.vcxproj]
  (compiling source file '/vk_rendertarget_phase_smap.cpp')
  
C:\Users\egorb\OneDrive\Documentos\GitHub\xray-monolith\src\xrcdb\ispatial.h(154,29): warning C4311: '<function-style-cast>': pointer truncation from 'ISpatial_NODE *' to 'ISpatial_NODE::ptrt' [C:\Users\egorb\OneDrive\Documentos\GitHub\xray-monolith\src\Layers\xrRenderVulkan\xrRender_Vulkan.vcxproj]
  (compiling source file '/vk_rendertarget_phase_smap.cpp')
  
C:\Users\egorb\OneDrive\Documentos\GitHub\xray-monolith\src\xrcdb\ispatial.h(154,29): warning C4302: '<function-style-cast>': truncation from 'ISpatial_NODE *' to 'ISpatial_NODE::ptrt' [C:\Users\egorb\OneDrive\Documentos\GitHub\xray-monolith\src\Layers\xrRenderVulkan\xrRender_Vulkan.vcxproj]
  (compiling source file '/vk_rendertarget_phase_smap.cpp')
  
C:\Users\egorb\OneDrive\Documentos\GitHub\xray-monolith\src\3rd party\tbb\task.h(55,36): warning C4995: 'free': name was marked as #pragma deprecated [C:\Users\egorb\OneDrive\Documentos\GitHub\xray-monolith\src\Layers\xrRenderVulkan\xrRender_Vulkan.vcxproj]
  (compiling source file '/vk_HOM.cpp')
  
C:\Users\egorb\OneDrive\Documentos\GitHub\xray-monolith\src\3rd party\tbb\task.h(149,36): warning C4995: 'free': name was marked as #pragma deprecated [C:\Users\egorb\OneDrive\Documentos\GitHub\xray-monolith\src\Layers\xrRenderVulkan\xrRender_Vulkan.vcxproj]
  (compiling source file '/vk_HOM.cpp')
  
C:\Users\egorb\OneDrive\Documentos\GitHub\xray-monolith\src\3rd party\tbb\task.h(156,41): warning C4995: 'free': name was marked as #pragma deprecated [C:\Users\egorb\OneDrive\Documentos\GitHub\xray-monolith\src\Layers\xrRenderVulkan\xrRender_Vulkan.vcxproj]
  (compiling source file '/vk_HOM.cpp')
  
C:\Users\egorb\OneDrive\Documentos\GitHub\xray-monolith\src\3rd party\tbb\task.h(162,36): warning C4995: 'free': name was marked as #pragma deprecated [C:\Users\egorb\OneDrive\Documentos\GitHub\xray-monolith\src\Layers\xrRenderVulkan\xrRender_Vulkan.vcxproj]
  (compiling source file '/vk_HOM.cpp')
  
C:\Users\egorb\OneDrive\Documentos\GitHub\xray-monolith\src\3rd party\tbb\task.h(168,36): warning C4995: 'free': name was marked as #pragma deprecated [C:\Users\egorb\OneDrive\Documentos\GitHub\xray-monolith\src\Layers\xrRenderVulkan\xrRender_Vulkan.vcxproj]
  (compiling source file '/vk_HOM.cpp')
  
C:\Users\egorb\OneDrive\Documentos\GitHub\xray-monolith\src\3rd party\tbb\task.h(1138,41): warning C4995: 'free': name was marked as #pragma deprecated [C:\Users\egorb\OneDrive\Documentos\GitHub\xray-monolith\src\Layers\xrRenderVulkan\xrRender_Vulkan.vcxproj]
  (compiling source file '/vk_HOM.cpp')
  
C:\Users\egorb\OneDrive\Documentos\GitHub\xray-monolith\src\3rd party\tbb\task.h(1147,7): warning C4995: 'free': name was marked as #pragma deprecated [C:\Users\egorb\OneDrive\Documentos\GitHub\xray-monolith\src\Layers\xrRenderVulkan\xrRender_Vulkan.vcxproj]
  (compiling source file '/vk_HOM.cpp')
  
C:\Users\egorb\OneDrive\Documentos\GitHub\xray-monolith\src\3rd party\tbb\task.h(1156,7): warning C4995: 'free': name was marked as #pragma deprecated [C:\Users\egorb\OneDrive\Documentos\GitHub\xray-monolith\src\Layers\xrRenderVulkan\xrRender_Vulkan.vcxproj]
  (compiling source file '/vk_HOM.cpp')
  
C:\Users\egorb\OneDrive\Documentos\GitHub\xray-monolith\src\3rd party\tbb\task.h(1164,7): warning C4995: 'free': name was marked as #pragma deprecated [C:\Users\egorb\OneDrive\Documentos\GitHub\xray-monolith\src\Layers\xrRenderVulkan\xrRender_Vulkan.vcxproj]
  (compiling source file '/vk_HOM.cpp')
  
C:\Users\egorb\OneDrive\Documentos\GitHub\xray-monolith\src\3rd party\tbb\task.h(1172,7): warning C4995: 'free': name was marked as #pragma deprecated [C:\Users\egorb\OneDrive\Documentos\GitHub\xray-monolith\src\Layers\xrRenderVulkan\xrRender_Vulkan.vcxproj]
  (compiling source file '/vk_HOM.cpp')
  
C:\Users\egorb\OneDrive\Documentos\GitHub\xray-monolith\src\3rd party\tbb\tbb_allocator.h(173,14): warning C4995: 'memset': name was marked as #pragma deprecated [C:\Users\egorb\OneDrive\Documentos\GitHub\xray-monolith\src\Layers\xrRenderVulkan\xrRender_Vulkan.vcxproj]
  (compiling source file '/vk_HOM.cpp')
  
  vk_rendertarget_accum_direct.cpp
C:\Users\egorb\OneDrive\Documentos\GitHub\xray-monolith\src\xrcdb\ispatial.h(151,9): warning C4311: '<function-style-cast>': pointer truncation from 'ISpatial_NODE *' to 'ISpatial_NODE::ptrt' [C:\Users\egorb\OneDrive\Documentos\GitHub\xray-monolith\src\Layers\xrRenderVulkan\xrRender_Vulkan.vcxproj]
  (compiling source file '/vk_rendertarget_descriptors.cpp')
  
C:\Users\egorb\OneDrive\Documentos\GitHub\xray-monolith\src\xrcdb\ispatial.h(151,9): warning C4302: '<function-style-cast>': truncation from 'ISpatial_NODE *' to 'ISpatial_NODE::ptrt' [C:\Users\egorb\OneDrive\Documentos\GitHub\xray-monolith\src\Layers\xrRenderVulkan\xrRender_Vulkan.vcxproj]
  (compiling source file '/vk_rendertarget_descriptors.cpp')
  
C:\Users\egorb\OneDrive\Documentos\GitHub\xray-monolith\src\xrcdb\ispatial.h(151,29): warning C4311: '<function-style-cast>': pointer truncation from 'ISpatial_NODE *' to 'ISpatial_NODE::ptrt' [C:\Users\egorb\OneDrive\Documentos\GitHub\xray-monolith\src\Layers\xrRenderVulkan\xrRender_Vulkan.vcxproj]
  (compiling source file '/vk_rendertarget_descriptors.cpp')
  
C:\Users\egorb\OneDrive\Documentos\GitHub\xray-monolith\src\xrcdb\ispatial.h(151,29): warning C4302: '<function-style-cast>': truncation from 'ISpatial_NODE *' to 'ISpatial_NODE::ptrt' [C:\Users\egorb\OneDrive\Documentos\GitHub\xray-monolith\src\Layers\xrRenderVulkan\xrRender_Vulkan.vcxproj]
  (compiling source file '/vk_rendertarget_descriptors.cpp')
  
C:\Users\egorb\OneDrive\Documentos\GitHub\xray-monolith\src\xrcdb\ispatial.h(152,9): warning C4311: '<function-style-cast>': pointer truncation from 'ISpatial_NODE *' to 'ISpatial_NODE::ptrt' [C:\Users\egorb\OneDrive\Documentos\GitHub\xray-monolith\src\Layers\xrRenderVulkan\xrRender_Vulkan.vcxproj]
  (compiling source file '/vk_rendertarget_descriptors.cpp')
  
C:\Users\egorb\OneDrive\Documentos\GitHub\xray-monolith\src\xrcdb\ispatial.h(152,9): warning C4302: '<function-style-cast>': truncation from 'ISpatial_NODE *' to 'ISpatial_NODE::ptrt' [C:\Users\egorb\OneDrive\Documentos\GitHub\xray-monolith\src\Layers\xrRenderVulkan\xrRender_Vulkan.vcxproj]
  (compiling source file '/vk_rendertarget_descriptors.cpp')
  
C:\Users\egorb\OneDrive\Documentos\GitHub\xray-monolith\src\xrcdb\ispatial.h(152,29): warning C4311: '<function-style-cast>': pointer truncation from 'ISpatial_NODE *' to 'ISpatial_NODE::ptrt' [C:\Users\egorb\OneDrive\Documentos\GitHub\xray-monolith\src\Layers\xrRenderVulkan\xrRender_Vulkan.vcxproj]
  (compiling source file '/vk_rendertarget_descriptors.cpp')
  
C:\Users\egorb\OneDrive\Documentos\GitHub\xray-monolith\src\xrcdb\ispatial.h(152,29): warning C4302: '<function-style-cast>': truncation from 'ISpatial_NODE *' to 'ISpatial_NODE::ptrt' [C:\Users\egorb\OneDrive\Documentos\GitHub\xray-monolith\src\Layers\xrRenderVulkan\xrRender_Vulkan.vcxproj]
  (compiling source file '/vk_rendertarget_descriptors.cpp')
  
C:\Users\egorb\OneDrive\Documentos\GitHub\xray-monolith\src\xrcdb\ispatial.h(153,9): warning C4311: '<function-style-cast>': pointer truncation from 'ISpatial_NODE *' to 'ISpatial_NODE::ptrt' [C:\Users\egorb\OneDrive\Documentos\GitHub\xray-monolith\src\Layers\xrRenderVulkan\xrRender_Vulkan.vcxproj]
  (compiling source file '/vk_rendertarget_descriptors.cpp')
  
C:\Users\egorb\OneDrive\Documentos\GitHub\xray-monolith\src\xrcdb\ispatial.h(153,9): warning C4302: '<function-style-cast>': truncation from 'ISpatial_NODE *' to 'ISpatial_NODE::ptrt' [C:\Users\egorb\OneDrive\Documentos\GitHub\xray-monolith\src\Layers\xrRenderVulkan\xrRender_Vulkan.vcxproj]
  (compiling source file '/vk_rendertarget_descriptors.cpp')
  
C:\Users\egorb\OneDrive\Documentos\GitHub\xray-monolith\src\xrcdb\ispatial.h(153,29): warning C4311: '<function-style-cast>': pointer truncation from 'ISpatial_NODE *' to 'ISpatial_NODE::ptrt' [C:\Users\egorb\OneDrive\Documentos\GitHub\xray-monolith\src\Layers\xrRenderVulkan\xrRender_Vulkan.vcxproj]
  (compiling source file '/vk_rendertarget_descriptors.cpp')
  
C:\Users\egorb\OneDrive\Documentos\GitHub\xray-monolith\src\xrcdb\ispatial.h(153,29): warning C4302: '<function-style-cast>': truncation from 'ISpatial_NODE *' to 'ISpatial_NODE::ptrt' [C:\Users\egorb\OneDrive\Documentos\GitHub\xray-monolith\src\Layers\xrRenderVulkan\xrRender_Vulkan.vcxproj]
  (compiling source file '/vk_rendertarget_descriptors.cpp')
  
C:\Users\egorb\OneDrive\Documentos\GitHub\xray-monolith\src\xrcdb\ispatial.h(154,9): warning C4311: '<function-style-cast>': pointer truncation from 'ISpatial_NODE *' to 'ISpatial_NODE::ptrt' [C:\Users\egorb\OneDrive\Documentos\GitHub\xray-monolith\src\Layers\xrRenderVulkan\xrRender_Vulkan.vcxproj]
  (compiling source file '/vk_rendertarget_descriptors.cpp')
  
C:\Users\egorb\OneDrive\Documentos\GitHub\xray-monolith\src\xrcdb\ispatial.h(154,9): warning C4302: '<function-style-cast>': truncation from 'ISpatial_NODE *' to 'ISpatial_NODE::ptrt' [C:\Users\egorb\OneDrive\Documentos\GitHub\xray-monolith\src\Layers\xrRenderVulkan\xrRender_Vulkan.vcxproj]
  (compiling source file '/vk_rendertarget_descriptors.cpp')
  
C:\Users\egorb\OneDrive\Documentos\GitHub\xray-monolith\src\xrcdb\ispatial.h(154,29): warning C4311: '<function-style-cast>': pointer truncation from 'ISpatial_NODE *' to 'ISpatial_NODE::ptrt' [C:\Users\egorb\OneDrive\Documentos\GitHub\xray-monolith\src\Layers\xrRenderVulkan\xrRender_Vulkan.vcxproj]
  (compiling source file '/vk_rendertarget_descriptors.cpp')
  
C:\Users\egorb\OneDrive\Documentos\GitHub\xray-monolith\src\xrcdb\ispatial.h(154,29): warning C4302: '<function-style-cast>': truncation from 'ISpatial_NODE *' to 'ISpatial_NODE::ptrt' [C:\Users\egorb\OneDrive\Documentos\GitHub\xray-monolith\src\Layers\xrRenderVulkan\xrRender_Vulkan.vcxproj]
  (compiling source file '/vk_rendertarget_descriptors.cpp')
  
  vk_rendertarget_accum_cascades.cpp
C:\Users\egorb\OneDrive\Documentos\GitHub\xray-monolith\src\xrcdb\ispatial.h(151,9): warning C4311: '<function-style-cast>': pointer truncation from 'ISpatial_NODE *' to 'ISpatial_NODE::ptrt' [C:\Users\egorb\OneDrive\Documentos\GitHub\xray-monolith\src\Layers\xrRenderVulkan\xrRender_Vulkan.vcxproj]
  (compiling source file '/vk_rendertarget_accum_direct.cpp')
  
C:\Users\egorb\OneDrive\Documentos\GitHub\xray-monolith\src\xrcdb\ispatial.h(151,9): warning C4302: '<function-style-cast>': truncation from 'ISpatial_NODE *' to 'ISpatial_NODE::ptrt' [C:\Users\egorb\OneDrive\Documentos\GitHub\xray-monolith\src\Layers\xrRenderVulkan\xrRender_Vulkan.vcxproj]
  (compiling source file '/vk_rendertarget_accum_direct.cpp')
  
C:\Users\egorb\OneDrive\Documentos\GitHub\xray-monolith\src\xrcdb\ispatial.h(151,29): warning C4311: '<function-style-cast>': pointer truncation from 'ISpatial_NODE *' to 'ISpatial_NODE::ptrt' [C:\Users\egorb\OneDrive\Documentos\GitHub\xray-monolith\src\Layers\xrRenderVulkan\xrRender_Vulkan.vcxproj]
  (compiling source file '/vk_rendertarget_accum_direct.cpp')
  
C:\Users\egorb\OneDrive\Documentos\GitHub\xray-monolith\src\xrcdb\ispatial.h(151,29): warning C4302: '<function-style-cast>': truncation from 'ISpatial_NODE *' to 'ISpatial_NODE::ptrt' [C:\Users\egorb\OneDrive\Documentos\GitHub\xray-monolith\src\Layers\xrRenderVulkan\xrRender_Vulkan.vcxproj]
  (compiling source file '/vk_rendertarget_accum_direct.cpp')
  
C:\Users\egorb\OneDrive\Documentos\GitHub\xray-monolith\src\xrcdb\ispatial.h(152,9): warning C4311: '<function-style-cast>': pointer truncation from 'ISpatial_NODE *' to 'ISpatial_NODE::ptrt' [C:\Users\egorb\OneDrive\Documentos\GitHub\xray-monolith\src\Layers\xrRenderVulkan\xrRender_Vulkan.vcxproj]
  (compiling source file '/vk_rendertarget_accum_direct.cpp')
  
C:\Users\egorb\OneDrive\Documentos\GitHub\xray-monolith\src\xrcdb\ispatial.h(152,9): warning C4302: '<function-style-cast>': truncation from 'ISpatial_NODE *' to 'ISpatial_NODE::ptrt' [C:\Users\egorb\OneDrive\Documentos\GitHub\xray-monolith\src\Layers\xrRenderVulkan\xrRender_Vulkan.vcxproj]
  (compiling source file '/vk_rendertarget_accum_direct.cpp')
  
C:\Users\egorb\OneDrive\Documentos\GitHub\xray-monolith\src\xrcdb\ispatial.h(152,29): warning C4311: '<function-style-cast>': pointer truncation from 'ISpatial_NODE *' to 'ISpatial_NODE::ptrt' [C:\Users\egorb\OneDrive\Documentos\GitHub\xray-monolith\src\Layers\xrRenderVulkan\xrRender_Vulkan.vcxproj]
  (compiling source file '/vk_rendertarget_accum_direct.cpp')
  
C:\Users\egorb\OneDrive\Documentos\GitHub\xray-monolith\src\xrcdb\ispatial.h(152,29): warning C4302: '<function-style-cast>': truncation from 'ISpatial_NODE *' to 'ISpatial_NODE::ptrt' [C:\Users\egorb\OneDrive\Documentos\GitHub\xray-monolith\src\Layers\xrRenderVulkan\xrRender_Vulkan.vcxproj]
  (compiling source file '/vk_rendertarget_accum_direct.cpp')
  
C:\Users\egorb\OneDrive\Documentos\GitHub\xray-monolith\src\xrcdb\ispatial.h(153,9): warning C4311: '<function-style-cast>': pointer truncation from 'ISpatial_NODE *' to 'ISpatial_NODE::ptrt' [C:\Users\egorb\OneDrive\Documentos\GitHub\xray-monolith\src\Layers\xrRenderVulkan\xrRender_Vulkan.vcxproj]
  (compiling source file '/vk_rendertarget_accum_direct.cpp')
  
C:\Users\egorb\OneDrive\Documentos\GitHub\xray-monolith\src\xrcdb\ispatial.h(153,9): warning C4302: '<function-style-cast>': truncation from 'ISpatial_NODE *' to 'ISpatial_NODE::ptrt' [C:\Users\egorb\OneDrive\Documentos\GitHub\xray-monolith\src\Layers\xrRenderVulkan\xrRender_Vulkan.vcxproj]
  (compiling source file '/vk_rendertarget_accum_direct.cpp')
  
C:\Users\egorb\OneDrive\Documentos\GitHub\xray-monolith\src\xrcdb\ispatial.h(153,29): warning C4311: '<function-style-cast>': pointer truncation from 'ISpatial_NODE *' to 'ISpatial_NODE::ptrt' [C:\Users\egorb\OneDrive\Documentos\GitHub\xray-monolith\src\Layers\xrRenderVulkan\xrRender_Vulkan.vcxproj]
  (compiling source file '/vk_rendertarget_accum_direct.cpp')
  
C:\Users\egorb\OneDrive\Documentos\GitHub\xray-monolith\src\xrcdb\ispatial.h(153,29): warning C4302: '<function-style-cast>': truncation from 'ISpatial_NODE *' to 'ISpatial_NODE::ptrt' [C:\Users\egorb\OneDrive\Documentos\GitHub\xray-monolith\src\Layers\xrRenderVulkan\xrRender_Vulkan.vcxproj]
  (compiling source file '/vk_rendertarget_accum_direct.cpp')
  
C:\Users\egorb\OneDrive\Documentos\GitHub\xray-monolith\src\xrcdb\ispatial.h(154,9): warning C4311: '<function-style-cast>': pointer truncation from 'ISpatial_NODE *' to 'ISpatial_NODE::ptrt' [C:\Users\egorb\OneDrive\Documentos\GitHub\xray-monolith\src\Layers\xrRenderVulkan\xrRender_Vulkan.vcxproj]
  (compiling source file '/vk_rendertarget_accum_direct.cpp')
  
C:\Users\egorb\OneDrive\Documentos\GitHub\xray-monolith\src\xrcdb\ispatial.h(154,9): warning C4302: '<function-style-cast>': truncation from 'ISpatial_NODE *' to 'ISpatial_NODE::ptrt' [C:\Users\egorb\OneDrive\Documentos\GitHub\xray-monolith\src\Layers\xrRenderVulkan\xrRender_Vulkan.vcxproj]
  (compiling source file '/vk_rendertarget_accum_direct.cpp')
  
C:\Users\egorb\OneDrive\Documentos\GitHub\xray-monolith\src\xrcdb\ispatial.h(154,29): warning C4311: '<function-style-cast>': pointer truncation from 'ISpatial_NODE *' to 'ISpatial_NODE::ptrt' [C:\Users\egorb\OneDrive\Documentos\GitHub\xray-monolith\src\Layers\xrRenderVulkan\xrRender_Vulkan.vcxproj]
  (compiling source file '/vk_rendertarget_accum_direct.cpp')
  
C:\Users\egorb\OneDrive\Documentos\GitHub\xray-monolith\src\xrcdb\ispatial.h(154,29): warning C4302: '<function-style-cast>': truncation from 'ISpatial_NODE *' to 'ISpatial_NODE::ptrt' [C:\Users\egorb\OneDrive\Documentos\GitHub\xray-monolith\src\Layers\xrRenderVulkan\xrRender_Vulkan.vcxproj]
  (compiling source file '/vk_rendertarget_accum_direct.cpp')
  
C:\Users\egorb\OneDrive\Documentos\GitHub\xray-monolith\src\Layers\xrRenderVulkan\rvk.h(27,9): warning C4348: 'intrusive_ptr': redefinition of default parameter: parameter 2 [C:\Users\egorb\OneDrive\Documentos\GitHub\xray-monolith\src\Layers\xrRenderVulkan\xrRender_Vulkan.vcxproj]
  (compiling source file '/rvk.cpp')
      C:\Users\egorb\OneDrive\Documentos\GitHub\xray-monolith\src\xrCore\intrusive_ptr.h(39,7):
      see declaration of 'intrusive_ptr'
  
C:\Users\egorb\OneDrive\Documentos\GitHub\xray-monolith\src\xrcdb\ispatial.h(151,9): warning C4311: '<function-style-cast>': pointer truncation from 'ISpatial_NODE *' to 'ISpatial_NODE::ptrt' [C:\Users\egorb\OneDrive\Documentos\GitHub\xray-monolith\src\Layers\xrRenderVulkan\xrRender_Vulkan.vcxproj]
  (compiling source file '/vk_rendertarget_accum_cascades.cpp')
  
C:\Users\egorb\OneDrive\Documentos\GitHub\xray-monolith\src\xrcdb\ispatial.h(151,9): warning C4302: '<function-style-cast>': truncation from 'ISpatial_NODE *' to 'ISpatial_NODE::ptrt' [C:\Users\egorb\OneDrive\Documentos\GitHub\xray-monolith\src\Layers\xrRenderVulkan\xrRender_Vulkan.vcxproj]
  (compiling source file '/vk_rendertarget_accum_cascades.cpp')
  
C:\Users\egorb\OneDrive\Documentos\GitHub\xray-monolith\src\xrcdb\ispatial.h(151,29): warning C4311: '<function-style-cast>': pointer truncation from 'ISpatial_NODE *' to 'ISpatial_NODE::ptrt' [C:\Users\egorb\OneDrive\Documentos\GitHub\xray-monolith\src\Layers\xrRenderVulkan\xrRender_Vulkan.vcxproj]
  (compiling source file '/vk_rendertarget_accum_cascades.cpp')
  
C:\Users\egorb\OneDrive\Documentos\GitHub\xray-monolith\src\xrcdb\ispatial.h(151,29): warning C4302: '<function-style-cast>': truncation from 'ISpatial_NODE *' to 'ISpatial_NODE::ptrt' [C:\Users\egorb\OneDrive\Documentos\GitHub\xray-monolith\src\Layers\xrRenderVulkan\xrRender_Vulkan.vcxproj]
  (compiling source file '/vk_rendertarget_accum_cascades.cpp')
  
C:\Users\egorb\OneDrive\Documentos\GitHub\xray-monolith\src\xrcdb\ispatial.h(152,9): warning C4311: '<function-style-cast>': pointer truncation from 'ISpatial_NODE *' to 'ISpatial_NODE::ptrt' [C:\Users\egorb\OneDrive\Documentos\GitHub\xray-monolith\src\Layers\xrRenderVulkan\xrRender_Vulkan.vcxproj]
  (compiling source file '/vk_rendertarget_accum_cascades.cpp')
  
C:\Users\egorb\OneDrive\Documentos\GitHub\xray-monolith\src\xrcdb\ispatial.h(152,9): warning C4302: '<function-style-cast>': truncation from 'ISpatial_NODE *' to 'ISpatial_NODE::ptrt' [C:\Users\egorb\OneDrive\Documentos\GitHub\xray-monolith\src\Layers\xrRenderVulkan\xrRender_Vulkan.vcxproj]
  (compiling source file '/vk_rendertarget_accum_cascades.cpp')
  
C:\Users\egorb\OneDrive\Documentos\GitHub\xray-monolith\src\xrcdb\ispatial.h(152,29): warning C4311: '<function-style-cast>': pointer truncation from 'ISpatial_NODE *' to 'ISpatial_NODE::ptrt' [C:\Users\egorb\OneDrive\Documentos\GitHub\xray-monolith\src\Layers\xrRenderVulkan\xrRender_Vulkan.vcxproj]
  (compiling source file '/vk_rendertarget_accum_cascades.cpp')
  
C:\Users\egorb\OneDrive\Documentos\GitHub\xray-monolith\src\xrcdb\ispatial.h(152,29): warning C4302: '<function-style-cast>': truncation from 'ISpatial_NODE *' to 'ISpatial_NODE::ptrt' [C:\Users\egorb\OneDrive\Documentos\GitHub\xray-monolith\src\Layers\xrRenderVulkan\xrRender_Vulkan.vcxproj]
  (compiling source file '/vk_rendertarget_accum_cascades.cpp')
  
C:\Users\egorb\OneDrive\Documentos\GitHub\xray-monolith\src\xrcdb\ispatial.h(153,9): warning C4311: '<function-style-cast>': pointer truncation from 'ISpatial_NODE *' to 'ISpatial_NODE::ptrt' [C:\Users\egorb\OneDrive\Documentos\GitHub\xray-monolith\src\Layers\xrRenderVulkan\xrRender_Vulkan.vcxproj]
  (compiling source file '/vk_rendertarget_accum_cascades.cpp')
  
C:\Users\egorb\OneDrive\Documentos\GitHub\xray-monolith\src\xrcdb\ispatial.h(153,9): warning C4302: '<function-style-cast>': truncation from 'ISpatial_NODE *' to 'ISpatial_NODE::ptrt' [C:\Users\egorb\OneDrive\Documentos\GitHub\xray-monolith\src\Layers\xrRenderVulkan\xrRender_Vulkan.vcxproj]
  (compiling source file '/vk_rendertarget_accum_cascades.cpp')
  
C:\Users\egorb\OneDrive\Documentos\GitHub\xray-monolith\src\xrcdb\ispatial.h(153,29): warning C4311: '<function-style-cast>': pointer truncation from 'ISpatial_NODE *' to 'ISpatial_NODE::ptrt' [C:\Users\egorb\OneDrive\Documentos\GitHub\xray-monolith\src\Layers\xrRenderVulkan\xrRender_Vulkan.vcxproj]
  (compiling source file '/vk_rendertarget_accum_cascades.cpp')
  
C:\Users\egorb\OneDrive\Documentos\GitHub\xray-monolith\src\xrcdb\ispatial.h(153,29): warning C4302: '<function-style-cast>': truncation from 'ISpatial_NODE *' to 'ISpatial_NODE::ptrt' [C:\Users\egorb\OneDrive\Documentos\GitHub\xray-monolith\src\Layers\xrRenderVulkan\xrRender_Vulkan.vcxproj]
  (compiling source file '/vk_rendertarget_accum_cascades.cpp')
  
C:\Users\egorb\OneDrive\Documentos\GitHub\xray-monolith\src\xrcdb\ispatial.h(154,9): warning C4311: '<function-style-cast>': pointer truncation from 'ISpatial_NODE *' to 'ISpatial_NODE::ptrt' [C:\Users\egorb\OneDrive\Documentos\GitHub\xray-monolith\src\Layers\xrRenderVulkan\xrRender_Vulkan.vcxproj]
  (compiling source file '/vk_rendertarget_accum_cascades.cpp')
  
C:\Users\egorb\OneDrive\Documentos\GitHub\xray-monolith\src\xrcdb\ispatial.h(154,9): warning C4302: '<function-style-cast>': truncation from 'ISpatial_NODE *' to 'ISpatial_NODE::ptrt' [C:\Users\egorb\OneDrive\Documentos\GitHub\xray-monolith\src\Layers\xrRenderVulkan\xrRender_Vulkan.vcxproj]
  (compiling source file '/vk_rendertarget_accum_cascades.cpp')
  
C:\Users\egorb\OneDrive\Documentos\GitHub\xray-monolith\src\xrcdb\ispatial.h(154,29): warning C4311: '<function-style-cast>': pointer truncation from 'ISpatial_NODE *' to 'ISpatial_NODE::ptrt' [C:\Users\egorb\OneDrive\Documentos\GitHub\xray-monolith\src\Layers\xrRenderVulkan\xrRender_Vulkan.vcxproj]
  (compiling source file '/vk_rendertarget_accum_cascades.cpp')
  
C:\Users\egorb\OneDrive\Documentos\GitHub\xray-monolith\src\xrcdb\ispatial.h(154,29): warning C4302: '<function-style-cast>': truncation from 'ISpatial_NODE *' to 'ISpatial_NODE::ptrt' [C:\Users\egorb\OneDrive\Documentos\GitHub\xray-monolith\src\Layers\xrRenderVulkan\xrRender_Vulkan.vcxproj]
  (compiling source file '/vk_rendertarget_accum_cascades.cpp')
  
  vk_rendertarget_accum_point.cpp
  vk_rendertarget_accum_spot.cpp
C:\Users\egorb\OneDrive\Documentos\GitHub\xray-monolith\src\Layers\xrRenderVulkan\rvk.h(27,9): warning C4348: 'intrusive_ptr': redefinition of default parameter: parameter 2 [C:\Users\egorb\OneDrive\Documentos\GitHub\xray-monolith\src\Layers\xrRenderVulkan\xrRender_Vulkan.vcxproj]
  (compiling source file '/vk_Visual.cpp')
      C:\Users\egorb\OneDrive\Documentos\GitHub\xray-monolith\src\xrCore\intrusive_ptr.h(39,7):
      see declaration of 'intrusive_ptr'
  
C:\Users\egorb\OneDrive\Documentos\GitHub\xray-monolith\src\Layers\xrRenderVulkan\rvk.h(27,9): warning C4348: 'intrusive_ptr': redefinition of default parameter: parameter 2 [C:\Users\egorb\OneDrive\Documentos\GitHub\xray-monolith\src\Layers\xrRenderVulkan\xrRender_Vulkan.vcxproj]
  (compiling source file '/vk_ModelPool.cpp')
      C:\Users\egorb\OneDrive\Documentos\GitHub\xray-monolith\src\xrCore\intrusive_ptr.h(39,7):
      see declaration of 'intrusive_ptr'
  
  vk_light_volume.cpp
C:\Users\egorb\OneDrive\Documentos\GitHub\xray-monolith\src\Layers\xrRenderVulkan\rvk.h(27,9): warning C4348: 'intrusive_ptr': redefinition of default parameter: parameter 2 [C:\Users\egorb\OneDrive\Documentos\GitHub\xray-monolith\src\Layers\xrRenderVulkan\xrRender_Vulkan.vcxproj]
  (compiling source file '/rvk_loader.cpp')
      C:\Users\egorb\OneDrive\Documentos\GitHub\xray-monolith\src\xrCore\intrusive_ptr.h(39,7):
      see declaration of 'intrusive_ptr'
  
C:\Users\egorb\OneDrive\Documentos\GitHub\xray-monolith\src\Layers\xrRenderVulkan\rvk.h(27,9): warning C4348: 'intrusive_ptr': redefinition of default parameter: parameter 2 [C:\Users\egorb\OneDrive\Documentos\GitHub\xray-monolith\src\Layers\xrRenderVulkan\xrRender_Vulkan.vcxproj]
  (compiling source file '/xrRender_Vulkan.cpp')
      C:\Users\egorb\OneDrive\Documentos\GitHub\xray-monolith\src\xrCore\intrusive_ptr.h(39,7):
      see declaration of 'intrusive_ptr'
  
C:\Users\egorb\OneDrive\Documentos\GitHub\xray-monolith\src\xrcdb\ispatial.h(151,9): warning C4311: '<function-style-cast>': pointer truncation from 'ISpatial_NODE *' to 'ISpatial_NODE::ptrt' [C:\Users\egorb\OneDrive\Documentos\GitHub\xray-monolith\src\Layers\xrRenderVulkan\xrRender_Vulkan.vcxproj]
  (compiling source file '/vk_rendertarget_accum_point.cpp')
  
C:\Users\egorb\OneDrive\Documentos\GitHub\xray-monolith\src\xrcdb\ispatial.h(151,9): warning C4302: '<function-style-cast>': truncation from 'ISpatial_NODE *' to 'ISpatial_NODE::ptrt' [C:\Users\egorb\OneDrive\Documentos\GitHub\xray-monolith\src\Layers\xrRenderVulkan\xrRender_Vulkan.vcxproj]
  (compiling source file '/vk_rendertarget_accum_point.cpp')
  
C:\Users\egorb\OneDrive\Documentos\GitHub\xray-monolith\src\xrcdb\ispatial.h(151,29): warning C4311: '<function-style-cast>': pointer truncation from 'ISpatial_NODE *' to 'ISpatial_NODE::ptrt' [C:\Users\egorb\OneDrive\Documentos\GitHub\xray-monolith\src\Layers\xrRenderVulkan\xrRender_Vulkan.vcxproj]
  (compiling source file '/vk_rendertarget_accum_point.cpp')
  
C:\Users\egorb\OneDrive\Documentos\GitHub\xray-monolith\src\xrcdb\ispatial.h(151,29): warning C4302: '<function-style-cast>': truncation from 'ISpatial_NODE *' to 'ISpatial_NODE::ptrt' [C:\Users\egorb\OneDrive\Documentos\GitHub\xray-monolith\src\Layers\xrRenderVulkan\xrRender_Vulkan.vcxproj]
  (compiling source file '/vk_rendertarget_accum_point.cpp')
  
C:\Users\egorb\OneDrive\Documentos\GitHub\xray-monolith\src\xrcdb\ispatial.h(152,9): warning C4311: '<function-style-cast>': pointer truncation from 'ISpatial_NODE *' to 'ISpatial_NODE::ptrt' [C:\Users\egorb\OneDrive\Documentos\GitHub\xray-monolith\src\Layers\xrRenderVulkan\xrRender_Vulkan.vcxproj]
  (compiling source file '/vk_rendertarget_accum_point.cpp')
  
C:\Users\egorb\OneDrive\Documentos\GitHub\xray-monolith\src\xrcdb\ispatial.h(152,9): warning C4302: '<function-style-cast>': truncation from 'ISpatial_NODE *' to 'ISpatial_NODE::ptrt' [C:\Users\egorb\OneDrive\Documentos\GitHub\xray-monolith\src\Layers\xrRenderVulkan\xrRender_Vulkan.vcxproj]
  (compiling source file '/vk_rendertarget_accum_point.cpp')
  
C:\Users\egorb\OneDrive\Documentos\GitHub\xray-monolith\src\xrcdb\ispatial.h(152,29): warning C4311: '<function-style-cast>': pointer truncation from 'ISpatial_NODE *' to 'ISpatial_NODE::ptrt' [C:\Users\egorb\OneDrive\Documentos\GitHub\xray-monolith\src\Layers\xrRenderVulkan\xrRender_Vulkan.vcxproj]
  (compiling source file '/vk_rendertarget_accum_point.cpp')
  
C:\Users\egorb\OneDrive\Documentos\GitHub\xray-monolith\src\xrcdb\ispatial.h(152,29): warning C4302: '<function-style-cast>': truncation from 'ISpatial_NODE *' to 'ISpatial_NODE::ptrt' [C:\Users\egorb\OneDrive\Documentos\GitHub\xray-monolith\src\Layers\xrRenderVulkan\xrRender_Vulkan.vcxproj]
  (compiling source file '/vk_rendertarget_accum_point.cpp')
  
C:\Users\egorb\OneDrive\Documentos\GitHub\xray-monolith\src\xrcdb\ispatial.h(153,9): warning C4311: '<function-style-cast>': pointer truncation from 'ISpatial_NODE *' to 'ISpatial_NODE::ptrt' [C:\Users\egorb\OneDrive\Documentos\GitHub\xray-monolith\src\Layers\xrRenderVulkan\xrRender_Vulkan.vcxproj]
  (compiling source file '/vk_rendertarget_accum_point.cpp')
  
C:\Users\egorb\OneDrive\Documentos\GitHub\xray-monolith\src\xrcdb\ispatial.h(153,9): warning C4302: '<function-style-cast>': truncation from 'ISpatial_NODE *' to 'ISpatial_NODE::ptrt' [C:\Users\egorb\OneDrive\Documentos\GitHub\xray-monolith\src\Layers\xrRenderVulkan\xrRender_Vulkan.vcxproj]
  (compiling source file '/vk_rendertarget_accum_point.cpp')
  
C:\Users\egorb\OneDrive\Documentos\GitHub\xray-monolith\src\xrcdb\ispatial.h(153,29): warning C4311: '<function-style-cast>': pointer truncation from 'ISpatial_NODE *' to 'ISpatial_NODE::ptrt' [C:\Users\egorb\OneDrive\Documentos\GitHub\xray-monolith\src\Layers\xrRenderVulkan\xrRender_Vulkan.vcxproj]
  (compiling source file '/vk_rendertarget_accum_point.cpp')
  
C:\Users\egorb\OneDrive\Documentos\GitHub\xray-monolith\src\xrcdb\ispatial.h(153,29): warning C4302: '<function-style-cast>': truncation from 'ISpatial_NODE *' to 'ISpatial_NODE::ptrt' [C:\Users\egorb\OneDrive\Documentos\GitHub\xray-monolith\src\Layers\xrRenderVulkan\xrRender_Vulkan.vcxproj]
  (compiling source file '/vk_rendertarget_accum_point.cpp')
  
C:\Users\egorb\OneDrive\Documentos\GitHub\xray-monolith\src\xrcdb\ispatial.h(154,9): warning C4311: '<function-style-cast>': pointer truncation from 'ISpatial_NODE *' to 'ISpatial_NODE::ptrt' [C:\Users\egorb\OneDrive\Documentos\GitHub\xray-monolith\src\Layers\xrRenderVulkan\xrRender_Vulkan.vcxproj]
  (compiling source file '/vk_rendertarget_accum_point.cpp')
  
C:\Users\egorb\OneDrive\Documentos\GitHub\xray-monolith\src\xrcdb\ispatial.h(154,9): warning C4302: '<function-style-cast>': truncation from 'ISpatial_NODE *' to 'ISpatial_NODE::ptrt' [C:\Users\egorb\OneDrive\Documentos\GitHub\xray-monolith\src\Layers\xrRenderVulkan\xrRender_Vulkan.vcxproj]
  (compiling source file '/vk_rendertarget_accum_point.cpp')
  
C:\Users\egorb\OneDrive\Documentos\GitHub\xray-monolith\src\xrcdb\ispatial.h(154,29): warning C4311: '<function-style-cast>': pointer truncation from 'ISpatial_NODE *' to 'ISpatial_NODE::ptrt' [C:\Users\egorb\OneDrive\Documentos\GitHub\xray-monolith\src\Layers\xrRenderVulkan\xrRender_Vulkan.vcxproj]
  (compiling source file '/vk_rendertarget_accum_point.cpp')
  
C:\Users\egorb\OneDrive\Documentos\GitHub\xray-monolith\src\xrcdb\ispatial.h(154,29): warning C4302: '<function-style-cast>': truncation from 'ISpatial_NODE *' to 'ISpatial_NODE::ptrt' [C:\Users\egorb\OneDrive\Documentos\GitHub\xray-monolith\src\Layers\xrRenderVulkan\xrRender_Vulkan.vcxproj]
  (compiling source file '/vk_rendertarget_accum_point.cpp')
  
C:\Users\egorb\OneDrive\Documentos\GitHub\xray-monolith\src\Layers\xrRenderVulkan\vk_light_volume.cpp(33,26): warning C4995: 'sqrtf': name was marked as #pragma deprecated [C:\Users\egorb\OneDrive\Documentos\GitHub\xray-monolith\src\Layers\xrRenderVulkan\xrRender_Vulkan.vcxproj]
  (compiling source file '/vk_light_volume.cpp')
  
C:\Users\egorb\OneDrive\Documentos\GitHub\xray-monolith\src\Layers\xrRenderVulkan\vk_light_volume.cpp(43,15): warning C4995: 'sqrtf': name was marked as #pragma deprecated [C:\Users\egorb\OneDrive\Documentos\GitHub\xray-monolith\src\Layers\xrRenderVulkan\xrRender_Vulkan.vcxproj]
  (compiling source file '/vk_light_volume.cpp')
  
C:\Users\egorb\OneDrive\Documentos\GitHub\xray-monolith\src\Layers\xrRenderVulkan\rvk.h(27,9): warning C4348: 'intrusive_ptr': redefinition of default parameter: parameter 2 [C:\Users\egorb\OneDrive\Documentos\GitHub\xray-monolith\src\Layers\xrRenderVulkan\xrRender_Vulkan.vcxproj]
  (compiling source file '/vk_sector.cpp')
      C:\Users\egorb\OneDrive\Documentos\GitHub\xray-monolith\src\xrCore\intrusive_ptr.h(39,7):
      see declaration of 'intrusive_ptr'
  
  vk_cone_volume.cpp
C:\Users\egorb\OneDrive\Documentos\GitHub\xray-monolith\src\Layers\xrRenderVulkan\xrRender_Vulkan.cpp(700,28): warning C4995: 'strlen': name was marked as #pragma deprecated [C:\Users\egorb\OneDrive\Documentos\GitHub\xray-monolith\src\Layers\xrRenderVulkan\xrRender_Vulkan.vcxproj]
  (compiling source file '/xrRender_Vulkan.cpp')
  
C:\Users\egorb\OneDrive\Documentos\GitHub\xray-monolith\src\Layers\xrRenderVulkan\rvk.h(27,9): warning C4348: 'intrusive_ptr': redefinition of default parameter: parameter 2 [C:\Users\egorb\OneDrive\Documentos\GitHub\xray-monolith\src\Layers\xrRenderVulkan\xrRender_Vulkan.vcxproj]
  (compiling source file '/vk_rendertarget_phase_forward.cpp')
      C:\Users\egorb\OneDrive\Documentos\GitHub\xray-monolith\src\xrCore\intrusive_ptr.h(39,7):
      see declaration of 'intrusive_ptr'
  
C:\Users\egorb\OneDrive\Documentos\GitHub\xray-monolith\src\xrcdb\ispatial.h(151,9): warning C4311: '<function-style-cast>': pointer truncation from 'ISpatial_NODE *' to 'ISpatial_NODE::ptrt' [C:\Users\egorb\OneDrive\Documentos\GitHub\xray-monolith\src\Layers\xrRenderVulkan\xrRender_Vulkan.vcxproj]
  (compiling source file '/vk_rendertarget_accum_spot.cpp')
  
C:\Users\egorb\OneDrive\Documentos\GitHub\xray-monolith\src\xrcdb\ispatial.h(151,9): warning C4302: '<function-style-cast>': truncation from 'ISpatial_NODE *' to 'ISpatial_NODE::ptrt' [C:\Users\egorb\OneDrive\Documentos\GitHub\xray-monolith\src\Layers\xrRenderVulkan\xrRender_Vulkan.vcxproj]
  (compiling source file '/vk_rendertarget_accum_spot.cpp')
  
C:\Users\egorb\OneDrive\Documentos\GitHub\xray-monolith\src\xrcdb\ispatial.h(151,29): warning C4311: '<function-style-cast>': pointer truncation from 'ISpatial_NODE *' to 'ISpatial_NODE::ptrt' [C:\Users\egorb\OneDrive\Documentos\GitHub\xray-monolith\src\Layers\xrRenderVulkan\xrRender_Vulkan.vcxproj]
  (compiling source file '/vk_rendertarget_accum_spot.cpp')
  
C:\Users\egorb\OneDrive\Documentos\GitHub\xray-monolith\src\xrcdb\ispatial.h(151,29): warning C4302: '<function-style-cast>': truncation from 'ISpatial_NODE *' to 'ISpatial_NODE::ptrt' [C:\Users\egorb\OneDrive\Documentos\GitHub\xray-monolith\src\Layers\xrRenderVulkan\xrRender_Vulkan.vcxproj]
  (compiling source file '/vk_rendertarget_accum_spot.cpp')
  
C:\Users\egorb\OneDrive\Documentos\GitHub\xray-monolith\src\xrcdb\ispatial.h(152,9): warning C4311: '<function-style-cast>': pointer truncation from 'ISpatial_NODE *' to 'ISpatial_NODE::ptrt' [C:\Users\egorb\OneDrive\Documentos\GitHub\xray-monolith\src\Layers\xrRenderVulkan\xrRender_Vulkan.vcxproj]
  (compiling source file '/vk_rendertarget_accum_spot.cpp')
  
C:\Users\egorb\OneDrive\Documentos\GitHub\xray-monolith\src\xrcdb\ispatial.h(152,9): warning C4302: '<function-style-cast>': truncation from 'ISpatial_NODE *' to 'ISpatial_NODE::ptrt' [C:\Users\egorb\OneDrive\Documentos\GitHub\xray-monolith\src\Layers\xrRenderVulkan\xrRender_Vulkan.vcxproj]
  (compiling source file '/vk_rendertarget_accum_spot.cpp')
  
C:\Users\egorb\OneDrive\Documentos\GitHub\xray-monolith\src\xrcdb\ispatial.h(152,29): warning C4311: '<function-style-cast>': pointer truncation from 'ISpatial_NODE *' to 'ISpatial_NODE::ptrt' [C:\Users\egorb\OneDrive\Documentos\GitHub\xray-monolith\src\Layers\xrRenderVulkan\xrRender_Vulkan.vcxproj]
  (compiling source file '/vk_rendertarget_accum_spot.cpp')
  
C:\Users\egorb\OneDrive\Documentos\GitHub\xray-monolith\src\xrcdb\ispatial.h(152,29): warning C4302: '<function-style-cast>': truncation from 'ISpatial_NODE *' to 'ISpatial_NODE::ptrt' [C:\Users\egorb\OneDrive\Documentos\GitHub\xray-monolith\src\Layers\xrRenderVulkan\xrRender_Vulkan.vcxproj]
  (compiling source file '/vk_rendertarget_accum_spot.cpp')
  
C:\Users\egorb\OneDrive\Documentos\GitHub\xray-monolith\src\Layers\xrRenderVulkan\vk_sector.cpp(18,28): warning C4995: 'strlen': name was marked as #pragma deprecated [C:\Users\egorb\OneDrive\Documentos\GitHub\xray-monolith\src\Layers\xrRenderVulkan\xrRender_Vulkan.vcxproj]
  (compiling source file '/vk_sector.cpp')
  
C:\Users\egorb\OneDrive\Documentos\GitHub\xray-monolith\src\xrcdb\ispatial.h(153,9): warning C4311: '<function-style-cast>': pointer truncation from 'ISpatial_NODE *' to 'ISpatial_NODE::ptrt' [C:\Users\egorb\OneDrive\Documentos\GitHub\xray-monolith\src\Layers\xrRenderVulkan\xrRender_Vulkan.vcxproj]
  (compiling source file '/vk_rendertarget_accum_spot.cpp')
  
C:\Users\egorb\OneDrive\Documentos\GitHub\xray-monolith\src\xrcdb\ispatial.h(153,9): warning C4302: '<function-style-cast>': truncation from 'ISpatial_NODE *' to 'ISpatial_NODE::ptrt' [C:\Users\egorb\OneDrive\Documentos\GitHub\xray-monolith\src\Layers\xrRenderVulkan\xrRender_Vulkan.vcxproj]
  (compiling source file '/vk_rendertarget_accum_spot.cpp')
  
C:\Users\egorb\OneDrive\Documentos\GitHub\xray-monolith\src\xrcdb\ispatial.h(153,29): warning C4311: '<function-style-cast>': pointer truncation from 'ISpatial_NODE *' to 'ISpatial_NODE::ptrt' [C:\Users\egorb\OneDrive\Documentos\GitHub\xray-monolith\src\Layers\xrRenderVulkan\xrRender_Vulkan.vcxproj]
  (compiling source file '/vk_rendertarget_accum_spot.cpp')
  
C:\Users\egorb\OneDrive\Documentos\GitHub\xray-monolith\src\xrcdb\ispatial.h(153,29): warning C4302: '<function-style-cast>': truncation from 'ISpatial_NODE *' to 'ISpatial_NODE::ptrt' [C:\Users\egorb\OneDrive\Documentos\GitHub\xray-monolith\src\Layers\xrRenderVulkan\xrRender_Vulkan.vcxproj]
  (compiling source file '/vk_rendertarget_accum_spot.cpp')
  
C:\Users\egorb\OneDrive\Documentos\GitHub\xray-monolith\src\xrcdb\ispatial.h(154,9): warning C4311: '<function-style-cast>': pointer truncation from 'ISpatial_NODE *' to 'ISpatial_NODE::ptrt' [C:\Users\egorb\OneDrive\Documentos\GitHub\xray-monolith\src\Layers\xrRenderVulkan\xrRender_Vulkan.vcxproj]
  (compiling source file '/vk_rendertarget_accum_spot.cpp')
  
C:\Users\egorb\OneDrive\Documentos\GitHub\xray-monolith\src\xrcdb\ispatial.h(154,9): warning C4302: '<function-style-cast>': truncation from 'ISpatial_NODE *' to 'ISpatial_NODE::ptrt' [C:\Users\egorb\OneDrive\Documentos\GitHub\xray-monolith\src\Layers\xrRenderVulkan\xrRender_Vulkan.vcxproj]
  (compiling source file '/vk_rendertarget_accum_spot.cpp')
  
C:\Users\egorb\OneDrive\Documentos\GitHub\xray-monolith\src\xrcdb\ispatial.h(154,29): warning C4311: '<function-style-cast>': pointer truncation from 'ISpatial_NODE *' to 'ISpatial_NODE::ptrt' [C:\Users\egorb\OneDrive\Documentos\GitHub\xray-monolith\src\Layers\xrRenderVulkan\xrRender_Vulkan.vcxproj]
  (compiling source file '/vk_rendertarget_accum_spot.cpp')
  
C:\Users\egorb\OneDrive\Documentos\GitHub\xray-monolith\src\xrcdb\ispatial.h(154,29): warning C4302: '<function-style-cast>': truncation from 'ISpatial_NODE *' to 'ISpatial_NODE::ptrt' [C:\Users\egorb\OneDrive\Documentos\GitHub\xray-monolith\src\Layers\xrRenderVulkan\xrRender_Vulkan.vcxproj]
  (compiling source file '/vk_rendertarget_accum_spot.cpp')
  
C:\Users\egorb\OneDrive\Documentos\GitHub\xray-monolith\src\Layers\xrRenderVulkan\xrRender_Vulkan.cpp(1726,17): warning C4995: 'sprintf': name was marked as #pragma deprecated [C:\Users\egorb\OneDrive\Documentos\GitHub\xray-monolith\src\Layers\xrRenderVulkan\xrRender_Vulkan.vcxproj]
  (compiling source file '/xrRender_Vulkan.cpp')
  
C:\Users\egorb\OneDrive\Documentos\GitHub\xray-monolith\src\Layers\xrRenderVulkan\xrRender_Vulkan.cpp(1733,13): warning C4995: 'sprintf': name was marked as #pragma deprecated [C:\Users\egorb\OneDrive\Documentos\GitHub\xray-monolith\src\Layers\xrRenderVulkan\xrRender_Vulkan.vcxproj]
  (compiling source file '/xrRender_Vulkan.cpp')
  
C:\Users\egorb\OneDrive\Documentos\GitHub\xray-monolith\src\Layers\xrRenderVulkan\xrRender_Vulkan.cpp(1755,17): warning C4995: 'sprintf': name was marked as #pragma deprecated [C:\Users\egorb\OneDrive\Documentos\GitHub\xray-monolith\src\Layers\xrRenderVulkan\xrRender_Vulkan.vcxproj]
  (compiling source file '/xrRender_Vulkan.cpp')
  
C:\Users\egorb\OneDrive\Documentos\GitHub\xray-monolith\src\Layers\xrRenderVulkan\xrRender_Vulkan.cpp(1762,13): warning C4995: 'sprintf': name was marked as #pragma deprecated [C:\Users\egorb\OneDrive\Documentos\GitHub\xray-monolith\src\Layers\xrRenderVulkan\xrRender_Vulkan.vcxproj]
  (compiling source file '/xrRender_Vulkan.cpp')
  
C:\Users\egorb\OneDrive\Documentos\GitHub\xray-monolith\src\Layers\xrRenderVulkan\vk_cone_volume.cpp(76,13): warning C4995: 'cosf': name was marked as #pragma deprecated [C:\Users\egorb\OneDrive\Documentos\GitHub\xray-monolith\src\Layers\xrRenderVulkan\xrRender_Vulkan.vcxproj]
  (compiling source file '/vk_cone_volume.cpp')
  
C:\Users\egorb\OneDrive\Documentos\GitHub\xray-monolith\src\Layers\xrRenderVulkan\vk_cone_volume.cpp(77,13): warning C4995: 'sinf': name was marked as #pragma deprecated [C:\Users\egorb\OneDrive\Documentos\GitHub\xray-monolith\src\Layers\xrRenderVulkan\xrRender_Vulkan.vcxproj]
  (compiling source file '/vk_cone_volume.cpp')
  
C:\Users\egorb\OneDrive\Documentos\GitHub\xray-monolith\src\Layers\xrRenderVulkan\vk_cone_volume.cpp(170,66): warning C4267: 'argument': conversion from 'size_t' to 'u32', possible loss of data [C:\Users\egorb\OneDrive\Documentos\GitHub\xray-monolith\src\Layers\xrRenderVulkan\xrRender_Vulkan.vcxproj]
  (compiling source file '/vk_cone_volume.cpp')
  
C:\Users\egorb\OneDrive\Documentos\GitHub\xray-monolith\src\Layers\xrRenderVulkan\vk_cone_volume.cpp(213,65): warning C4267: 'argument': conversion from 'size_t' to 'u32', possible loss of data [C:\Users\egorb\OneDrive\Documentos\GitHub\xray-monolith\src\Layers\xrRenderVulkan\xrRender_Vulkan.vcxproj]
  (compiling source file '/vk_cone_volume.cpp')
  
C:\Users\egorb\OneDrive\Documentos\GitHub\xray-monolith\src\Layers\xrRenderVulkan\rvk.h(27,9): warning C4348: 'intrusive_ptr': redefinition of default parameter: parameter 2 [C:\Users\egorb\OneDrive\Documentos\GitHub\xray-monolith\src\Layers\xrRenderVulkan\xrRender_Vulkan.vcxproj]
  (compiling source file '/vk_rendertarget_phase_gbuffer.cpp')
      C:\Users\egorb\OneDrive\Documentos\GitHub\xray-monolith\src\xrCore\intrusive_ptr.h(39,7):
      see declaration of 'intrusive_ptr'
  
C:\Users\egorb\OneDrive\Documentos\GitHub\xray-monolith\src\Layers\xrRenderVulkan\rvk.h(27,9): warning C4348: 'intrusive_ptr': redefinition of default parameter: parameter 2 [C:\Users\egorb\OneDrive\Documentos\GitHub\xray-monolith\src\Layers\xrRenderVulkan\xrRender_Vulkan.vcxproj]
  (compiling source file '/vk_rendertarget_helpers.cpp')
      C:\Users\egorb\OneDrive\Documentos\GitHub\xray-monolith\src\xrCore\intrusive_ptr.h(39,7):
      see declaration of 'intrusive_ptr'
  
C:\Users\egorb\OneDrive\Documentos\GitHub\xray-monolith\src\xrCore\stream_reader_inline.h(60,38): warning C4244: 'return': conversion from '__int64' to 'u32', possible loss of data [C:\Users\egorb\OneDrive\Documentos\GitHub\xray-monolith\src\Layers\xrRenderVulkan\xrRender_Vulkan.vcxproj]
  (compiling source file '/rvk_loader.cpp')
  
C:\Users\egorb\OneDrive\Documentos\GitHub\xray-monolith\src\Layers\xrRenderVulkan\rvk.h(27,9): warning C4348: 'intrusive_ptr': redefinition of default parameter: parameter 2 [C:\Users\egorb\OneDrive\Documentos\GitHub\xray-monolith\src\Layers\xrRenderVulkan\xrRender_Vulkan.vcxproj]
  (compiling source file '/vk_rendertarget_phase_smap.cpp')
      C:\Users\egorb\OneDrive\Documentos\GitHub\xray-monolith\src\xrCore\intrusive_ptr.h(39,7):
      see declaration of 'intrusive_ptr'
  
C:\Users\egorb\OneDrive\Documentos\GitHub\xray-monolith\src\Layers\xrRenderVulkan\rvk.cpp(27,37): warning C4995: 'strlen': name was marked as #pragma deprecated [C:\Users\egorb\OneDrive\Documentos\GitHub\xray-monolith\src\Layers\xrRenderVulkan\xrRender_Vulkan.vcxproj]
  (compiling source file '/rvk.cpp')
  
C:\Users\egorb\OneDrive\Documentos\GitHub\xray-monolith\src\Layers\xrRenderVulkan\rvk.cpp(48,28): warning C4995: 'strlen': name was marked as #pragma deprecated [C:\Users\egorb\OneDrive\Documentos\GitHub\xray-monolith\src\Layers\xrRenderVulkan\xrRender_Vulkan.vcxproj]
  (compiling source file '/rvk.cpp')
  
C:\Users\egorb\OneDrive\Documentos\GitHub\xray-monolith\src\Layers\xrRenderVulkan\rvk.cpp(100,5): warning C4995: 'memset': name was marked as #pragma deprecated [C:\Users\egorb\OneDrive\Documentos\GitHub\xray-monolith\src\Layers\xrRenderVulkan\xrRender_Vulkan.vcxproj]
  (compiling source file '/rvk.cpp')
  
C:\Users\egorb\OneDrive\Documentos\GitHub\xray-monolith\src\Layers\xrRenderVulkan\rvk.cpp(119,5): warning C4995: 'memset': name was marked as #pragma deprecated [C:\Users\egorb\OneDrive\Documentos\GitHub\xray-monolith\src\Layers\xrRenderVulkan\xrRender_Vulkan.vcxproj]
  (compiling source file '/rvk.cpp')
  
C:\Users\egorb\OneDrive\Documentos\GitHub\xray-monolith\src\Layers\xrRenderVulkan\rvk.cpp(128,5): warning C4995: 'memset': name was marked as #pragma deprecated [C:\Users\egorb\OneDrive\Documentos\GitHub\xray-monolith\src\Layers\xrRenderVulkan\xrRender_Vulkan.vcxproj]
  (compiling source file '/rvk.cpp')
  
  vk_lighting.cpp
C:\Users\egorb\OneDrive\Documentos\GitHub\xray-monolith\src\Layers\xrRenderVulkan\rvk.h(27,9): warning C4348: 'intrusive_ptr': redefinition of default parameter: parameter 2 [C:\Users\egorb\OneDrive\Documentos\GitHub\xray-monolith\src\Layers\xrRenderVulkan\xrRender_Vulkan.vcxproj]
  (compiling source file '/vk_rendertarget_descriptors.cpp')
      C:\Users\egorb\OneDrive\Documentos\GitHub\xray-monolith\src\xrCore\intrusive_ptr.h(39,7):
      see declaration of 'intrusive_ptr'
  
C:\Users\egorb\OneDrive\Documentos\GitHub\xray-monolith\src\Layers\xrRenderVulkan\rvk.h(27,9): warning C4348: 'intrusive_ptr': redefinition of default parameter: parameter 2 [C:\Users\egorb\OneDrive\Documentos\GitHub\xray-monolith\src\Layers\xrRenderVulkan\xrRender_Vulkan.vcxproj]
  (compiling source file '/vk_rendertarget_accum_direct.cpp')
      C:\Users\egorb\OneDrive\Documentos\GitHub\xray-monolith\src\xrCore\intrusive_ptr.h(39,7):
      see declaration of 'intrusive_ptr'
  
  vk_sun_cascades.cpp
  vk_material.cpp
  rvk_sun.cpp
C:\Users\egorb\OneDrive\Documentos\GitHub\xray-monolith\src\Layers\xrRenderVulkan\rvk.h(27,9): warning C4348: 'intrusive_ptr': redefinition of default parameter: parameter 2 [C:\Users\egorb\OneDrive\Documentos\GitHub\xray-monolith\src\Layers\xrRenderVulkan\xrRender_Vulkan.vcxproj]
  (compiling source file '/vk_rendertarget_accum_cascades.cpp')
      C:\Users\egorb\OneDrive\Documentos\GitHub\xray-monolith\src\xrCore\intrusive_ptr.h(39,7):
      see declaration of 'intrusive_ptr'
  
  rvk_shadow.cpp
  vk_ResourceManager_Scripting.cpp
  vk_console.cpp
  vk_RenderFactory.cpp
  vk_shared_stubs.cpp
C:\Users\egorb\OneDrive\Documentos\GitHub\xray-monolith\src\3rd party\imgui\imgui.h(2091,35): warning C4995: 'memset': name was marked as #pragma deprecated [C:\Users\egorb\OneDrive\Documentos\GitHub\xray-monolith\src\Layers\xrRenderVulkan\xrRender_Vulkan.vcxproj]
  (compiling source file '/vk_RenderFactory.cpp')
  
C:\Users\egorb\OneDrive\Documentos\GitHub\xray-monolith\src\3rd party\imgui\imgui.h(2102,35): warning C4995: 'memset': name was marked as #pragma deprecated [C:\Users\egorb\OneDrive\Documentos\GitHub\xray-monolith\src\Layers\xrRenderVulkan\xrRender_Vulkan.vcxproj]
  (compiling source file '/vk_RenderFactory.cpp')
  
C:\Users\egorb\OneDrive\Documentos\GitHub\xray-monolith\src\3rd party\imgui\imgui.h(2197,139): warning C4995: 'memmove': name was marked as #pragma deprecated [C:\Users\egorb\OneDrive\Documentos\GitHub\xray-monolith\src\Layers\xrRenderVulkan\xrRender_Vulkan.vcxproj]
  (compiling source file '/vk_RenderFactory.cpp')
  
C:\Users\egorb\OneDrive\Documentos\GitHub\xray-monolith\src\3rd party\imgui\imgui.h(2198,220): warning C4995: 'memmove': name was marked as #pragma deprecated [C:\Users\egorb\OneDrive\Documentos\GitHub\xray-monolith\src\Layers\xrRenderVulkan\xrRender_Vulkan.vcxproj]
  (compiling source file '/vk_RenderFactory.cpp')
  
C:\Users\egorb\OneDrive\Documentos\GitHub\xray-monolith\src\3rd party\imgui\imgui.h(2200,218): warning C4995: 'memmove': name was marked as #pragma deprecated [C:\Users\egorb\OneDrive\Documentos\GitHub\xray-monolith\src\Layers\xrRenderVulkan\xrRender_Vulkan.vcxproj]
  (compiling source file '/vk_RenderFactory.cpp')
  
C:\Users\egorb\OneDrive\Documentos\GitHub\xray-monolith\src\3rd party\imgui\imgui.h(2621,26): warning C4995: 'memset': name was marked as #pragma deprecated [C:\Users\egorb\OneDrive\Documentos\GitHub\xray-monolith\src\Layers\xrRenderVulkan\xrRender_Vulkan.vcxproj]
  (compiling source file '/vk_RenderFactory.cpp')
  
C:\Users\egorb\OneDrive\Documentos\GitHub\xray-monolith\src\3rd party\imgui\imgui.h(2640,81): warning C4995: 'memset': name was marked as #pragma deprecated [C:\Users\egorb\OneDrive\Documentos\GitHub\xray-monolith\src\Layers\xrRenderVulkan\xrRender_Vulkan.vcxproj]
  (compiling source file '/vk_RenderFactory.cpp')
  
C:\Users\egorb\OneDrive\Documentos\GitHub\xray-monolith\src\3rd party\imgui\imgui.h(2641,78): warning C4995: 'strcmp': name was marked as #pragma deprecated [C:\Users\egorb\OneDrive\Documentos\GitHub\xray-monolith\src\Layers\xrRenderVulkan\xrRender_Vulkan.vcxproj]
  (compiling source file '/vk_RenderFactory.cpp')
  
C:\Users\egorb\OneDrive\Documentos\GitHub\xray-monolith\src\xrcdb\ispatial.h(151,9): warning C4311: '<function-style-cast>': pointer truncation from 'ISpatial_NODE *' to 'ISpatial_NODE::ptrt' [C:\Users\egorb\OneDrive\Documentos\GitHub\xray-monolith\src\Layers\xrRenderVulkan\xrRender_Vulkan.vcxproj]
  (compiling source file '/rvk_shadow.cpp')
  
C:\Users\egorb\OneDrive\Documentos\GitHub\xray-monolith\src\xrcdb\ispatial.h(151,9): warning C4302: '<function-style-cast>': truncation from 'ISpatial_NODE *' to 'ISpatial_NODE::ptrt' [C:\Users\egorb\OneDrive\Documentos\GitHub\xray-monolith\src\Layers\xrRenderVulkan\xrRender_Vulkan.vcxproj]
  (compiling source file '/rvk_shadow.cpp')
  
C:\Users\egorb\OneDrive\Documentos\GitHub\xray-monolith\src\xrcdb\ispatial.h(151,29): warning C4311: '<function-style-cast>': pointer truncation from 'ISpatial_NODE *' to 'ISpatial_NODE::ptrt' [C:\Users\egorb\OneDrive\Documentos\GitHub\xray-monolith\src\Layers\xrRenderVulkan\xrRender_Vulkan.vcxproj]
  (compiling source file '/rvk_shadow.cpp')
  
C:\Users\egorb\OneDrive\Documentos\GitHub\xray-monolith\src\xrcdb\ispatial.h(151,29): warning C4302: '<function-style-cast>': truncation from 'ISpatial_NODE *' to 'ISpatial_NODE::ptrt' [C:\Users\egorb\OneDrive\Documentos\GitHub\xray-monolith\src\Layers\xrRenderVulkan\xrRender_Vulkan.vcxproj]
  (compiling source file '/rvk_shadow.cpp')
  
C:\Users\egorb\OneDrive\Documentos\GitHub\xray-monolith\src\xrcdb\ispatial.h(152,9): warning C4311: '<function-style-cast>': pointer truncation from 'ISpatial_NODE *' to 'ISpatial_NODE::ptrt' [C:\Users\egorb\OneDrive\Documentos\GitHub\xray-monolith\src\Layers\xrRenderVulkan\xrRender_Vulkan.vcxproj]
  (compiling source file '/rvk_shadow.cpp')
  
C:\Users\egorb\OneDrive\Documentos\GitHub\xray-monolith\src\xrcdb\ispatial.h(152,9): warning C4302: '<function-style-cast>': truncation from 'ISpatial_NODE *' to 'ISpatial_NODE::ptrt' [C:\Users\egorb\OneDrive\Documentos\GitHub\xray-monolith\src\Layers\xrRenderVulkan\xrRender_Vulkan.vcxproj]
  (compiling source file '/rvk_shadow.cpp')
  
C:\Users\egorb\OneDrive\Documentos\GitHub\xray-monolith\src\xrcdb\ispatial.h(152,29): warning C4311: '<function-style-cast>': pointer truncation from 'ISpatial_NODE *' to 'ISpatial_NODE::ptrt' [C:\Users\egorb\OneDrive\Documentos\GitHub\xray-monolith\src\Layers\xrRenderVulkan\xrRender_Vulkan.vcxproj]
  (compiling source file '/rvk_shadow.cpp')
  
C:\Users\egorb\OneDrive\Documentos\GitHub\xray-monolith\src\xrcdb\ispatial.h(152,29): warning C4302: '<function-style-cast>': truncation from 'ISpatial_NODE *' to 'ISpatial_NODE::ptrt' [C:\Users\egorb\OneDrive\Documentos\GitHub\xray-monolith\src\Layers\xrRenderVulkan\xrRender_Vulkan.vcxproj]
  (compiling source file '/rvk_shadow.cpp')
  
C:\Users\egorb\OneDrive\Documentos\GitHub\xray-monolith\src\xrcdb\ispatial.h(153,9): warning C4311: '<function-style-cast>': pointer truncation from 'ISpatial_NODE *' to 'ISpatial_NODE::ptrt' [C:\Users\egorb\OneDrive\Documentos\GitHub\xray-monolith\src\Layers\xrRenderVulkan\xrRender_Vulkan.vcxproj]
  (compiling source file '/rvk_shadow.cpp')
  
C:\Users\egorb\OneDrive\Documentos\GitHub\xray-monolith\src\xrcdb\ispatial.h(153,9): warning C4302: '<function-style-cast>': truncation from 'ISpatial_NODE *' to 'ISpatial_NODE::ptrt' [C:\Users\egorb\OneDrive\Documentos\GitHub\xray-monolith\src\Layers\xrRenderVulkan\xrRender_Vulkan.vcxproj]
  (compiling source file '/rvk_shadow.cpp')
  
C:\Users\egorb\OneDrive\Documentos\GitHub\xray-monolith\src\xrcdb\ispatial.h(153,29): warning C4311: '<function-style-cast>': pointer truncation from 'ISpatial_NODE *' to 'ISpatial_NODE::ptrt' [C:\Users\egorb\OneDrive\Documentos\GitHub\xray-monolith\src\Layers\xrRenderVulkan\xrRender_Vulkan.vcxproj]
  (compiling source file '/rvk_shadow.cpp')
  
C:\Users\egorb\OneDrive\Documentos\GitHub\xray-monolith\src\xrcdb\ispatial.h(153,29): warning C4302: '<function-style-cast>': truncation from 'ISpatial_NODE *' to 'ISpatial_NODE::ptrt' [C:\Users\egorb\OneDrive\Documentos\GitHub\xray-monolith\src\Layers\xrRenderVulkan\xrRender_Vulkan.vcxproj]
  (compiling source file '/rvk_shadow.cpp')
  
C:\Users\egorb\OneDrive\Documentos\GitHub\xray-monolith\src\xrcdb\ispatial.h(154,9): warning C4311: '<function-style-cast>': pointer truncation from 'ISpatial_NODE *' to 'ISpatial_NODE::ptrt' [C:\Users\egorb\OneDrive\Documentos\GitHub\xray-monolith\src\Layers\xrRenderVulkan\xrRender_Vulkan.vcxproj]
  (compiling source file '/rvk_shadow.cpp')
  
C:\Users\egorb\OneDrive\Documentos\GitHub\xray-monolith\src\xrcdb\ispatial.h(154,9): warning C4302: '<function-style-cast>': truncation from 'ISpatial_NODE *' to 'ISpatial_NODE::ptrt' [C:\Users\egorb\OneDrive\Documentos\GitHub\xray-monolith\src\Layers\xrRenderVulkan\xrRender_Vulkan.vcxproj]
  (compiling source file '/rvk_shadow.cpp')
  
C:\Users\egorb\OneDrive\Documentos\GitHub\xray-monolith\src\xrcdb\ispatial.h(154,29): warning C4311: '<function-style-cast>': pointer truncation from 'ISpatial_NODE *' to 'ISpatial_NODE::ptrt' [C:\Users\egorb\OneDrive\Documentos\GitHub\xray-monolith\src\Layers\xrRenderVulkan\xrRender_Vulkan.vcxproj]
  (compiling source file '/rvk_shadow.cpp')
  
C:\Users\egorb\OneDrive\Documentos\GitHub\xray-monolith\src\xrcdb\ispatial.h(154,29): warning C4302: '<function-style-cast>': truncation from 'ISpatial_NODE *' to 'ISpatial_NODE::ptrt' [C:\Users\egorb\OneDrive\Documentos\GitHub\xray-monolith\src\Layers\xrRenderVulkan\xrRender_Vulkan.vcxproj]
  (compiling source file '/rvk_shadow.cpp')
  
C:\Users\egorb\OneDrive\Documentos\GitHub\xray-monolith\src\xrcdb\ispatial.h(151,9): warning C4311: '<function-style-cast>': pointer truncation from 'ISpatial_NODE *' to 'ISpatial_NODE::ptrt' [C:\Users\egorb\OneDrive\Documentos\GitHub\xray-monolith\src\Layers\xrRenderVulkan\xrRender_Vulkan.vcxproj]
  (compiling source file '/rvk_sun.cpp')
  
C:\Users\egorb\OneDrive\Documentos\GitHub\xray-monolith\src\xrcdb\ispatial.h(151,9): warning C4302: '<function-style-cast>': truncation from 'ISpatial_NODE *' to 'ISpatial_NODE::ptrt' [C:\Users\egorb\OneDrive\Documentos\GitHub\xray-monolith\src\Layers\xrRenderVulkan\xrRender_Vulkan.vcxproj]
  (compiling source file '/rvk_sun.cpp')
  
C:\Users\egorb\OneDrive\Documentos\GitHub\xray-monolith\src\xrcdb\ispatial.h(151,29): warning C4311: '<function-style-cast>': pointer truncation from 'ISpatial_NODE *' to 'ISpatial_NODE::ptrt' [C:\Users\egorb\OneDrive\Documentos\GitHub\xray-monolith\src\Layers\xrRenderVulkan\xrRender_Vulkan.vcxproj]
  (compiling source file '/rvk_sun.cpp')
  
C:\Users\egorb\OneDrive\Documentos\GitHub\xray-monolith\src\xrcdb\ispatial.h(151,29): warning C4302: '<function-style-cast>': truncation from 'ISpatial_NODE *' to 'ISpatial_NODE::ptrt' [C:\Users\egorb\OneDrive\Documentos\GitHub\xray-monolith\src\Layers\xrRenderVulkan\xrRender_Vulkan.vcxproj]
  (compiling source file '/rvk_sun.cpp')
  
C:\Users\egorb\OneDrive\Documentos\GitHub\xray-monolith\src\xrcdb\ispatial.h(152,9): warning C4311: '<function-style-cast>': pointer truncation from 'ISpatial_NODE *' to 'ISpatial_NODE::ptrt' [C:\Users\egorb\OneDrive\Documentos\GitHub\xray-monolith\src\Layers\xrRenderVulkan\xrRender_Vulkan.vcxproj]
  (compiling source file '/rvk_sun.cpp')
  
C:\Users\egorb\OneDrive\Documentos\GitHub\xray-monolith\src\xrcdb\ispatial.h(152,9): warning C4302: '<function-style-cast>': truncation from 'ISpatial_NODE *' to 'ISpatial_NODE::ptrt' [C:\Users\egorb\OneDrive\Documentos\GitHub\xray-monolith\src\Layers\xrRenderVulkan\xrRender_Vulkan.vcxproj]
  (compiling source file '/rvk_sun.cpp')
  
C:\Users\egorb\OneDrive\Documentos\GitHub\xray-monolith\src\xrcdb\ispatial.h(152,29): warning C4311: '<function-style-cast>': pointer truncation from 'ISpatial_NODE *' to 'ISpatial_NODE::ptrt' [C:\Users\egorb\OneDrive\Documentos\GitHub\xray-monolith\src\Layers\xrRenderVulkan\xrRender_Vulkan.vcxproj]
  (compiling source file '/rvk_sun.cpp')
  
C:\Users\egorb\OneDrive\Documentos\GitHub\xray-monolith\src\xrcdb\ispatial.h(152,29): warning C4302: '<function-style-cast>': truncation from 'ISpatial_NODE *' to 'ISpatial_NODE::ptrt' [C:\Users\egorb\OneDrive\Documentos\GitHub\xray-monolith\src\Layers\xrRenderVulkan\xrRender_Vulkan.vcxproj]
  (compiling source file '/rvk_sun.cpp')
  
C:\Users\egorb\OneDrive\Documentos\GitHub\xray-monolith\src\xrcdb\ispatial.h(153,9): warning C4311: '<function-style-cast>': pointer truncation from 'ISpatial_NODE *' to 'ISpatial_NODE::ptrt' [C:\Users\egorb\OneDrive\Documentos\GitHub\xray-monolith\src\Layers\xrRenderVulkan\xrRender_Vulkan.vcxproj]
  (compiling source file '/rvk_sun.cpp')
  
C:\Users\egorb\OneDrive\Documentos\GitHub\xray-monolith\src\xrcdb\ispatial.h(153,9): warning C4302: '<function-style-cast>': truncation from 'ISpatial_NODE *' to 'ISpatial_NODE::ptrt' [C:\Users\egorb\OneDrive\Documentos\GitHub\xray-monolith\src\Layers\xrRenderVulkan\xrRender_Vulkan.vcxproj]
  (compiling source file '/rvk_sun.cpp')
  
C:\Users\egorb\OneDrive\Documentos\GitHub\xray-monolith\src\xrcdb\ispatial.h(153,29): warning C4311: '<function-style-cast>': pointer truncation from 'ISpatial_NODE *' to 'ISpatial_NODE::ptrt' [C:\Users\egorb\OneDrive\Documentos\GitHub\xray-monolith\src\Layers\xrRenderVulkan\xrRender_Vulkan.vcxproj]
  (compiling source file '/rvk_sun.cpp')
  
C:\Users\egorb\OneDrive\Documentos\GitHub\xray-monolith\src\xrcdb\ispatial.h(153,29): warning C4302: '<function-style-cast>': truncation from 'ISpatial_NODE *' to 'ISpatial_NODE::ptrt' [C:\Users\egorb\OneDrive\Documentos\GitHub\xray-monolith\src\Layers\xrRenderVulkan\xrRender_Vulkan.vcxproj]
  (compiling source file '/rvk_sun.cpp')
  
C:\Users\egorb\OneDrive\Documentos\GitHub\xray-monolith\src\xrcdb\ispatial.h(154,9): warning C4311: '<function-style-cast>': pointer truncation from 'ISpatial_NODE *' to 'ISpatial_NODE::ptrt' [C:\Users\egorb\OneDrive\Documentos\GitHub\xray-monolith\src\Layers\xrRenderVulkan\xrRender_Vulkan.vcxproj]
  (compiling source file '/rvk_sun.cpp')
  
C:\Users\egorb\OneDrive\Documentos\GitHub\xray-monolith\src\xrcdb\ispatial.h(154,9): warning C4302: '<function-style-cast>': truncation from 'ISpatial_NODE *' to 'ISpatial_NODE::ptrt' [C:\Users\egorb\OneDrive\Documentos\GitHub\xray-monolith\src\Layers\xrRenderVulkan\xrRender_Vulkan.vcxproj]
  (compiling source file '/rvk_sun.cpp')
  
C:\Users\egorb\OneDrive\Documentos\GitHub\xray-monolith\src\xrcdb\ispatial.h(154,29): warning C4311: '<function-style-cast>': pointer truncation from 'ISpatial_NODE *' to 'ISpatial_NODE::ptrt' [C:\Users\egorb\OneDrive\Documentos\GitHub\xray-monolith\src\Layers\xrRenderVulkan\xrRender_Vulkan.vcxproj]
  (compiling source file '/rvk_sun.cpp')
  
C:\Users\egorb\OneDrive\Documentos\GitHub\xray-monolith\src\xrcdb\ispatial.h(154,29): warning C4302: '<function-style-cast>': truncation from 'ISpatial_NODE *' to 'ISpatial_NODE::ptrt' [C:\Users\egorb\OneDrive\Documentos\GitHub\xray-monolith\src\Layers\xrRenderVulkan\xrRender_Vulkan.vcxproj]
  (compiling source file '/rvk_sun.cpp')
  
C:\Users\egorb\OneDrive\Documentos\GitHub\xray-monolith\src\3rd party\imgui\imgui.h(3092,23): warning C4995: 'memset': name was marked as #pragma deprecated [C:\Users\egorb\OneDrive\Documentos\GitHub\xray-monolith\src\Layers\xrRenderVulkan\xrRender_Vulkan.vcxproj]
  (compiling source file '/vk_RenderFactory.cpp')
  
C:\Users\egorb\OneDrive\Documentos\GitHub\xray-monolith\src\3rd party\imgui\imgui.h(3137,36): warning C4995: 'memset': name was marked as #pragma deprecated [C:\Users\egorb\OneDrive\Documentos\GitHub\xray-monolith\src\Layers\xrRenderVulkan\xrRender_Vulkan.vcxproj]
  (compiling source file '/vk_RenderFactory.cpp')
  
C:\Users\egorb\OneDrive\Documentos\GitHub\xray-monolith\src\3rd party\imgui\imgui.h(3411,157): warning C4995: 'memset': name was marked as #pragma deprecated [C:\Users\egorb\OneDrive\Documentos\GitHub\xray-monolith\src\Layers\xrRenderVulkan\xrRender_Vulkan.vcxproj]
  (compiling source file '/vk_RenderFactory.cpp')
  
C:\Users\egorb\OneDrive\Documentos\GitHub\xray-monolith\src\Layers\xrRenderVulkan\vk_console.cpp(18,28): warning C4995: 'strlen': name was marked as #pragma deprecated [C:\Users\egorb\OneDrive\Documentos\GitHub\xray-monolith\src\Layers\xrRenderVulkan\xrRender_Vulkan.vcxproj]
  (compiling source file '/vk_console.cpp')
  
C:\Users\egorb\OneDrive\Documentos\GitHub\xray-monolith\src\Layers\xrRenderVulkan\vk_console.cpp(295,32): warning C4305: 'initializing': truncation from 'double' to 'T' [C:\Users\egorb\OneDrive\Documentos\GitHub\xray-monolith\src\Layers\xrRenderVulkan\xrRender_Vulkan.vcxproj]
C:\Users\egorb\OneDrive\Documentos\GitHub\xray-monolith\src\Layers\xrRenderVulkan\vk_console.cpp(295,32): warning C4305:         with [C:\Users\egorb\OneDrive\Documentos\GitHub\xray-monolith\src\Layers\xrRenderVulkan\xrRender_Vulkan.vcxproj]
C:\Users\egorb\OneDrive\Documentos\GitHub\xray-monolith\src\Layers\xrRenderVulkan\vk_console.cpp(295,32): warning C4305:         [ [C:\Users\egorb\OneDrive\Documentos\GitHub\xray-monolith\src\Layers\xrRenderVulkan\xrRender_Vulkan.vcxproj]
C:\Users\egorb\OneDrive\Documentos\GitHub\xray-monolith\src\Layers\xrRenderVulkan\vk_console.cpp(295,32): warning C4305:             T=float [C:\Users\egorb\OneDrive\Documentos\GitHub\xray-monolith\src\Layers\xrRenderVulkan\xrRender_Vulkan.vcxproj]
C:\Users\egorb\OneDrive\Documentos\GitHub\xray-monolith\src\Layers\xrRenderVulkan\vk_console.cpp(295,32): warning C4305:         ] [C:\Users\egorb\OneDrive\Documentos\GitHub\xray-monolith\src\Layers\xrRenderVulkan\xrRender_Vulkan.vcxproj]
  (compiling source file '/vk_console.cpp')
  
C:\Users\egorb\OneDrive\Documentos\GitHub\xray-monolith\src\Layers\xrRenderVulkan\vk_console.cpp(324,36): warning C4305: 'initializing': truncation from 'double' to 'T' [C:\Users\egorb\OneDrive\Documentos\GitHub\xray-monolith\src\Layers\xrRenderVulkan\xrRender_Vulkan.vcxproj]
C:\Users\egorb\OneDrive\Documentos\GitHub\xray-monolith\src\Layers\xrRenderVulkan\vk_console.cpp(324,36): warning C4305:         with [C:\Users\egorb\OneDrive\Documentos\GitHub\xray-monolith\src\Layers\xrRenderVulkan\xrRender_Vulkan.vcxproj]
C:\Users\egorb\OneDrive\Documentos\GitHub\xray-monolith\src\Layers\xrRenderVulkan\vk_console.cpp(324,36): warning C4305:         [ [C:\Users\egorb\OneDrive\Documentos\GitHub\xray-monolith\src\Layers\xrRenderVulkan\xrRender_Vulkan.vcxproj]
C:\Users\egorb\OneDrive\Documentos\GitHub\xray-monolith\src\Layers\xrRenderVulkan\vk_console.cpp(324,36): warning C4305:             T=float [C:\Users\egorb\OneDrive\Documentos\GitHub\xray-monolith\src\Layers\xrRenderVulkan\xrRender_Vulkan.vcxproj]
C:\Users\egorb\OneDrive\Documentos\GitHub\xray-monolith\src\Layers\xrRenderVulkan\vk_console.cpp(324,36): warning C4305:         ] [C:\Users\egorb\OneDrive\Documentos\GitHub\xray-monolith\src\Layers\xrRenderVulkan\xrRender_Vulkan.vcxproj]
  (compiling source file '/vk_console.cpp')
  
C:\Users\egorb\OneDrive\Documentos\GitHub\xray-monolith\src\Layers\xrRenderVulkan\vk_console.cpp(324,43): warning C4305: 'initializing': truncation from 'double' to 'T' [C:\Users\egorb\OneDrive\Documentos\GitHub\xray-monolith\src\Layers\xrRenderVulkan\xrRender_Vulkan.vcxproj]
C:\Users\egorb\OneDrive\Documentos\GitHub\xray-monolith\src\Layers\xrRenderVulkan\vk_console.cpp(324,43): warning C4305:         with [C:\Users\egorb\OneDrive\Documentos\GitHub\xray-monolith\src\Layers\xrRenderVulkan\xrRender_Vulkan.vcxproj]
C:\Users\egorb\OneDrive\Documentos\GitHub\xray-monolith\src\Layers\xrRenderVulkan\vk_console.cpp(324,43): warning C4305:         [ [C:\Users\egorb\OneDrive\Documentos\GitHub\xray-monolith\src\Layers\xrRenderVulkan\xrRender_Vulkan.vcxproj]
C:\Users\egorb\OneDrive\Documentos\GitHub\xray-monolith\src\Layers\xrRenderVulkan\vk_console.cpp(324,43): warning C4305:             T=float [C:\Users\egorb\OneDrive\Documentos\GitHub\xray-monolith\src\Layers\xrRenderVulkan\xrRender_Vulkan.vcxproj]
C:\Users\egorb\OneDrive\Documentos\GitHub\xray-monolith\src\Layers\xrRenderVulkan\vk_console.cpp(324,43): warning C4305:         ] [C:\Users\egorb\OneDrive\Documentos\GitHub\xray-monolith\src\Layers\xrRenderVulkan\xrRender_Vulkan.vcxproj]
  (compiling source file '/vk_console.cpp')
  
C:\Users\egorb\OneDrive\Documentos\GitHub\xray-monolith\src\Layers\xrRenderVulkan\vk_console.cpp(324,48): warning C4305: 'initializing': truncation from 'double' to 'T' [C:\Users\egorb\OneDrive\Documentos\GitHub\xray-monolith\src\Layers\xrRenderVulkan\xrRender_Vulkan.vcxproj]
C:\Users\egorb\OneDrive\Documentos\GitHub\xray-monolith\src\Layers\xrRenderVulkan\vk_console.cpp(324,48): warning C4305:         with [C:\Users\egorb\OneDrive\Documentos\GitHub\xray-monolith\src\Layers\xrRenderVulkan\xrRender_Vulkan.vcxproj]
C:\Users\egorb\OneDrive\Documentos\GitHub\xray-monolith\src\Layers\xrRenderVulkan\vk_console.cpp(324,48): warning C4305:         [ [C:\Users\egorb\OneDrive\Documentos\GitHub\xray-monolith\src\Layers\xrRenderVulkan\xrRender_Vulkan.vcxproj]
C:\Users\egorb\OneDrive\Documentos\GitHub\xray-monolith\src\Layers\xrRenderVulkan\vk_console.cpp(324,48): warning C4305:             T=float [C:\Users\egorb\OneDrive\Documentos\GitHub\xray-monolith\src\Layers\xrRenderVulkan\xrRender_Vulkan.vcxproj]
C:\Users\egorb\OneDrive\Documentos\GitHub\xray-monolith\src\Layers\xrRenderVulkan\vk_console.cpp(324,48): warning C4305:         ] [C:\Users\egorb\OneDrive\Documentos\GitHub\xray-monolith\src\Layers\xrRenderVulkan\xrRender_Vulkan.vcxproj]
  (compiling source file '/vk_console.cpp')
  
C:\Users\egorb\OneDrive\Documentos\GitHub\xray-monolith\src\Layers\xrRenderVulkan\vk_console.cpp(324,55): warning C4305: 'initializing': truncation from 'double' to 'T' [C:\Users\egorb\OneDrive\Documentos\GitHub\xray-monolith\src\Layers\xrRenderVulkan\xrRender_Vulkan.vcxproj]
C:\Users\egorb\OneDrive\Documentos\GitHub\xray-monolith\src\Layers\xrRenderVulkan\vk_console.cpp(324,55): warning C4305:         with [C:\Users\egorb\OneDrive\Documentos\GitHub\xray-monolith\src\Layers\xrRenderVulkan\xrRender_Vulkan.vcxproj]
C:\Users\egorb\OneDrive\Documentos\GitHub\xray-monolith\src\Layers\xrRenderVulkan\vk_console.cpp(324,55): warning C4305:         [ [C:\Users\egorb\OneDrive\Documentos\GitHub\xray-monolith\src\Layers\xrRenderVulkan\xrRender_Vulkan.vcxproj]
C:\Users\egorb\OneDrive\Documentos\GitHub\xray-monolith\src\Layers\xrRenderVulkan\vk_console.cpp(324,55): warning C4305:             T=float [C:\Users\egorb\OneDrive\Documentos\GitHub\xray-monolith\src\Layers\xrRenderVulkan\xrRender_Vulkan.vcxproj]
C:\Users\egorb\OneDrive\Documentos\GitHub\xray-monolith\src\Layers\xrRenderVulkan\vk_console.cpp(324,55): warning C4305:         ] [C:\Users\egorb\OneDrive\Documentos\GitHub\xray-monolith\src\Layers\xrRenderVulkan\xrRender_Vulkan.vcxproj]
  (compiling source file '/vk_console.cpp')
  
C:\Users\egorb\OneDrive\Documentos\GitHub\xray-monolith\src\3rd party\imgui\imgui.h(3679,27): warning C4995: 'memset': name was marked as #pragma deprecated [C:\Users\egorb\OneDrive\Documentos\GitHub\xray-monolith\src\Layers\xrRenderVulkan\xrRender_Vulkan.vcxproj]
  (compiling source file '/vk_RenderFactory.cpp')
  
C:\Users\egorb\OneDrive\Documentos\GitHub\xray-monolith\src\3rd party\imgui\imgui.h(3850,30): warning C4995: 'memset': name was marked as #pragma deprecated [C:\Users\egorb\OneDrive\Documentos\GitHub\xray-monolith\src\Layers\xrRenderVulkan\xrRender_Vulkan.vcxproj]
  (compiling source file '/vk_RenderFactory.cpp')
  
C:\Users\egorb\OneDrive\Documentos\GitHub\xray-monolith\src\xrcdb\ispatial.h(151,9): warning C4311: '<function-style-cast>': pointer truncation from 'ISpatial_NODE *' to 'ISpatial_NODE::ptrt' [C:\Users\egorb\OneDrive\Documentos\GitHub\xray-monolith\src\Layers\xrRenderVulkan\xrRender_Vulkan.vcxproj]
  (compiling source file '/vk_shared_stubs.cpp')
  
C:\Users\egorb\OneDrive\Documentos\GitHub\xray-monolith\src\xrcdb\ispatial.h(151,9): warning C4302: '<function-style-cast>': truncation from 'ISpatial_NODE *' to 'ISpatial_NODE::ptrt' [C:\Users\egorb\OneDrive\Documentos\GitHub\xray-monolith\src\Layers\xrRenderVulkan\xrRender_Vulkan.vcxproj]
  (compiling source file '/vk_shared_stubs.cpp')
  
C:\Users\egorb\OneDrive\Documentos\GitHub\xray-monolith\src\xrcdb\ispatial.h(151,29): warning C4311: '<function-style-cast>': pointer truncation from 'ISpatial_NODE *' to 'ISpatial_NODE::ptrt' [C:\Users\egorb\OneDrive\Documentos\GitHub\xray-monolith\src\Layers\xrRenderVulkan\xrRender_Vulkan.vcxproj]
  (compiling source file '/vk_shared_stubs.cpp')
  
C:\Users\egorb\OneDrive\Documentos\GitHub\xray-monolith\src\xrcdb\ispatial.h(151,29): warning C4302: '<function-style-cast>': truncation from 'ISpatial_NODE *' to 'ISpatial_NODE::ptrt' [C:\Users\egorb\OneDrive\Documentos\GitHub\xray-monolith\src\Layers\xrRenderVulkan\xrRender_Vulkan.vcxproj]
  (compiling source file '/vk_shared_stubs.cpp')
  
C:\Users\egorb\OneDrive\Documentos\GitHub\xray-monolith\src\xrcdb\ispatial.h(152,9): warning C4311: '<function-style-cast>': pointer truncation from 'ISpatial_NODE *' to 'ISpatial_NODE::ptrt' [C:\Users\egorb\OneDrive\Documentos\GitHub\xray-monolith\src\Layers\xrRenderVulkan\xrRender_Vulkan.vcxproj]
  (compiling source file '/vk_shared_stubs.cpp')
  
C:\Users\egorb\OneDrive\Documentos\GitHub\xray-monolith\src\xrcdb\ispatial.h(152,9): warning C4302: '<function-style-cast>': truncation from 'ISpatial_NODE *' to 'ISpatial_NODE::ptrt' [C:\Users\egorb\OneDrive\Documentos\GitHub\xray-monolith\src\Layers\xrRenderVulkan\xrRender_Vulkan.vcxproj]
  (compiling source file '/vk_shared_stubs.cpp')
  
C:\Users\egorb\OneDrive\Documentos\GitHub\xray-monolith\src\xrcdb\ispatial.h(152,29): warning C4311: '<function-style-cast>': pointer truncation from 'ISpatial_NODE *' to 'ISpatial_NODE::ptrt' [C:\Users\egorb\OneDrive\Documentos\GitHub\xray-monolith\src\Layers\xrRenderVulkan\xrRender_Vulkan.vcxproj]
  (compiling source file '/vk_shared_stubs.cpp')
  
C:\Users\egorb\OneDrive\Documentos\GitHub\xray-monolith\src\xrcdb\ispatial.h(152,29): warning C4302: '<function-style-cast>': truncation from 'ISpatial_NODE *' to 'ISpatial_NODE::ptrt' [C:\Users\egorb\OneDrive\Documentos\GitHub\xray-monolith\src\Layers\xrRenderVulkan\xrRender_Vulkan.vcxproj]
  (compiling source file '/vk_shared_stubs.cpp')
  
C:\Users\egorb\OneDrive\Documentos\GitHub\xray-monolith\src\xrcdb\ispatial.h(153,9): warning C4311: '<function-style-cast>': pointer truncation from 'ISpatial_NODE *' to 'ISpatial_NODE::ptrt' [C:\Users\egorb\OneDrive\Documentos\GitHub\xray-monolith\src\Layers\xrRenderVulkan\xrRender_Vulkan.vcxproj]
  (compiling source file '/vk_shared_stubs.cpp')
  
C:\Users\egorb\OneDrive\Documentos\GitHub\xray-monolith\src\xrcdb\ispatial.h(153,9): warning C4302: '<function-style-cast>': truncation from 'ISpatial_NODE *' to 'ISpatial_NODE::ptrt' [C:\Users\egorb\OneDrive\Documentos\GitHub\xray-monolith\src\Layers\xrRenderVulkan\xrRender_Vulkan.vcxproj]
  (compiling source file '/vk_shared_stubs.cpp')
  
C:\Users\egorb\OneDrive\Documentos\GitHub\xray-monolith\src\xrcdb\ispatial.h(153,29): warning C4311: '<function-style-cast>': pointer truncation from 'ISpatial_NODE *' to 'ISpatial_NODE::ptrt' [C:\Users\egorb\OneDrive\Documentos\GitHub\xray-monolith\src\Layers\xrRenderVulkan\xrRender_Vulkan.vcxproj]
  (compiling source file '/vk_shared_stubs.cpp')
  
C:\Users\egorb\OneDrive\Documentos\GitHub\xray-monolith\src\xrcdb\ispatial.h(153,29): warning C4302: '<function-style-cast>': truncation from 'ISpatial_NODE *' to 'ISpatial_NODE::ptrt' [C:\Users\egorb\OneDrive\Documentos\GitHub\xray-monolith\src\Layers\xrRenderVulkan\xrRender_Vulkan.vcxproj]
  (compiling source file '/vk_shared_stubs.cpp')
  
C:\Users\egorb\OneDrive\Documentos\GitHub\xray-monolith\src\xrcdb\ispatial.h(154,9): warning C4311: '<function-style-cast>': pointer truncation from 'ISpatial_NODE *' to 'ISpatial_NODE::ptrt' [C:\Users\egorb\OneDrive\Documentos\GitHub\xray-monolith\src\Layers\xrRenderVulkan\xrRender_Vulkan.vcxproj]
  (compiling source file '/vk_shared_stubs.cpp')
  
C:\Users\egorb\OneDrive\Documentos\GitHub\xray-monolith\src\xrcdb\ispatial.h(154,9): warning C4302: '<function-style-cast>': truncation from 'ISpatial_NODE *' to 'ISpatial_NODE::ptrt' [C:\Users\egorb\OneDrive\Documentos\GitHub\xray-monolith\src\Layers\xrRenderVulkan\xrRender_Vulkan.vcxproj]
  (compiling source file '/vk_shared_stubs.cpp')
  
C:\Users\egorb\OneDrive\Documentos\GitHub\xray-monolith\src\xrcdb\ispatial.h(154,29): warning C4311: '<function-style-cast>': pointer truncation from 'ISpatial_NODE *' to 'ISpatial_NODE::ptrt' [C:\Users\egorb\OneDrive\Documentos\GitHub\xray-monolith\src\Layers\xrRenderVulkan\xrRender_Vulkan.vcxproj]
  (compiling source file '/vk_shared_stubs.cpp')
  
C:\Users\egorb\OneDrive\Documentos\GitHub\xray-monolith\src\xrcdb\ispatial.h(154,29): warning C4302: '<function-style-cast>': truncation from 'ISpatial_NODE *' to 'ISpatial_NODE::ptrt' [C:\Users\egorb\OneDrive\Documentos\GitHub\xray-monolith\src\Layers\xrRenderVulkan\xrRender_Vulkan.vcxproj]
  (compiling source file '/vk_shared_stubs.cpp')
  
  vk_SkeletonStubs.cpp
C:\Users\egorb\OneDrive\Documentos\GitHub\xray-monolith\src\Layers\xrRenderVulkan\rvk.h(27,9): warning C4348: 'intrusive_ptr': redefinition of default parameter: parameter 2 [C:\Users\egorb\OneDrive\Documentos\GitHub\xray-monolith\src\Layers\xrRenderVulkan\xrRender_Vulkan.vcxproj]
  (compiling source file '/vk_rendertarget_accum_point.cpp')
      C:\Users\egorb\OneDrive\Documentos\GitHub\xray-monolith\src\xrCore\intrusive_ptr.h(39,7):
      see declaration of 'intrusive_ptr'
  
C:\Users\egorb\OneDrive\Documentos\GitHub\xray-monolith\src\Layers\xrRenderVulkan\rvk.h(27,9): warning C4348: 'intrusive_ptr': redefinition of default parameter: parameter 2 [C:\Users\egorb\OneDrive\Documentos\GitHub\xray-monolith\src\Layers\xrRenderVulkan\xrRender_Vulkan.vcxproj]
  (compiling source file '/vk_rendertarget_accum_spot.cpp')
      C:\Users\egorb\OneDrive\Documentos\GitHub\xray-monolith\src\xrCore\intrusive_ptr.h(39,7):
      see declaration of 'intrusive_ptr'
  
  vk_SkeletonCustom.cpp
  vk_SkeletonAnimated.cpp
C:\Users\egorb\OneDrive\Documentos\GitHub\xray-monolith\src\Layers\xrRender\TextureDescrManager.h(36,16): warning C4091: 'static ': ignored on left of 'CTextureDescrMngr::texture_desc' when no variable is declared [C:\Users\egorb\OneDrive\Documentos\GitHub\xray-monolith\src\Layers\xrRenderVulkan\xrRender_Vulkan.vcxproj]
  (compiling source file '/vk_ResourceManager_Scripting.cpp')
  
C:\Users\egorb\OneDrive\Documentos\GitHub\xray-monolith\src\Layers\xrRenderVulkan\vk_rendertarget_accum_spot.cpp(65,9): warning C4995: 'fabsf': name was marked as #pragma deprecated [C:\Users\egorb\OneDrive\Documentos\GitHub\xray-monolith\src\Layers\xrRenderVulkan\xrRender_Vulkan.vcxproj]
  (compiling source file '/vk_rendertarget_accum_spot.cpp')
  
C:\Users\egorb\OneDrive\Documentos\GitHub\xray-monolith\src\Layers\xrRenderVulkan\vk_rendertarget_accum_spot.cpp(237,9): warning C4995: 'fabsf': name was marked as #pragma deprecated [C:\Users\egorb\OneDrive\Documentos\GitHub\xray-monolith\src\Layers\xrRenderVulkan\xrRender_Vulkan.vcxproj]
  (compiling source file '/vk_rendertarget_accum_spot.cpp')
  
C:\Users\egorb\OneDrive\Documentos\GitHub\xray-monolith\src\Layers\xrRenderVulkan\vk_rendertarget_accum_spot.cpp(321,67): warning C4995: 'cosf': name was marked as #pragma deprecated [C:\Users\egorb\OneDrive\Documentos\GitHub\xray-monolith\src\Layers\xrRenderVulkan\xrRender_Vulkan.vcxproj]
  (compiling source file '/vk_rendertarget_accum_spot.cpp')
  
C:\Users\egorb\OneDrive\Documentos\GitHub\xray-monolith\src\Layers\xrRenderVulkan\vk_rendertarget_accum_spot.cpp(331,26): warning C4995: 'cosf': name was marked as #pragma deprecated [C:\Users\egorb\OneDrive\Documentos\GitHub\xray-monolith\src\Layers\xrRenderVulkan\xrRender_Vulkan.vcxproj]
  (compiling source file '/vk_rendertarget_accum_spot.cpp')
  
C:\Users\egorb\OneDrive\Documentos\GitHub\xray-monolith\src\Layers\xrRenderVulkan\vk_rendertarget_accum_spot.cpp(332,26): warning C4995: 'cosf': name was marked as #pragma deprecated [C:\Users\egorb\OneDrive\Documentos\GitHub\xray-monolith\src\Layers\xrRenderVulkan\xrRender_Vulkan.vcxproj]
  (compiling source file '/vk_rendertarget_accum_spot.cpp')
  
  vk_SkeletonRigid.cpp
  du_sphere.cpp
  du_cone.cpp
C:\Users\egorb\OneDrive\Documentos\GitHub\xray-monolith\src\xrcdb\ispatial.h(151,9): warning C4311: '<function-style-cast>': pointer truncation from 'ISpatial_NODE *' to 'ISpatial_NODE::ptrt' [C:\Users\egorb\OneDrive\Documentos\GitHub\xray-monolith\src\Layers\xrRenderVulkan\xrRender_Vulkan.vcxproj]
  (compiling source file '/vk_RenderFactory.cpp')
  
C:\Users\egorb\OneDrive\Documentos\GitHub\xray-monolith\src\xrcdb\ispatial.h(151,9): warning C4302: '<function-style-cast>': truncation from 'ISpatial_NODE *' to 'ISpatial_NODE::ptrt' [C:\Users\egorb\OneDrive\Documentos\GitHub\xray-monolith\src\Layers\xrRenderVulkan\xrRender_Vulkan.vcxproj]
  (compiling source file '/vk_RenderFactory.cpp')
  
C:\Users\egorb\OneDrive\Documentos\GitHub\xray-monolith\src\xrcdb\ispatial.h(151,29): warning C4311: '<function-style-cast>': pointer truncation from 'ISpatial_NODE *' to 'ISpatial_NODE::ptrt' [C:\Users\egorb\OneDrive\Documentos\GitHub\xray-monolith\src\Layers\xrRenderVulkan\xrRender_Vulkan.vcxproj]
  (compiling source file '/vk_RenderFactory.cpp')
  
C:\Users\egorb\OneDrive\Documentos\GitHub\xray-monolith\src\xrcdb\ispatial.h(151,29): warning C4302: '<function-style-cast>': truncation from 'ISpatial_NODE *' to 'ISpatial_NODE::ptrt' [C:\Users\egorb\OneDrive\Documentos\GitHub\xray-monolith\src\Layers\xrRenderVulkan\xrRender_Vulkan.vcxproj]
  (compiling source file '/vk_RenderFactory.cpp')
  
C:\Users\egorb\OneDrive\Documentos\GitHub\xray-monolith\src\xrcdb\ispatial.h(152,9): warning C4311: '<function-style-cast>': pointer truncation from 'ISpatial_NODE *' to 'ISpatial_NODE::ptrt' [C:\Users\egorb\OneDrive\Documentos\GitHub\xray-monolith\src\Layers\xrRenderVulkan\xrRender_Vulkan.vcxproj]
  (compiling source file '/vk_RenderFactory.cpp')
  
C:\Users\egorb\OneDrive\Documentos\GitHub\xray-monolith\src\xrcdb\ispatial.h(152,9): warning C4302: '<function-style-cast>': truncation from 'ISpatial_NODE *' to 'ISpatial_NODE::ptrt' [C:\Users\egorb\OneDrive\Documentos\GitHub\xray-monolith\src\Layers\xrRenderVulkan\xrRender_Vulkan.vcxproj]
  (compiling source file '/vk_RenderFactory.cpp')
  
C:\Users\egorb\OneDrive\Documentos\GitHub\xray-monolith\src\xrcdb\ispatial.h(152,29): warning C4311: '<function-style-cast>': pointer truncation from 'ISpatial_NODE *' to 'ISpatial_NODE::ptrt' [C:\Users\egorb\OneDrive\Documentos\GitHub\xray-monolith\src\Layers\xrRenderVulkan\xrRender_Vulkan.vcxproj]
  (compiling source file '/vk_RenderFactory.cpp')
  
C:\Users\egorb\OneDrive\Documentos\GitHub\xray-monolith\src\xrcdb\ispatial.h(152,29): warning C4302: '<function-style-cast>': truncation from 'ISpatial_NODE *' to 'ISpatial_NODE::ptrt' [C:\Users\egorb\OneDrive\Documentos\GitHub\xray-monolith\src\Layers\xrRenderVulkan\xrRender_Vulkan.vcxproj]
  (compiling source file '/vk_RenderFactory.cpp')
  
C:\Users\egorb\OneDrive\Documentos\GitHub\xray-monolith\src\xrCDB\ISpatial.h(151,9): warning C4311: '<function-style-cast>': pointer truncation from 'ISpatial_NODE *' to 'ISpatial_NODE::ptrt' [C:\Users\egorb\OneDrive\Documentos\GitHub\xray-monolith\src\Layers\xrRenderVulkan\xrRender_Vulkan.vcxproj]
  (compiling source file '/vk_SkeletonStubs.cpp')
  
C:\Users\egorb\OneDrive\Documentos\GitHub\xray-monolith\src\xrcdb\ispatial.h(153,9): warning C4311: '<function-style-cast>': pointer truncation from 'ISpatial_NODE *' to 'ISpatial_NODE::ptrt' [C:\Users\egorb\OneDrive\Documentos\GitHub\xray-monolith\src\Layers\xrRenderVulkan\xrRender_Vulkan.vcxproj]
  (compiling source file '/vk_RenderFactory.cpp')
  
C:\Users\egorb\OneDrive\Documentos\GitHub\xray-monolith\src\xrCDB\ISpatial.h(151,9): warning C4302: '<function-style-cast>': truncation from 'ISpatial_NODE *' to 'ISpatial_NODE::ptrt' [C:\Users\egorb\OneDrive\Documentos\GitHub\xray-monolith\src\Layers\xrRenderVulkan\xrRender_Vulkan.vcxproj]
  (compiling source file '/vk_SkeletonStubs.cpp')
  
C:\Users\egorb\OneDrive\Documentos\GitHub\xray-monolith\src\xrcdb\ispatial.h(153,9): warning C4302: '<function-style-cast>': truncation from 'ISpatial_NODE *' to 'ISpatial_NODE::ptrt' [C:\Users\egorb\OneDrive\Documentos\GitHub\xray-monolith\src\Layers\xrRenderVulkan\xrRender_Vulkan.vcxproj]
  (compiling source file '/vk_RenderFactory.cpp')
  
C:\Users\egorb\OneDrive\Documentos\GitHub\xray-monolith\src\xrCDB\ISpatial.h(151,29): warning C4311: '<function-style-cast>': pointer truncation from 'ISpatial_NODE *' to 'ISpatial_NODE::ptrt' [C:\Users\egorb\OneDrive\Documentos\GitHub\xray-monolith\src\Layers\xrRenderVulkan\xrRender_Vulkan.vcxproj]
  (compiling source file '/vk_SkeletonStubs.cpp')
  
C:\Users\egorb\OneDrive\Documentos\GitHub\xray-monolith\src\xrcdb\ispatial.h(153,29): warning C4311: '<function-style-cast>': pointer truncation from 'ISpatial_NODE *' to 'ISpatial_NODE::ptrt' [C:\Users\egorb\OneDrive\Documentos\GitHub\xray-monolith\src\Layers\xrRenderVulkan\xrRender_Vulkan.vcxproj]
  (compiling source file '/vk_RenderFactory.cpp')
  
C:\Users\egorb\OneDrive\Documentos\GitHub\xray-monolith\src\xrCDB\ISpatial.h(151,29): warning C4302: '<function-style-cast>': truncation from 'ISpatial_NODE *' to 'ISpatial_NODE::ptrt' [C:\Users\egorb\OneDrive\Documentos\GitHub\xray-monolith\src\Layers\xrRenderVulkan\xrRender_Vulkan.vcxproj]
  (compiling source file '/vk_SkeletonStubs.cpp')
  
C:\Users\egorb\OneDrive\Documentos\GitHub\xray-monolith\src\xrcdb\ispatial.h(153,29): warning C4302: '<function-style-cast>': truncation from 'ISpatial_NODE *' to 'ISpatial_NODE::ptrt' [C:\Users\egorb\OneDrive\Documentos\GitHub\xray-monolith\src\Layers\xrRenderVulkan\xrRender_Vulkan.vcxproj]
  (compiling source file '/vk_RenderFactory.cpp')
  
C:\Users\egorb\OneDrive\Documentos\GitHub\xray-monolith\src\xrCDB\ISpatial.h(152,9): warning C4311: '<function-style-cast>': pointer truncation from 'ISpatial_NODE *' to 'ISpatial_NODE::ptrt' [C:\Users\egorb\OneDrive\Documentos\GitHub\xray-monolith\src\Layers\xrRenderVulkan\xrRender_Vulkan.vcxproj]
  (compiling source file '/vk_SkeletonStubs.cpp')
  
C:\Users\egorb\OneDrive\Documentos\GitHub\xray-monolith\src\xrcdb\ispatial.h(154,9): warning C4311: '<function-style-cast>': pointer truncation from 'ISpatial_NODE *' to 'ISpatial_NODE::ptrt' [C:\Users\egorb\OneDrive\Documentos\GitHub\xray-monolith\src\Layers\xrRenderVulkan\xrRender_Vulkan.vcxproj]
  (compiling source file '/vk_RenderFactory.cpp')
  
C:\Users\egorb\OneDrive\Documentos\GitHub\xray-monolith\src\xrCDB\ISpatial.h(152,9): warning C4302: '<function-style-cast>': truncation from 'ISpatial_NODE *' to 'ISpatial_NODE::ptrt' [C:\Users\egorb\OneDrive\Documentos\GitHub\xray-monolith\src\Layers\xrRenderVulkan\xrRender_Vulkan.vcxproj]
  (compiling source file '/vk_SkeletonStubs.cpp')
  
C:\Users\egorb\OneDrive\Documentos\GitHub\xray-monolith\src\xrcdb\ispatial.h(154,9): warning C4302: '<function-style-cast>': truncation from 'ISpatial_NODE *' to 'ISpatial_NODE::ptrt' [C:\Users\egorb\OneDrive\Documentos\GitHub\xray-monolith\src\Layers\xrRenderVulkan\xrRender_Vulkan.vcxproj]
  (compiling source file '/vk_RenderFactory.cpp')
  
C:\Users\egorb\OneDrive\Documentos\GitHub\xray-monolith\src\xrCDB\ISpatial.h(152,29): warning C4311: '<function-style-cast>': pointer truncation from 'ISpatial_NODE *' to 'ISpatial_NODE::ptrt' [C:\Users\egorb\OneDrive\Documentos\GitHub\xray-monolith\src\Layers\xrRenderVulkan\xrRender_Vulkan.vcxproj]
  (compiling source file '/vk_SkeletonStubs.cpp')
  
C:\Users\egorb\OneDrive\Documentos\GitHub\xray-monolith\src\xrCDB\ISpatial.h(152,29): warning C4302: '<function-style-cast>': truncation from 'ISpatial_NODE *' to 'ISpatial_NODE::ptrt' [C:\Users\egorb\OneDrive\Documentos\GitHub\xray-monolith\src\Layers\xrRenderVulkan\xrRender_Vulkan.vcxproj]
  (compiling source file '/vk_SkeletonStubs.cpp')
  
C:\Users\egorb\OneDrive\Documentos\GitHub\xray-monolith\src\xrcdb\ispatial.h(154,29): warning C4311: '<function-style-cast>': pointer truncation from 'ISpatial_NODE *' to 'ISpatial_NODE::ptrt' [C:\Users\egorb\OneDrive\Documentos\GitHub\xray-monolith\src\Layers\xrRenderVulkan\xrRender_Vulkan.vcxproj]
  (compiling source file '/vk_RenderFactory.cpp')
  
C:\Users\egorb\OneDrive\Documentos\GitHub\xray-monolith\src\xrCDB\ISpatial.h(153,9): warning C4311: '<function-style-cast>': pointer truncation from 'ISpatial_NODE *' to 'ISpatial_NODE::ptrt' [C:\Users\egorb\OneDrive\Documentos\GitHub\xray-monolith\src\Layers\xrRenderVulkan\xrRender_Vulkan.vcxproj]
  (compiling source file '/vk_SkeletonStubs.cpp')
  
C:\Users\egorb\OneDrive\Documentos\GitHub\xray-monolith\src\xrcdb\ispatial.h(154,29): warning C4302: '<function-style-cast>': truncation from 'ISpatial_NODE *' to 'ISpatial_NODE::ptrt' [C:\Users\egorb\OneDrive\Documentos\GitHub\xray-monolith\src\Layers\xrRenderVulkan\xrRender_Vulkan.vcxproj]
  (compiling source file '/vk_RenderFactory.cpp')
  
C:\Users\egorb\OneDrive\Documentos\GitHub\xray-monolith\src\xrCDB\ISpatial.h(153,9): warning C4302: '<function-style-cast>': truncation from 'ISpatial_NODE *' to 'ISpatial_NODE::ptrt' [C:\Users\egorb\OneDrive\Documentos\GitHub\xray-monolith\src\Layers\xrRenderVulkan\xrRender_Vulkan.vcxproj]
  (compiling source file '/vk_SkeletonStubs.cpp')
  
C:\Users\egorb\OneDrive\Documentos\GitHub\xray-monolith\src\xrCDB\ISpatial.h(153,29): warning C4311: '<function-style-cast>': pointer truncation from 'ISpatial_NODE *' to 'ISpatial_NODE::ptrt' [C:\Users\egorb\OneDrive\Documentos\GitHub\xray-monolith\src\Layers\xrRenderVulkan\xrRender_Vulkan.vcxproj]
  (compiling source file '/vk_SkeletonStubs.cpp')
  
C:\Users\egorb\OneDrive\Documentos\GitHub\xray-monolith\src\xrCDB\ISpatial.h(153,29): warning C4302: '<function-style-cast>': truncation from 'ISpatial_NODE *' to 'ISpatial_NODE::ptrt' [C:\Users\egorb\OneDrive\Documentos\GitHub\xray-monolith\src\Layers\xrRenderVulkan\xrRender_Vulkan.vcxproj]
  (compiling source file '/vk_SkeletonStubs.cpp')
  
C:\Users\egorb\OneDrive\Documentos\GitHub\xray-monolith\src\xrCDB\ISpatial.h(154,9): warning C4311: '<function-style-cast>': pointer truncation from 'ISpatial_NODE *' to 'ISpatial_NODE::ptrt' [C:\Users\egorb\OneDrive\Documentos\GitHub\xray-monolith\src\Layers\xrRenderVulkan\xrRender_Vulkan.vcxproj]
  (compiling source file '/vk_SkeletonStubs.cpp')
  
C:\Users\egorb\OneDrive\Documentos\GitHub\xray-monolith\src\xrCDB\ISpatial.h(154,9): warning C4302: '<function-style-cast>': truncation from 'ISpatial_NODE *' to 'ISpatial_NODE::ptrt' [C:\Users\egorb\OneDrive\Documentos\GitHub\xray-monolith\src\Layers\xrRenderVulkan\xrRender_Vulkan.vcxproj]
  (compiling source file '/vk_SkeletonStubs.cpp')
  
C:\Users\egorb\OneDrive\Documentos\GitHub\xray-monolith\src\xrCDB\ISpatial.h(154,29): warning C4311: '<function-style-cast>': pointer truncation from 'ISpatial_NODE *' to 'ISpatial_NODE::ptrt' [C:\Users\egorb\OneDrive\Documentos\GitHub\xray-monolith\src\Layers\xrRenderVulkan\xrRender_Vulkan.vcxproj]
  (compiling source file '/vk_SkeletonStubs.cpp')
  
C:\Users\egorb\OneDrive\Documentos\GitHub\xray-monolith\src\xrCDB\ISpatial.h(154,29): warning C4302: '<function-style-cast>': truncation from 'ISpatial_NODE *' to 'ISpatial_NODE::ptrt' [C:\Users\egorb\OneDrive\Documentos\GitHub\xray-monolith\src\Layers\xrRenderVulkan\xrRender_Vulkan.vcxproj]
  (compiling source file '/vk_SkeletonStubs.cpp')
  
C:\Users\egorb\OneDrive\Documentos\GitHub\xray-monolith\src\xrCDB\ISpatial.h(151,9): warning C4311: '<function-style-cast>': pointer truncation from 'ISpatial_NODE *' to 'ISpatial_NODE::ptrt' [C:\Users\egorb\OneDrive\Documentos\GitHub\xray-monolith\src\Layers\xrRenderVulkan\xrRender_Vulkan.vcxproj]
  (compiling source file '/vk_SkeletonAnimated.cpp')
  
C:\Users\egorb\OneDrive\Documentos\GitHub\xray-monolith\src\xrCDB\ISpatial.h(151,9): warning C4302: '<function-style-cast>': truncation from 'ISpatial_NODE *' to 'ISpatial_NODE::ptrt' [C:\Users\egorb\OneDrive\Documentos\GitHub\xray-monolith\src\Layers\xrRenderVulkan\xrRender_Vulkan.vcxproj]
  (compiling source file '/vk_SkeletonAnimated.cpp')
  
C:\Users\egorb\OneDrive\Documentos\GitHub\xray-monolith\src\xrCDB\ISpatial.h(151,29): warning C4311: '<function-style-cast>': pointer truncation from 'ISpatial_NODE *' to 'ISpatial_NODE::ptrt' [C:\Users\egorb\OneDrive\Documentos\GitHub\xray-monolith\src\Layers\xrRenderVulkan\xrRender_Vulkan.vcxproj]
  (compiling source file '/vk_SkeletonAnimated.cpp')
  
C:\Users\egorb\OneDrive\Documentos\GitHub\xray-monolith\src\xrCDB\ISpatial.h(151,29): warning C4302: '<function-style-cast>': truncation from 'ISpatial_NODE *' to 'ISpatial_NODE::ptrt' [C:\Users\egorb\OneDrive\Documentos\GitHub\xray-monolith\src\Layers\xrRenderVulkan\xrRender_Vulkan.vcxproj]
  (compiling source file '/vk_SkeletonAnimated.cpp')
  
C:\Users\egorb\OneDrive\Documentos\GitHub\xray-monolith\src\xrCDB\ISpatial.h(152,9): warning C4311: '<function-style-cast>': pointer truncation from 'ISpatial_NODE *' to 'ISpatial_NODE::ptrt' [C:\Users\egorb\OneDrive\Documentos\GitHub\xray-monolith\src\Layers\xrRenderVulkan\xrRender_Vulkan.vcxproj]
  (compiling source file '/vk_SkeletonAnimated.cpp')
  
C:\Users\egorb\OneDrive\Documentos\GitHub\xray-monolith\src\xrCDB\ISpatial.h(152,9): warning C4302: '<function-style-cast>': truncation from 'ISpatial_NODE *' to 'ISpatial_NODE::ptrt' [C:\Users\egorb\OneDrive\Documentos\GitHub\xray-monolith\src\Layers\xrRenderVulkan\xrRender_Vulkan.vcxproj]
  (compiling source file '/vk_SkeletonAnimated.cpp')
  
C:\Users\egorb\OneDrive\Documentos\GitHub\xray-monolith\src\xrCDB\ISpatial.h(152,29): warning C4311: '<function-style-cast>': pointer truncation from 'ISpatial_NODE *' to 'ISpatial_NODE::ptrt' [C:\Users\egorb\OneDrive\Documentos\GitHub\xray-monolith\src\Layers\xrRenderVulkan\xrRender_Vulkan.vcxproj]
  (compiling source file '/vk_SkeletonAnimated.cpp')
  
C:\Users\egorb\OneDrive\Documentos\GitHub\xray-monolith\src\xrCDB\ISpatial.h(152,29): warning C4302: '<function-style-cast>': truncation from 'ISpatial_NODE *' to 'ISpatial_NODE::ptrt' [C:\Users\egorb\OneDrive\Documentos\GitHub\xray-monolith\src\Layers\xrRenderVulkan\xrRender_Vulkan.vcxproj]
  (compiling source file '/vk_SkeletonAnimated.cpp')
  
C:\Users\egorb\OneDrive\Documentos\GitHub\xray-monolith\src\xrCDB\ISpatial.h(153,9): warning C4311: '<function-style-cast>': pointer truncation from 'ISpatial_NODE *' to 'ISpatial_NODE::ptrt' [C:\Users\egorb\OneDrive\Documentos\GitHub\xray-monolith\src\Layers\xrRenderVulkan\xrRender_Vulkan.vcxproj]
  (compiling source file '/vk_SkeletonAnimated.cpp')
  
C:\Users\egorb\OneDrive\Documentos\GitHub\xray-monolith\src\xrCDB\ISpatial.h(153,9): warning C4302: '<function-style-cast>': truncation from 'ISpatial_NODE *' to 'ISpatial_NODE::ptrt' [C:\Users\egorb\OneDrive\Documentos\GitHub\xray-monolith\src\Layers\xrRenderVulkan\xrRender_Vulkan.vcxproj]
  (compiling source file '/vk_SkeletonAnimated.cpp')
  
C:\Users\egorb\OneDrive\Documentos\GitHub\xray-monolith\src\xrCDB\ISpatial.h(153,29): warning C4311: '<function-style-cast>': pointer truncation from 'ISpatial_NODE *' to 'ISpatial_NODE::ptrt' [C:\Users\egorb\OneDrive\Documentos\GitHub\xray-monolith\src\Layers\xrRenderVulkan\xrRender_Vulkan.vcxproj]
  (compiling source file '/vk_SkeletonAnimated.cpp')
  
C:\Users\egorb\OneDrive\Documentos\GitHub\xray-monolith\src\xrCDB\ISpatial.h(153,29): warning C4302: '<function-style-cast>': truncation from 'ISpatial_NODE *' to 'ISpatial_NODE::ptrt' [C:\Users\egorb\OneDrive\Documentos\GitHub\xray-monolith\src\Layers\xrRenderVulkan\xrRender_Vulkan.vcxproj]
  (compiling source file '/vk_SkeletonAnimated.cpp')
  
C:\Users\egorb\OneDrive\Documentos\GitHub\xray-monolith\src\xrCDB\ISpatial.h(154,9): warning C4311: '<function-style-cast>': pointer truncation from 'ISpatial_NODE *' to 'ISpatial_NODE::ptrt' [C:\Users\egorb\OneDrive\Documentos\GitHub\xray-monolith\src\Layers\xrRenderVulkan\xrRender_Vulkan.vcxproj]
  (compiling source file '/vk_SkeletonAnimated.cpp')
  
C:\Users\egorb\OneDrive\Documentos\GitHub\xray-monolith\src\xrCDB\ISpatial.h(154,9): warning C4302: '<function-style-cast>': truncation from 'ISpatial_NODE *' to 'ISpatial_NODE::ptrt' [C:\Users\egorb\OneDrive\Documentos\GitHub\xray-monolith\src\Layers\xrRenderVulkan\xrRender_Vulkan.vcxproj]
  (compiling source file '/vk_SkeletonAnimated.cpp')
  
C:\Users\egorb\OneDrive\Documentos\GitHub\xray-monolith\src\xrCDB\ISpatial.h(154,29): warning C4311: '<function-style-cast>': pointer truncation from 'ISpatial_NODE *' to 'ISpatial_NODE::ptrt' [C:\Users\egorb\OneDrive\Documentos\GitHub\xray-monolith\src\Layers\xrRenderVulkan\xrRender_Vulkan.vcxproj]
  (compiling source file '/vk_SkeletonAnimated.cpp')
  
C:\Users\egorb\OneDrive\Documentos\GitHub\xray-monolith\src\xrCDB\ISpatial.h(154,29): warning C4302: '<function-style-cast>': truncation from 'ISpatial_NODE *' to 'ISpatial_NODE::ptrt' [C:\Users\egorb\OneDrive\Documentos\GitHub\xray-monolith\src\Layers\xrRenderVulkan\xrRender_Vulkan.vcxproj]
  (compiling source file '/vk_SkeletonAnimated.cpp')
  
C:\Users\egorb\OneDrive\Documentos\GitHub\xray-monolith\src\xrCDB\ISpatial.h(151,9): warning C4311: '<function-style-cast>': pointer truncation from 'ISpatial_NODE *' to 'ISpatial_NODE::ptrt' [C:\Users\egorb\OneDrive\Documentos\GitHub\xray-monolith\src\Layers\xrRenderVulkan\xrRender_Vulkan.vcxproj]
  (compiling source file '/vk_SkeletonCustom.cpp')
  
C:\Users\egorb\OneDrive\Documentos\GitHub\xray-monolith\src\xrCDB\ISpatial.h(151,9): warning C4302: '<function-style-cast>': truncation from 'ISpatial_NODE *' to 'ISpatial_NODE::ptrt' [C:\Users\egorb\OneDrive\Documentos\GitHub\xray-monolith\src\Layers\xrRenderVulkan\xrRender_Vulkan.vcxproj]
  (compiling source file '/vk_SkeletonCustom.cpp')
  
C:\Users\egorb\OneDrive\Documentos\GitHub\xray-monolith\src\xrCDB\ISpatial.h(151,29): warning C4311: '<function-style-cast>': pointer truncation from 'ISpatial_NODE *' to 'ISpatial_NODE::ptrt' [C:\Users\egorb\OneDrive\Documentos\GitHub\xray-monolith\src\Layers\xrRenderVulkan\xrRender_Vulkan.vcxproj]
  (compiling source file '/vk_SkeletonCustom.cpp')
  
C:\Users\egorb\OneDrive\Documentos\GitHub\xray-monolith\src\xrCDB\ISpatial.h(151,29): warning C4302: '<function-style-cast>': truncation from 'ISpatial_NODE *' to 'ISpatial_NODE::ptrt' [C:\Users\egorb\OneDrive\Documentos\GitHub\xray-monolith\src\Layers\xrRenderVulkan\xrRender_Vulkan.vcxproj]
  (compiling source file '/vk_SkeletonCustom.cpp')
  
C:\Users\egorb\OneDrive\Documentos\GitHub\xray-monolith\src\xrCDB\ISpatial.h(152,9): warning C4311: '<function-style-cast>': pointer truncation from 'ISpatial_NODE *' to 'ISpatial_NODE::ptrt' [C:\Users\egorb\OneDrive\Documentos\GitHub\xray-monolith\src\Layers\xrRenderVulkan\xrRender_Vulkan.vcxproj]
  (compiling source file '/vk_SkeletonCustom.cpp')
  
C:\Users\egorb\OneDrive\Documentos\GitHub\xray-monolith\src\xrCDB\ISpatial.h(152,9): warning C4302: '<function-style-cast>': truncation from 'ISpatial_NODE *' to 'ISpatial_NODE::ptrt' [C:\Users\egorb\OneDrive\Documentos\GitHub\xray-monolith\src\Layers\xrRenderVulkan\xrRender_Vulkan.vcxproj]
  (compiling source file '/vk_SkeletonCustom.cpp')
  
C:\Users\egorb\OneDrive\Documentos\GitHub\xray-monolith\src\xrCDB\ISpatial.h(152,29): warning C4311: '<function-style-cast>': pointer truncation from 'ISpatial_NODE *' to 'ISpatial_NODE::ptrt' [C:\Users\egorb\OneDrive\Documentos\GitHub\xray-monolith\src\Layers\xrRenderVulkan\xrRender_Vulkan.vcxproj]
  (compiling source file '/vk_SkeletonCustom.cpp')
  
C:\Users\egorb\OneDrive\Documentos\GitHub\xray-monolith\src\xrCDB\ISpatial.h(152,29): warning C4302: '<function-style-cast>': truncation from 'ISpatial_NODE *' to 'ISpatial_NODE::ptrt' [C:\Users\egorb\OneDrive\Documentos\GitHub\xray-monolith\src\Layers\xrRenderVulkan\xrRender_Vulkan.vcxproj]
  (compiling source file '/vk_SkeletonCustom.cpp')
  
C:\Users\egorb\OneDrive\Documentos\GitHub\xray-monolith\src\xrCDB\ISpatial.h(153,9): warning C4311: '<function-style-cast>': pointer truncation from 'ISpatial_NODE *' to 'ISpatial_NODE::ptrt' [C:\Users\egorb\OneDrive\Documentos\GitHub\xray-monolith\src\Layers\xrRenderVulkan\xrRender_Vulkan.vcxproj]
  (compiling source file '/vk_SkeletonCustom.cpp')
  
C:\Users\egorb\OneDrive\Documentos\GitHub\xray-monolith\src\xrCDB\ISpatial.h(153,9): warning C4302: '<function-style-cast>': truncation from 'ISpatial_NODE *' to 'ISpatial_NODE::ptrt' [C:\Users\egorb\OneDrive\Documentos\GitHub\xray-monolith\src\Layers\xrRenderVulkan\xrRender_Vulkan.vcxproj]
  (compiling source file '/vk_SkeletonCustom.cpp')
  
C:\Users\egorb\OneDrive\Documentos\GitHub\xray-monolith\src\xrCDB\ISpatial.h(153,29): warning C4311: '<function-style-cast>': pointer truncation from 'ISpatial_NODE *' to 'ISpatial_NODE::ptrt' [C:\Users\egorb\OneDrive\Documentos\GitHub\xray-monolith\src\Layers\xrRenderVulkan\xrRender_Vulkan.vcxproj]
  (compiling source file '/vk_SkeletonCustom.cpp')
  
C:\Users\egorb\OneDrive\Documentos\GitHub\xray-monolith\src\xrCDB\ISpatial.h(153,29): warning C4302: '<function-style-cast>': truncation from 'ISpatial_NODE *' to 'ISpatial_NODE::ptrt' [C:\Users\egorb\OneDrive\Documentos\GitHub\xray-monolith\src\Layers\xrRenderVulkan\xrRender_Vulkan.vcxproj]
  (compiling source file '/vk_SkeletonCustom.cpp')
  
C:\Users\egorb\OneDrive\Documentos\GitHub\xray-monolith\src\xrCDB\ISpatial.h(154,9): warning C4311: '<function-style-cast>': pointer truncation from 'ISpatial_NODE *' to 'ISpatial_NODE::ptrt' [C:\Users\egorb\OneDrive\Documentos\GitHub\xray-monolith\src\Layers\xrRenderVulkan\xrRender_Vulkan.vcxproj]
  (compiling source file '/vk_SkeletonCustom.cpp')
  
C:\Users\egorb\OneDrive\Documentos\GitHub\xray-monolith\src\xrCDB\ISpatial.h(154,9): warning C4302: '<function-style-cast>': truncation from 'ISpatial_NODE *' to 'ISpatial_NODE::ptrt' [C:\Users\egorb\OneDrive\Documentos\GitHub\xray-monolith\src\Layers\xrRenderVulkan\xrRender_Vulkan.vcxproj]
  (compiling source file '/vk_SkeletonCustom.cpp')
  
C:\Users\egorb\OneDrive\Documentos\GitHub\xray-monolith\src\xrCDB\ISpatial.h(154,29): warning C4311: '<function-style-cast>': pointer truncation from 'ISpatial_NODE *' to 'ISpatial_NODE::ptrt' [C:\Users\egorb\OneDrive\Documentos\GitHub\xray-monolith\src\Layers\xrRenderVulkan\xrRender_Vulkan.vcxproj]
  (compiling source file '/vk_SkeletonCustom.cpp')
  
C:\Users\egorb\OneDrive\Documentos\GitHub\xray-monolith\src\xrCDB\ISpatial.h(154,29): warning C4302: '<function-style-cast>': truncation from 'ISpatial_NODE *' to 'ISpatial_NODE::ptrt' [C:\Users\egorb\OneDrive\Documentos\GitHub\xray-monolith\src\Layers\xrRenderVulkan\xrRender_Vulkan.vcxproj]
  (compiling source file '/vk_SkeletonCustom.cpp')
  
C:\Users\egorb\OneDrive\Documentos\GitHub\xray-monolith\src\xrCDB\ISpatial.h(151,9): warning C4311: '<function-style-cast>': pointer truncation from 'ISpatial_NODE *' to 'ISpatial_NODE::ptrt' [C:\Users\egorb\OneDrive\Documentos\GitHub\xray-monolith\src\Layers\xrRenderVulkan\xrRender_Vulkan.vcxproj]
  (compiling source file '/vk_SkeletonRigid.cpp')
  
C:\Users\egorb\OneDrive\Documentos\GitHub\xray-monolith\src\xrCDB\ISpatial.h(151,9): warning C4302: '<function-style-cast>': truncation from 'ISpatial_NODE *' to 'ISpatial_NODE::ptrt' [C:\Users\egorb\OneDrive\Documentos\GitHub\xray-monolith\src\Layers\xrRenderVulkan\xrRender_Vulkan.vcxproj]
  (compiling source file '/vk_SkeletonRigid.cpp')
  
C:\Users\egorb\OneDrive\Documentos\GitHub\xray-monolith\src\xrCDB\ISpatial.h(151,29): warning C4311: '<function-style-cast>': pointer truncation from 'ISpatial_NODE *' to 'ISpatial_NODE::ptrt' [C:\Users\egorb\OneDrive\Documentos\GitHub\xray-monolith\src\Layers\xrRenderVulkan\xrRender_Vulkan.vcxproj]
  (compiling source file '/vk_SkeletonRigid.cpp')
  
C:\Users\egorb\OneDrive\Documentos\GitHub\xray-monolith\src\xrCDB\ISpatial.h(151,29): warning C4302: '<function-style-cast>': truncation from 'ISpatial_NODE *' to 'ISpatial_NODE::ptrt' [C:\Users\egorb\OneDrive\Documentos\GitHub\xray-monolith\src\Layers\xrRenderVulkan\xrRender_Vulkan.vcxproj]
  (compiling source file '/vk_SkeletonRigid.cpp')
  
C:\Users\egorb\OneDrive\Documentos\GitHub\xray-monolith\src\xrCDB\ISpatial.h(152,9): warning C4311: '<function-style-cast>': pointer truncation from 'ISpatial_NODE *' to 'ISpatial_NODE::ptrt' [C:\Users\egorb\OneDrive\Documentos\GitHub\xray-monolith\src\Layers\xrRenderVulkan\xrRender_Vulkan.vcxproj]
  (compiling source file '/vk_SkeletonRigid.cpp')
  
C:\Users\egorb\OneDrive\Documentos\GitHub\xray-monolith\src\xrCDB\ISpatial.h(152,9): warning C4302: '<function-style-cast>': truncation from 'ISpatial_NODE *' to 'ISpatial_NODE::ptrt' [C:\Users\egorb\OneDrive\Documentos\GitHub\xray-monolith\src\Layers\xrRenderVulkan\xrRender_Vulkan.vcxproj]
  (compiling source file '/vk_SkeletonRigid.cpp')
  
C:\Users\egorb\OneDrive\Documentos\GitHub\xray-monolith\src\xrCDB\ISpatial.h(152,29): warning C4311: '<function-style-cast>': pointer truncation from 'ISpatial_NODE *' to 'ISpatial_NODE::ptrt' [C:\Users\egorb\OneDrive\Documentos\GitHub\xray-monolith\src\Layers\xrRenderVulkan\xrRender_Vulkan.vcxproj]
  (compiling source file '/vk_SkeletonRigid.cpp')
  
C:\Users\egorb\OneDrive\Documentos\GitHub\xray-monolith\src\xrCDB\ISpatial.h(152,29): warning C4302: '<function-style-cast>': truncation from 'ISpatial_NODE *' to 'ISpatial_NODE::ptrt' [C:\Users\egorb\OneDrive\Documentos\GitHub\xray-monolith\src\Layers\xrRenderVulkan\xrRender_Vulkan.vcxproj]
  (compiling source file '/vk_SkeletonRigid.cpp')
  
C:\Users\egorb\OneDrive\Documentos\GitHub\xray-monolith\src\xrCDB\ISpatial.h(153,9): warning C4311: '<function-style-cast>': pointer truncation from 'ISpatial_NODE *' to 'ISpatial_NODE::ptrt' [C:\Users\egorb\OneDrive\Documentos\GitHub\xray-monolith\src\Layers\xrRenderVulkan\xrRender_Vulkan.vcxproj]
  (compiling source file '/vk_SkeletonRigid.cpp')
  
C:\Users\egorb\OneDrive\Documentos\GitHub\xray-monolith\src\xrCDB\ISpatial.h(153,9): warning C4302: '<function-style-cast>': truncation from 'ISpatial_NODE *' to 'ISpatial_NODE::ptrt' [C:\Users\egorb\OneDrive\Documentos\GitHub\xray-monolith\src\Layers\xrRenderVulkan\xrRender_Vulkan.vcxproj]
  (compiling source file '/vk_SkeletonRigid.cpp')
  
C:\Users\egorb\OneDrive\Documentos\GitHub\xray-monolith\src\xrCDB\ISpatial.h(153,29): warning C4311: '<function-style-cast>': pointer truncation from 'ISpatial_NODE *' to 'ISpatial_NODE::ptrt' [C:\Users\egorb\OneDrive\Documentos\GitHub\xray-monolith\src\Layers\xrRenderVulkan\xrRender_Vulkan.vcxproj]
  (compiling source file '/vk_SkeletonRigid.cpp')
  
C:\Users\egorb\OneDrive\Documentos\GitHub\xray-monolith\src\xrCDB\ISpatial.h(153,29): warning C4302: '<function-style-cast>': truncation from 'ISpatial_NODE *' to 'ISpatial_NODE::ptrt' [C:\Users\egorb\OneDrive\Documentos\GitHub\xray-monolith\src\Layers\xrRenderVulkan\xrRender_Vulkan.vcxproj]
  (compiling source file '/vk_SkeletonRigid.cpp')
  
C:\Users\egorb\OneDrive\Documentos\GitHub\xray-monolith\src\xrCDB\ISpatial.h(154,9): warning C4311: '<function-style-cast>': pointer truncation from 'ISpatial_NODE *' to 'ISpatial_NODE::ptrt' [C:\Users\egorb\OneDrive\Documentos\GitHub\xray-monolith\src\Layers\xrRenderVulkan\xrRender_Vulkan.vcxproj]
  (compiling source file '/vk_SkeletonRigid.cpp')
  
C:\Users\egorb\OneDrive\Documentos\GitHub\xray-monolith\src\xrCDB\ISpatial.h(154,9): warning C4302: '<function-style-cast>': truncation from 'ISpatial_NODE *' to 'ISpatial_NODE::ptrt' [C:\Users\egorb\OneDrive\Documentos\GitHub\xray-monolith\src\Layers\xrRenderVulkan\xrRender_Vulkan.vcxproj]
  (compiling source file '/vk_SkeletonRigid.cpp')
  
C:\Users\egorb\OneDrive\Documentos\GitHub\xray-monolith\src\xrCDB\ISpatial.h(154,29): warning C4311: '<function-style-cast>': pointer truncation from 'ISpatial_NODE *' to 'ISpatial_NODE::ptrt' [C:\Users\egorb\OneDrive\Documentos\GitHub\xray-monolith\src\Layers\xrRenderVulkan\xrRender_Vulkan.vcxproj]
  (compiling source file '/vk_SkeletonRigid.cpp')
  
C:\Users\egorb\OneDrive\Documentos\GitHub\xray-monolith\src\xrCDB\ISpatial.h(154,29): warning C4302: '<function-style-cast>': truncation from 'ISpatial_NODE *' to 'ISpatial_NODE::ptrt' [C:\Users\egorb\OneDrive\Documentos\GitHub\xray-monolith\src\Layers\xrRenderVulkan\xrRender_Vulkan.vcxproj]
  (compiling source file '/vk_SkeletonRigid.cpp')
  
C:\Users\egorb\OneDrive\Documentos\GitHub\xray-monolith\src\Layers\xrRenderVulkan\rvk.h(27,9): warning C4348: 'intrusive_ptr': redefinition of default parameter: parameter 2 [C:\Users\egorb\OneDrive\Documentos\GitHub\xray-monolith\src\Layers\xrRenderVulkan\xrRender_Vulkan.vcxproj]
  (compiling source file '/rvk_shadow.cpp')
      C:\Users\egorb\OneDrive\Documentos\GitHub\xray-monolith\src\xrCore\intrusive_ptr.h(39,7):
      see declaration of 'intrusive_ptr'
  
C:\Users\egorb\OneDrive\Documentos\GitHub\xray-monolith\src\Layers\xrRenderVulkan\rvk.h(27,9): warning C4348: 'intrusive_ptr': redefinition of default parameter: parameter 2 [C:\Users\egorb\OneDrive\Documentos\GitHub\xray-monolith\src\Layers\xrRenderVulkan\xrRender_Vulkan.vcxproj]
  (compiling source file '/rvk_sun.cpp')
      C:\Users\egorb\OneDrive\Documentos\GitHub\xray-monolith\src\xrCore\intrusive_ptr.h(39,7):
      see declaration of 'intrusive_ptr'
  
C:\Users\egorb\OneDrive\Documentos\GitHub\xray-monolith\src\Layers\xrRenderVulkan\rvk_sun.cpp(79,10): warning C4101: 'm_LightViewProj': unreferenced local variable [C:\Users\egorb\OneDrive\Documentos\GitHub\xray-monolith\src\Layers\xrRenderVulkan\xrRender_Vulkan.vcxproj]
  (compiling source file '/rvk_sun.cpp')
  
C:\Users\egorb\OneDrive\Documentos\GitHub\xray-monolith\src\Layers\xrRenderVulkan\rvk.h(27,9): warning C4348: 'intrusive_ptr': redefinition of default parameter: parameter 2 [C:\Users\egorb\OneDrive\Documentos\GitHub\xray-monolith\src\Layers\xrRenderVulkan\xrRender_Vulkan.vcxproj]
  (compiling source file '/vk_RenderFactory.cpp')
      C:\Users\egorb\OneDrive\Documentos\GitHub\xray-monolith\src\xrCore\intrusive_ptr.h(39,7):
      see declaration of 'intrusive_ptr'
  
C:\Users\egorb\OneDrive\Documentos\GitHub\xray-monolith\src\Layers\xrRenderVulkan\rvk.h(27,9): warning C4348: 'intrusive_ptr': redefinition of default parameter: parameter 2 [C:\Users\egorb\OneDrive\Documentos\GitHub\xray-monolith\src\Layers\xrRenderVulkan\xrRender_Vulkan.vcxproj]
  (compiling source file '/vk_SkeletonCustom.cpp')
      C:\Users\egorb\OneDrive\Documentos\GitHub\xray-monolith\src\xrCore\intrusive_ptr.h(39,7):
      see declaration of 'intrusive_ptr'
  
C:\Users\egorb\OneDrive\Documentos\GitHub\xray-monolith\src\Layers\xrRenderVulkan\vk_RenderFactory.cpp(27,28): warning C4995: 'strlen': name was marked as #pragma deprecated [C:\Users\egorb\OneDrive\Documentos\GitHub\xray-monolith\src\Layers\xrRenderVulkan\xrRender_Vulkan.vcxproj]
  (compiling source file '/vk_RenderFactory.cpp')
  
C:\Users\egorb\OneDrive\Documentos\GitHub\xray-monolith\src\Layers\xrRenderVulkan\vk_RenderFactory.cpp(41,28): warning C4995: 'strlen': name was marked as #pragma deprecated [C:\Users\egorb\OneDrive\Documentos\GitHub\xray-monolith\src\Layers\xrRenderVulkan\xrRender_Vulkan.vcxproj]
  (compiling source file '/vk_RenderFactory.cpp')
  
  C:\Users\egorb\OneDrive\Documentos\GitHub\xray-monolith\src\Layers\xrRenderVulkan\vk_SkeletonCustom.cpp(220) :  TODO : "container is created in stack!"
  C:\Users\egorb\OneDrive\Documentos\GitHub\xray-monolith\src\Layers\xrRenderVulkan\vk_SkeletonCustom.cpp(389) :  TODO : "container is created in stack!"
  C:\Users\egorb\OneDrive\Documentos\GitHub\xray-monolith\src\Layers\xrRenderVulkan\vk_SkeletonCustom.cpp(393) :  TODO : "container is created in stack!"
vk_console.obj : warning LNK4006: "float ps_r__WallmarkTTL" (?ps_r__WallmarkTTL@@3MA) already defined in vk_SkeletonStubs.obj; second definition ignored [C:\Users\egorb\OneDrive\Documentos\GitHub\xray-monolith\src\Layers\xrRenderVulkan\xrRender_Vulkan.vcxproj]
vk_console.obj : warning LNK4006: "int ps_r1_SoftwareSkinning" (?ps_r1_SoftwareSkinning@@3HA) already defined in vk_SkeletonStubs.obj; second definition ignored [C:\Users\egorb\OneDrive\Documentos\GitHub\xray-monolith\src\Layers\xrRenderVulkan\xrRender_Vulkan.vcxproj]
vk_console.obj : warning LNK4006: "int r_optimize_calculate_bones" (?r_optimize_calculate_bones@@3HA) already defined in vk_SkeletonRigid.obj; second definition ignored [C:\Users\egorb\OneDrive\Documentos\GitHub\xray-monolith\src\Layers\xrRenderVulkan\xrRender_Vulkan.vcxproj]
  xrRender_Vulkan.vcxproj -> C:\Users\egorb\OneDrive\Documentos\GitHub\xray-monolith\_build\_game\bin_dbg\x64\VerifiedDX11\xrRender_Vulkan.lib
    OK
>>> Building xrEngine...

  Ensuring LuaJIT generated files exist
  libvorbis_static.vcxproj -> C:\Users\egorb\OneDrive\Documentos\GitHub\xray-monolith\_build\_game\bin_dbg\x64\Release\libvorbis_static.lib
  libogg_static.vcxproj -> C:\Users\egorb\OneDrive\Documentos\GitHub\xray-monolith\_build\_game\bin_dbg\x64\Release\libogg_static.lib
  [LuaJIT] Determine DynASM path and if platform is x64
  [LuaJIT] Platform is x64, set -D P64
  [LuaJIT] Running DynASM to generate host\buildvm_arch.h
  analyze.c
  apiwrapper.c
  bitpack.c
  cpu.c
  decapiwrapper.c
  decinfo.c
  dequant.c
  encapiwrapper.c
  encfrag.c
  encinfo.c
  encode.c
  enquant.c
  fdct.c
  fragment.c
  huffdec.c
  huffenc.c
  libvorbisfile_static.vcxproj -> C:\Users\egorb\OneDrive\Documentos\GitHub\xray-monolith\_build\_game\bin_dbg\x64\Release\libvorbisfile_static.lib
  info.c
cl : command line  warning D9025: overriding '/std:c++17' with '/std:c++latest' [C:\Users\egorb\OneDrive\Documentos\GitHub\xray-monolith\src\ReShadeCompat\ReShadeCompat.vcxproj]
  stdafx.cpp
  internal.c
  mathops.c
  mcenc.c
  rate.c
  state.c
  tokenize.c
  mmxencfrag.c
  mmxfdct.c
  mmxfrag.c
  mmxidct.c
  mmxstate.c
  x86enc.c
  x86state.c
C:\Users\egorb\OneDrive\Documentos\GitHub\xray-monolith\sdk\include\theora\lib\info.c(57,43): warning C4028: formal parameter 2 different from declaration [C:\Users\egorb\OneDrive\Documentos\GitHub\xray-monolith\sdk\include\theora\libtheora_static.vcxproj]
C:\Users\egorb\OneDrive\Documentos\GitHub\xray-monolith\sdk\include\theora\lib\info.c(78,47): warning C4028: formal parameter 2 different from declaration [C:\Users\egorb\OneDrive\Documentos\GitHub\xray-monolith\sdk\include\theora\libtheora_static.vcxproj]
C:\Users\egorb\OneDrive\Documentos\GitHub\xray-monolith\sdk\include\theora\lib\info.c(78,58): warning C4028: formal parameter 3 different from declaration [C:\Users\egorb\OneDrive\Documentos\GitHub\xray-monolith\sdk\include\theora\libtheora_static.vcxproj]
C:\Users\egorb\OneDrive\Documentos\GitHub\xray-monolith\sdk\include\theora\lib\info.c(94,46): warning C4028: formal parameter 2 different from declaration [C:\Users\egorb\OneDrive\Documentos\GitHub\xray-monolith\sdk\include\theora\libtheora_static.vcxproj]
C:\Users\egorb\OneDrive\Documentos\GitHub\xray-monolith\sdk\include\theora\lib\info.c(110,50): warning C4028: formal parameter 2 different from declaration [C:\Users\egorb\OneDrive\Documentos\GitHub\xray-monolith\sdk\include\theora\libtheora_static.vcxproj]
  [LuaJIT] Generating lj_vm.obj and headers
  DXERR.vcxproj -> C:\Users\egorb\OneDrive\Documentos\GitHub\xray-monolith\_build\_game\bin_dbg\x64\Release\DxErr.lib
  decode.c
  xrCore.vcxproj -> C:\Users\egorb\OneDrive\Documentos\GitHub\xray-monolith\_build\_game\bin_dbg\x64\Release\xrCore.lib
  idct.c
  [LuaJIT] Generation complete
  Generating LuaJIT VM object and headers
  [LuaJIT] Determine DynASM path and if platform is x64
  [LuaJIT] Platform is x64, set -D P64
cl : command line  warning D9025: overriding '/sdl' with '/GS-' [C:\Users\egorb\OneDrive\Documentos\GitHub\xray-monolith\src\3rd party\imgui\imgui.vcxproj]
  [LuaJIT] Running DynASM to generate host\buildvm_arch.h
cl : command line  warning D9025: overriding '/sdl' with '/GS-' [C:\Users\egorb\OneDrive\Documentos\GitHub\xray-monolith\src\3rd party\imgui\imgui.vcxproj]
  imgui_impl_dx10.cpp
cl : command line  warning D9025: overriding '/sdl' with '/GS-' [C:\Users\egorb\OneDrive\Documentos\GitHub\xray-monolith\src\3rd party\imgui\imgui.vcxproj]
cl : command line  warning D9025: overriding '/sdl' with '/GS-' [C:\Users\egorb\OneDrive\Documentos\GitHub\xray-monolith\src\3rd party\imgui\imgui.vcxproj]
  imgui_impl_dx11.cpp
cl : command line  warning D9025: overriding '/sdl' with '/GS-' [C:\Users\egorb\OneDrive\Documentos\GitHub\xray-monolith\src\3rd party\imgui\imgui.vcxproj]
  imgui_impl_dx9.cpp
cl : command line  warning D9025: overriding '/sdl' with '/GS-' [C:\Users\egorb\OneDrive\Documentos\GitHub\xray-monolith\src\3rd party\imgui\imgui.vcxproj]
cl : command line  warning D9025: overriding '/sdl' with '/GS-' [C:\Users\egorb\OneDrive\Documentos\GitHub\xray-monolith\src\3rd party\imgui\imgui.vcxproj]
cl : command line  warning D9025: overriding '/sdl' with '/GS-' [C:\Users\egorb\OneDrive\Documentos\GitHub\xray-monolith\src\3rd party\imgui\imgui.vcxproj]
  imgui.cpp
  imgui_custom.cpp
  imgui_demo.cpp
cl : command line  warning D9025: overriding '/sdl' with '/GS-' [C:\Users\egorb\OneDrive\Documentos\GitHub\xray-monolith\src\3rd party\imgui\imgui.vcxproj]
  imgui_draw.cpp
cl : command line  warning D9025: overriding '/sdl' with '/GS-' [C:\Users\egorb\OneDrive\Documentos\GitHub\xray-monolith\src\3rd party\imgui\imgui.vcxproj]
  imgui_tables.cpp
  imgui_widgets.cpp
  quant.c
  [LuaJIT] Generating lj_vm.obj and headers
  libtheora_static.vcxproj -> C:\Users\egorb\OneDrive\Documentos\GitHub\xray-monolith\_build\_game\bin_dbg\x64\Release\libtheora_static.lib
  [LuaJIT] Generation complete
  lj_alloc.c
  lj_api.c
  lj_asm.c
  lj_bc.c
  lj_bcread.c
  lj_bcwrite.c
  lj_carith.c
  lj_ccall.c
  lj_ccallback.c
  lj_cconv.c
  lj_cdata.c
  lj_char.c
  lj_clib.c
  lj_cparse.c
  lj_crecord.c
  lj_ctype.c
  lj_debug.c
  lj_dispatch.c
  lj_err.c
  lj_ffrecord.c
  lj_func.c
  lj_gc.c
  lj_gdbjit.c
  lj_ir.c
  lj_lex.c
  lj_lib.c
  lj_load.c
  lj_mcode.c
  lj_meta.c
  lj_obj.c
  lj_opt_dce.c
cl : command line  warning D9025: overriding '/std:c++17' with '/std:c++latest' [C:\Users\egorb\OneDrive\Documentos\GitHub\xray-monolith\src\ReShadeCompat\ReShadeCompat.vcxproj]
  lj_opt_fold.c
  lj_opt_loop.c
  lj_opt_mem.c
C:\Users\egorb\OneDrive\Documentos\GitHub\xray-monolith\src\3rd party\luajit-2\src\lj_ccallback.c(117,22): warning C5287: operands are different enum types 'x86Op' and '<unnamed-enum-RID_EAX>'; use an explicit cast to silence this warning [C:\Users\egorb\OneDrive\Documentos\GitHub\xray-monolith\src\3rd party\luajit-2\src\luajit.vcxproj]
C:\Users\egorb\OneDrive\Documentos\GitHub\xray-monolith\src\3rd party\luajit-2\src\lj_ccallback.c(122,23): warning C5287: operands are different enum types 'x86Op' and '<unnamed-enum-RID_EAX>'; use an explicit cast to silence this warning [C:\Users\egorb\OneDrive\Documentos\GitHub\xray-monolith\src\3rd party\luajit-2\src\luajit.vcxproj]
  addon.cpp
  lj_opt_narrow.c
  lj_opt_sink.c
  lj_opt_split.c
  lj_parse.c
  lj_record.c
  lj_snap.c
  lj_state.c
  lj_str.c
  lj_strscan.c
  lj_tab.c
  lj_trace.c
  lj_udata.c
  lj_vmevent.c
  lj_vmmath.c
  lib_aux.c
  lib_base.c
  lib_bit.c
  lib_debug.c
  lib_ffi.c
  lib_init.c
  lib_io.c
  lib_jit.c
  lib_math.c
  lib_os.c
  lib_package.c
  lib_string.c
  lib_table.c
  xr_alloc.c
C:\Users\egorb\OneDrive\Documentos\GitHub\xray-monolith\src\3rd party\luajit-2\src\xr_alloc.c(65,15): warning C4267: 'initializing': conversion from 'size_t' to 'int', possible loss of data [C:\Users\egorb\OneDrive\Documentos\GitHub\xray-monolith\src\3rd party\luajit-2\src\luajit.vcxproj]
C:\Users\egorb\OneDrive\Documentos\GitHub\xray-monolith\src\3rd party\luajit-2\src\xr_alloc.c(92,14): warning C4267: 'initializing': conversion from 'size_t' to 'int', possible loss of data [C:\Users\egorb\OneDrive\Documentos\GitHub\xray-monolith\src\3rd party\luajit-2\src\luajit.vcxproj]
  ReShadeCompat.vcxproj -> C:\Users\egorb\OneDrive\Documentos\GitHub\xray-monolith\_build\_game\bin_dbg\x64\Release\ReShadeCompat.lib
  imgui.vcxproj -> C:\Users\egorb\OneDrive\Documentos\GitHub\xray-monolith\_build\_game\bin_dbg\x64\Release\imgui.lib
lj_vm.obj : warning LNK4042: object specified more than once; extras ignored [C:\Users\egorb\OneDrive\Documentos\GitHub\xray-monolith\src\3rd party\luajit-2\src\luajit.vcxproj]
  luajit.vcxproj -> C:\Users\egorb\OneDrive\Documentos\GitHub\xray-monolith\_build\_game\bin_dbg\x64\Release\lua51.lib
  stdafx.cpp
  achievement_manager.cpp
  activity_manager.cpp
  application_manager.cpp
  core.cpp
  image_manager.cpp
  lobby_manager.cpp
  network_manager.cpp
  overlay_manager.cpp
  relationship_manager.cpp
  storage_manager.cpp
  store_manager.cpp
  types.cpp
  user_manager.cpp
  voice_manager.cpp
  ai_script_lua_debug.cpp
  ai_script_lua_extension.cpp
  bone.cpp
  CameraBase.cpp
  CameraManager.cpp
  cf_dynamic_mesh.cpp
  CustomHUD.cpp
  defines.cpp
  device.cpp
  Device_create.cpp
  Device_destroy.cpp
  Device_Initialize.cpp
  Device_Misc.cpp
  Device_overdraw.cpp
  Device_wndproc.cpp
  edit_actions.cpp
  Effector.cpp
  EffectorPP.cpp
  Engine.cpp
  EngineAPI.cpp
  Envelope.cpp
  Environment.cpp
  Environment_misc.cpp
  Environment_render.cpp
C:\Users\egorb\OneDrive\Documentos\GitHub\xray-monolith\src\xrcdb\ispatial.h(151,9): warning C4311: '<function-style-cast>': pointer truncation from 'ISpatial_NODE *' to 'ISpatial_NODE::ptrt' [C:\Users\egorb\OneDrive\Documentos\GitHub\xray-monolith\src\xrEngine\xrEngine.vcxproj]
  (compiling source file '/cf_dynamic_mesh.cpp')
  
C:\Users\egorb\OneDrive\Documentos\GitHub\xray-monolith\src\xrcdb\ispatial.h(151,29): warning C4311: '<function-style-cast>': pointer truncation from 'ISpatial_NODE *' to 'ISpatial_NODE::ptrt' [C:\Users\egorb\OneDrive\Documentos\GitHub\xray-monolith\src\xrEngine\xrEngine.vcxproj]
  (compiling source file '/cf_dynamic_mesh.cpp')
  
C:\Users\egorb\OneDrive\Documentos\GitHub\xray-monolith\src\xrcdb\ispatial.h(152,9): warning C4311: '<function-style-cast>': pointer truncation from 'ISpatial_NODE *' to 'ISpatial_NODE::ptrt' [C:\Users\egorb\OneDrive\Documentos\GitHub\xray-monolith\src\xrEngine\xrEngine.vcxproj]
  (compiling source file '/cf_dynamic_mesh.cpp')
  
C:\Users\egorb\OneDrive\Documentos\GitHub\xray-monolith\src\xrcdb\ispatial.h(152,29): warning C4311: '<function-style-cast>': pointer truncation from 'ISpatial_NODE *' to 'ISpatial_NODE::ptrt' [C:\Users\egorb\OneDrive\Documentos\GitHub\xray-monolith\src\xrEngine\xrEngine.vcxproj]
  (compiling source file '/cf_dynamic_mesh.cpp')
  
C:\Users\egorb\OneDrive\Documentos\GitHub\xray-monolith\src\xrcdb\ispatial.h(153,9): warning C4311: '<function-style-cast>': pointer truncation from 'ISpatial_NODE *' to 'ISpatial_NODE::ptrt' [C:\Users\egorb\OneDrive\Documentos\GitHub\xray-monolith\src\xrEngine\xrEngine.vcxproj]
  (compiling source file '/cf_dynamic_mesh.cpp')
  
C:\Users\egorb\OneDrive\Documentos\GitHub\xray-monolith\src\xrcdb\ispatial.h(153,29): warning C4311: '<function-style-cast>': pointer truncation from 'ISpatial_NODE *' to 'ISpatial_NODE::ptrt' [C:\Users\egorb\OneDrive\Documentos\GitHub\xray-monolith\src\xrEngine\xrEngine.vcxproj]
  (compiling source file '/cf_dynamic_mesh.cpp')
  
C:\Users\egorb\OneDrive\Documentos\GitHub\xray-monolith\src\xrcdb\ispatial.h(154,9): warning C4311: '<function-style-cast>': pointer truncation from 'ISpatial_NODE *' to 'ISpatial_NODE::ptrt' [C:\Users\egorb\OneDrive\Documentos\GitHub\xray-monolith\src\xrEngine\xrEngine.vcxproj]
  (compiling source file '/cf_dynamic_mesh.cpp')
  
C:\Users\egorb\OneDrive\Documentos\GitHub\xray-monolith\src\xrcdb\ispatial.h(154,29): warning C4311: '<function-style-cast>': pointer truncation from 'ISpatial_NODE *' to 'ISpatial_NODE::ptrt' [C:\Users\egorb\OneDrive\Documentos\GitHub\xray-monolith\src\xrEngine\xrEngine.vcxproj]
  (compiling source file '/cf_dynamic_mesh.cpp')
  
  EventAPI.cpp
C:\Program Files (x86)\Microsoft Visual Studio\2022\BuildTools\VC\Tools\MSVC\14.44.35207\include\xlocinfo(116,15): warning C4995: 'free': name was marked as #pragma deprecated [C:\Users\egorb\OneDrive\Documentos\GitHub\xray-monolith\src\xrEngine\xrEngine.vcxproj]
  (compiling source file '/edit_actions.cpp')
  
C:\Program Files (x86)\Microsoft Visual Studio\2022\BuildTools\VC\Tools\MSVC\14.44.35207\include\xlocinfo(121,19): warning C4995: 'free': name was marked as #pragma deprecated [C:\Users\egorb\OneDrive\Documentos\GitHub\xray-monolith\src\xrEngine\xrEngine.vcxproj]
  (compiling source file '/edit_actions.cpp')
  
C:\Program Files (x86)\Microsoft Visual Studio\2022\BuildTools\VC\Tools\MSVC\14.44.35207\include\xlocinfo(169,52): warning C4995: 'malloc': name was marked as #pragma deprecated [C:\Users\egorb\OneDrive\Documentos\GitHub\xray-monolith\src\xrEngine\xrEngine.vcxproj]
  (compiling source file '/edit_actions.cpp')
  
C:\Program Files (x86)\Microsoft Visual Studio\2022\BuildTools\VC\Tools\MSVC\14.44.35207\include\xlocinfo(207,19): warning C4995: 'free': name was marked as #pragma deprecated [C:\Users\egorb\OneDrive\Documentos\GitHub\xray-monolith\src\xrEngine\xrEngine.vcxproj]
  (compiling source file '/edit_actions.cpp')
  
C:\Program Files (x86)\Microsoft Visual Studio\2022\BuildTools\VC\Tools\MSVC\14.44.35207\include\xlocinfo(296,19): warning C4995: 'free': name was marked as #pragma deprecated [C:\Users\egorb\OneDrive\Documentos\GitHub\xray-monolith\src\xrEngine\xrEngine.vcxproj]
  (compiling source file '/edit_actions.cpp')
  
C:\Program Files (x86)\Microsoft Visual Studio\2022\BuildTools\VC\Tools\MSVC\14.44.35207\include\xlocinfo(308,19): warning C4995: 'free': name was marked as #pragma deprecated [C:\Users\egorb\OneDrive\Documentos\GitHub\xray-monolith\src\xrEngine\xrEngine.vcxproj]
  (compiling source file '/edit_actions.cpp')
  
C:\Program Files (x86)\Microsoft Visual Studio\2022\BuildTools\VC\Tools\MSVC\14.44.35207\include\xlocinfo(338,19): warning C4995: 'free': name was marked as #pragma deprecated [C:\Users\egorb\OneDrive\Documentos\GitHub\xray-monolith\src\xrEngine\xrEngine.vcxproj]
  (compiling source file '/edit_actions.cpp')
  
C:\Program Files (x86)\Microsoft Visual Studio\2022\BuildTools\VC\Tools\MSVC\14.44.35207\include\xlocinfo(356,19): warning C4995: 'free': name was marked as #pragma deprecated [C:\Users\egorb\OneDrive\Documentos\GitHub\xray-monolith\src\xrEngine\xrEngine.vcxproj]
  (compiling source file '/edit_actions.cpp')
  
C:\Users\egorb\OneDrive\Documentos\GitHub\xray-monolith\src\xrEngine\Envelope.cpp(244,25): warning C4477: 'sscanf' : format string '%d' requires an argument of type 'int *', but variadic argument 1 has type 'int' [C:\Users\egorb\OneDrive\Documentos\GitHub\xray-monolith\src\xrEngine\xrEngine.vcxproj]
  (compiling source file '/Envelope.cpp')
  
C:\Users\egorb\OneDrive\Documentos\GitHub\xray-monolith\src\xrEngine\Envelope.cpp(244,25): warning C4477: 'sscanf' : format string '%d' requires an argument of type 'int *', but variadic argument 2 has type 'int' [C:\Users\egorb\OneDrive\Documentos\GitHub\xray-monolith\src\xrEngine\xrEngine.vcxproj]
  (compiling source file '/Envelope.cpp')
  
  FDemoPlay.cpp
C:\Program Files (x86)\Microsoft Visual Studio\2022\BuildTools\VC\Tools\MSVC\14.44.35207\include\xlocale(392,44): warning C4995: 'strcmp': name was marked as #pragma deprecated [C:\Users\egorb\OneDrive\Documentos\GitHub\xray-monolith\src\xrEngine\xrEngine.vcxproj]
  (compiling source file '/edit_actions.cpp')
  
C:\Program Files (x86)\Microsoft Visual Studio\2022\BuildTools\VC\Tools\MSVC\14.44.35207\include\xlocale(392,80): warning C4995: 'strcmp': name was marked as #pragma deprecated [C:\Users\egorb\OneDrive\Documentos\GitHub\xray-monolith\src\xrEngine\xrEngine.vcxproj]
  (compiling source file '/edit_actions.cpp')
  
C:\Program Files (x86)\Microsoft Visual Studio\2022\BuildTools\VC\Tools\MSVC\14.44.35207\include\xlocale(420,22): warning C4995: 'strcmp': name was marked as #pragma deprecated [C:\Users\egorb\OneDrive\Documentos\GitHub\xray-monolith\src\xrEngine\xrEngine.vcxproj]
  (compiling source file '/edit_actions.cpp')
  
C:\Program Files (x86)\Microsoft Visual Studio\2022\BuildTools\VC\Tools\MSVC\14.44.35207\include\xlocale(528,27): warning C4995: 'strlen': name was marked as #pragma deprecated [C:\Users\egorb\OneDrive\Documentos\GitHub\xray-monolith\src\xrEngine\xrEngine.vcxproj]
  (compiling source file '/edit_actions.cpp')
  
C:\Program Files (x86)\Microsoft Visual Studio\2022\BuildTools\VC\Tools\MSVC\14.44.35207\include\xlocale(530,43): warning C4995: 'calloc': name was marked as #pragma deprecated [C:\Users\egorb\OneDrive\Documentos\GitHub\xray-monolith\src\xrEngine\xrEngine.vcxproj]
  (compiling source file '/edit_actions.cpp')
  
C:\Program Files (x86)\Microsoft Visual Studio\2022\BuildTools\VC\Tools\MSVC\14.44.35207\include\xlocale(554,21): warning C4995: 'strlen': name was marked as #pragma deprecated [C:\Users\egorb\OneDrive\Documentos\GitHub\xray-monolith\src\xrEngine\xrEngine.vcxproj]
  (compiling source file '/edit_actions.cpp')
  
C:\Program Files (x86)\Microsoft Visual Studio\2022\BuildTools\VC\Tools\MSVC\14.44.35207\include\xlocale(563,47): warning C4995: 'calloc': name was marked as #pragma deprecated [C:\Users\egorb\OneDrive\Documentos\GitHub\xray-monolith\src\xrEngine\xrEngine.vcxproj]
  (compiling source file '/edit_actions.cpp')
  
C:\Program Files (x86)\Microsoft Visual Studio\2022\BuildTools\VC\Tools\MSVC\14.44.35207\include\xlocale(595,21): warning C4995: 'strlen': name was marked as #pragma deprecated [C:\Users\egorb\OneDrive\Documentos\GitHub\xray-monolith\src\xrEngine\xrEngine.vcxproj]
  (compiling source file '/edit_actions.cpp')
  
C:\Program Files (x86)\Microsoft Visual Studio\2022\BuildTools\VC\Tools\MSVC\14.44.35207\include\xlocale(604,47): warning C4995: 'calloc': name was marked as #pragma deprecated [C:\Users\egorb\OneDrive\Documentos\GitHub\xray-monolith\src\xrEngine\xrEngine.vcxproj]
  (compiling source file '/edit_actions.cpp')
  
  FDemoRecord.cpp
  Feel_Touch.cpp
C:\Program Files (x86)\Microsoft Visual Studio\2022\BuildTools\VC\Tools\MSVC\14.44.35207\include\xlocale(2549,19): warning C4995: 'free': name was marked as #pragma deprecated [C:\Users\egorb\OneDrive\Documentos\GitHub\xray-monolith\src\xrEngine\xrEngine.vcxproj]
  (compiling source file '/edit_actions.cpp')
  
C:\Program Files (x86)\Microsoft Visual Studio\2022\BuildTools\VC\Tools\MSVC\14.44.35207\include\xlocale(2552,15): warning C4995: 'free': name was marked as #pragma deprecated [C:\Users\egorb\OneDrive\Documentos\GitHub\xray-monolith\src\xrEngine\xrEngine.vcxproj]
  (compiling source file '/edit_actions.cpp')
  
C:\Program Files (x86)\Microsoft Visual Studio\2022\BuildTools\VC\Tools\MSVC\14.44.35207\include\xlocale(2824,19): warning C4995: 'free': name was marked as #pragma deprecated [C:\Users\egorb\OneDrive\Documentos\GitHub\xray-monolith\src\xrEngine\xrEngine.vcxproj]
  (compiling source file '/edit_actions.cpp')
  
C:\Program Files (x86)\Microsoft Visual Studio\2022\BuildTools\VC\Tools\MSVC\14.44.35207\include\xlocale(2829,15): warning C4995: 'free': name was marked as #pragma deprecated [C:\Users\egorb\OneDrive\Documentos\GitHub\xray-monolith\src\xrEngine\xrEngine.vcxproj]
  (compiling source file '/edit_actions.cpp')
  
C:\Program Files (x86)\Microsoft Visual Studio\2022\BuildTools\VC\Tools\MSVC\14.44.35207\include\xlocale(2971,19): warning C4995: 'free': name was marked as #pragma deprecated [C:\Users\egorb\OneDrive\Documentos\GitHub\xray-monolith\src\xrEngine\xrEngine.vcxproj]
  (compiling source file '/edit_actions.cpp')
  
C:\Program Files (x86)\Microsoft Visual Studio\2022\BuildTools\VC\Tools\MSVC\14.44.35207\include\xlocale(2974,15): warning C4995: 'free': name was marked as #pragma deprecated [C:\Users\egorb\OneDrive\Documentos\GitHub\xray-monolith\src\xrEngine\xrEngine.vcxproj]
  (compiling source file '/edit_actions.cpp')
  
C:\Program Files (x86)\Microsoft Visual Studio\2022\BuildTools\VC\Tools\MSVC\14.44.35207\include\xlocale(3172,19): warning C4995: 'free': name was marked as #pragma deprecated [C:\Users\egorb\OneDrive\Documentos\GitHub\xray-monolith\src\xrEngine\xrEngine.vcxproj]
  (compiling source file '/edit_actions.cpp')
  
C:\Program Files (x86)\Microsoft Visual Studio\2022\BuildTools\VC\Tools\MSVC\14.44.35207\include\xlocale(3175,15): warning C4995: 'free': name was marked as #pragma deprecated [C:\Users\egorb\OneDrive\Documentos\GitHub\xray-monolith\src\xrEngine\xrEngine.vcxproj]
  (compiling source file '/edit_actions.cpp')
  
  Feel_Vision.cpp
  fmesh.cpp
C:\Program Files (x86)\Microsoft Visual Studio\2022\BuildTools\VC\Tools\MSVC\14.44.35207\include\xlocbuf(360,46): warning C4995: 'strlen': name was marked as #pragma deprecated [C:\Users\egorb\OneDrive\Documentos\GitHub\xray-monolith\src\xrEngine\xrEngine.vcxproj]
  (compiling source file '/edit_actions.cpp')
  
C:\Program Files (x86)\Microsoft Visual Studio\2022\BuildTools\VC\Tools\MSVC\14.44.35207\include\xlocnum(76,47): warning C4995: 'calloc': name was marked as #pragma deprecated [C:\Users\egorb\OneDrive\Documentos\GitHub\xray-monolith\src\xrEngine\xrEngine.vcxproj]
  (compiling source file '/edit_actions.cpp')
  
C:\Program Files (x86)\Microsoft Visual Studio\2022\BuildTools\VC\Tools\MSVC\14.44.35207\include\xlocnum(202,15): warning C4995: 'free': name was marked as #pragma deprecated [C:\Users\egorb\OneDrive\Documentos\GitHub\xray-monolith\src\xrEngine\xrEngine.vcxproj]
  (compiling source file '/edit_actions.cpp')
  
C:\Program Files (x86)\Microsoft Visual Studio\2022\BuildTools\VC\Tools\MSVC\14.44.35207\include\xlocnum(203,15): warning C4995: 'free': name was marked as #pragma deprecated [C:\Users\egorb\OneDrive\Documentos\GitHub\xray-monolith\src\xrEngine\xrEngine.vcxproj]
  (compiling source file '/edit_actions.cpp')
  
C:\Program Files (x86)\Microsoft Visual Studio\2022\BuildTools\VC\Tools\MSVC\14.44.35207\include\xlocnum(204,15): warning C4995: 'free': name was marked as #pragma deprecated [C:\Users\egorb\OneDrive\Documentos\GitHub\xray-monolith\src\xrEngine\xrEngine.vcxproj]
  (compiling source file '/edit_actions.cpp')
  
C:\Program Files (x86)\Microsoft Visual Studio\2022\BuildTools\VC\Tools\MSVC\14.44.35207\include\xlocnum(1321,39): warning C4995: 'sprintf_s': name was marked as #pragma deprecated [C:\Users\egorb\OneDrive\Documentos\GitHub\xray-monolith\src\xrEngine\xrEngine.vcxproj]
  (compiling source file '/edit_actions.cpp')
  
C:\Program Files (x86)\Microsoft Visual Studio\2022\BuildTools\VC\Tools\MSVC\14.44.35207\include\xlocnum(1330,39): warning C4995: 'sprintf_s': name was marked as #pragma deprecated [C:\Users\egorb\OneDrive\Documentos\GitHub\xray-monolith\src\xrEngine\xrEngine.vcxproj]
  (compiling source file '/edit_actions.cpp')
  
C:\Program Files (x86)\Microsoft Visual Studio\2022\BuildTools\VC\Tools\MSVC\14.44.35207\include\xlocnum(1339,39): warning C4995: 'sprintf_s': name was marked as #pragma deprecated [C:\Users\egorb\OneDrive\Documentos\GitHub\xray-monolith\src\xrEngine\xrEngine.vcxproj]
  (compiling source file '/edit_actions.cpp')
  
C:\Program Files (x86)\Microsoft Visual Studio\2022\BuildTools\VC\Tools\MSVC\14.44.35207\include\xlocnum(1348,39): warning C4995: 'sprintf_s': name was marked as #pragma deprecated [C:\Users\egorb\OneDrive\Documentos\GitHub\xray-monolith\src\xrEngine\xrEngine.vcxproj]
  (compiling source file '/edit_actions.cpp')
  
C:\Program Files (x86)\Microsoft Visual Studio\2022\BuildTools\VC\Tools\MSVC\14.44.35207\include\xlocnum(1362,39): warning C4995: 'fabs': name was marked as #pragma deprecated [C:\Users\egorb\OneDrive\Documentos\GitHub\xray-monolith\src\xrEngine\xrEngine.vcxproj]
  (compiling source file '/edit_actions.cpp')
  
C:\Program Files (x86)\Microsoft Visual Studio\2022\BuildTools\VC\Tools\MSVC\14.44.35207\include\xlocnum(1372,54): warning C4995: 'sprintf_s': name was marked as #pragma deprecated [C:\Users\egorb\OneDrive\Documentos\GitHub\xray-monolith\src\xrEngine\xrEngine.vcxproj]
  (compiling source file '/edit_actions.cpp')
  
C:\Program Files (x86)\Microsoft Visual Studio\2022\BuildTools\VC\Tools\MSVC\14.44.35207\include\xlocnum(1399,54): warning C4995: 'sprintf_s': name was marked as #pragma deprecated [C:\Users\egorb\OneDrive\Documentos\GitHub\xray-monolith\src\xrEngine\xrEngine.vcxproj]
  (compiling source file '/edit_actions.cpp')
  
C:\Program Files (x86)\Microsoft Visual Studio\2022\BuildTools\VC\Tools\MSVC\14.44.35207\include\xlocnum(1411,69): warning C4995: 'sprintf_s': name was marked as #pragma deprecated [C:\Users\egorb\OneDrive\Documentos\GitHub\xray-monolith\src\xrEngine\xrEngine.vcxproj]
  (compiling source file '/edit_actions.cpp')
  
  GameFont.cpp
C:\Program Files (x86)\Microsoft Visual Studio\2022\BuildTools\VC\Tools\MSVC\14.44.35207\include\xlocmon(219,15): warning C4995: 'free': name was marked as #pragma deprecated [C:\Users\egorb\OneDrive\Documentos\GitHub\xray-monolith\src\xrEngine\xrEngine.vcxproj]
  (compiling source file '/edit_actions.cpp')
  
C:\Program Files (x86)\Microsoft Visual Studio\2022\BuildTools\VC\Tools\MSVC\14.44.35207\include\xlocmon(220,15): warning C4995: 'free': name was marked as #pragma deprecated [C:\Users\egorb\OneDrive\Documentos\GitHub\xray-monolith\src\xrEngine\xrEngine.vcxproj]
  (compiling source file '/edit_actions.cpp')
  
C:\Program Files (x86)\Microsoft Visual Studio\2022\BuildTools\VC\Tools\MSVC\14.44.35207\include\xlocmon(221,15): warning C4995: 'free': name was marked as #pragma deprecated [C:\Users\egorb\OneDrive\Documentos\GitHub\xray-monolith\src\xrEngine\xrEngine.vcxproj]
  (compiling source file '/edit_actions.cpp')
  
C:\Program Files (x86)\Microsoft Visual Studio\2022\BuildTools\VC\Tools\MSVC\14.44.35207\include\xlocmon(222,15): warning C4995: 'free': name was marked as #pragma deprecated [C:\Users\egorb\OneDrive\Documentos\GitHub\xray-monolith\src\xrEngine\xrEngine.vcxproj]
  (compiling source file '/edit_actions.cpp')
  
C:\Program Files (x86)\Microsoft Visual Studio\2022\BuildTools\VC\Tools\MSVC\14.44.35207\include\xlocmon(674,34): warning C4995: 'sprintf_s': name was marked as #pragma deprecated [C:\Users\egorb\OneDrive\Documentos\GitHub\xray-monolith\src\xrEngine\xrEngine.vcxproj]
  (compiling source file '/edit_actions.cpp')
  
C:\Program Files (x86)\Microsoft Visual Studio\2022\BuildTools\VC\Tools\MSVC\14.44.35207\include\xloctime(615,15): warning C4995: 'free': name was marked as #pragma deprecated [C:\Users\egorb\OneDrive\Documentos\GitHub\xray-monolith\src\xrEngine\xrEngine.vcxproj]
  (compiling source file '/edit_actions.cpp')
  
C:\Program Files (x86)\Microsoft Visual Studio\2022\BuildTools\VC\Tools\MSVC\14.44.35207\include\xloctime(616,15): warning C4995: 'free': name was marked as #pragma deprecated [C:\Users\egorb\OneDrive\Documentos\GitHub\xray-monolith\src\xrEngine\xrEngine.vcxproj]
  (compiling source file '/edit_actions.cpp')
  
C:\Program Files (x86)\Microsoft Visual Studio\2022\BuildTools\VC\Tools\MSVC\14.44.35207\include\xloctime(617,15): warning C4995: 'free': name was marked as #pragma deprecated [C:\Users\egorb\OneDrive\Documentos\GitHub\xray-monolith\src\xrEngine\xrEngine.vcxproj]
  (compiling source file '/edit_actions.cpp')
  
  GameMtlLib.cpp
  GameMtlLib_Engine.cpp
C:\Program Files (x86)\Microsoft Visual Studio\2022\BuildTools\VC\Tools\MSVC\14.44.35207\include\locale(69,15): warning C4995: 'free': name was marked as #pragma deprecated [C:\Users\egorb\OneDrive\Documentos\GitHub\xray-monolith\src\xrEngine\xrEngine.vcxproj]
  (compiling source file '/edit_actions.cpp')
  
C:\Users\egorb\OneDrive\Documentos\GitHub\xray-monolith\src\xrcdb\ispatial.h(151,9): warning C4311: '<function-style-cast>': pointer truncation from 'ISpatial_NODE *' to 'ISpatial_NODE::ptrt' [C:\Users\egorb\OneDrive\Documentos\GitHub\xray-monolith\src\xrEngine\xrEngine.vcxproj]
  (compiling source file '/Feel_Vision.cpp')
  
C:\Users\egorb\OneDrive\Documentos\GitHub\xray-monolith\src\xrcdb\ispatial.h(151,29): warning C4311: '<function-style-cast>': pointer truncation from 'ISpatial_NODE *' to 'ISpatial_NODE::ptrt' [C:\Users\egorb\OneDrive\Documentos\GitHub\xray-monolith\src\xrEngine\xrEngine.vcxproj]
  (compiling source file '/Feel_Vision.cpp')
  
C:\Users\egorb\OneDrive\Documentos\GitHub\xray-monolith\src\xrcdb\ispatial.h(152,9): warning C4311: '<function-style-cast>': pointer truncation from 'ISpatial_NODE *' to 'ISpatial_NODE::ptrt' [C:\Users\egorb\OneDrive\Documentos\GitHub\xray-monolith\src\xrEngine\xrEngine.vcxproj]
  (compiling source file '/Feel_Vision.cpp')
  
C:\Users\egorb\OneDrive\Documentos\GitHub\xray-monolith\src\xrcdb\ispatial.h(152,29): warning C4311: '<function-style-cast>': pointer truncation from 'ISpatial_NODE *' to 'ISpatial_NODE::ptrt' [C:\Users\egorb\OneDrive\Documentos\GitHub\xray-monolith\src\xrEngine\xrEngine.vcxproj]
  (compiling source file '/Feel_Vision.cpp')
  
C:\Users\egorb\OneDrive\Documentos\GitHub\xray-monolith\src\xrcdb\ispatial.h(153,9): warning C4311: '<function-style-cast>': pointer truncation from 'ISpatial_NODE *' to 'ISpatial_NODE::ptrt' [C:\Users\egorb\OneDrive\Documentos\GitHub\xray-monolith\src\xrEngine\xrEngine.vcxproj]
  (compiling source file '/Feel_Vision.cpp')
  
C:\Users\egorb\OneDrive\Documentos\GitHub\xray-monolith\src\xrcdb\ispatial.h(153,29): warning C4311: '<function-style-cast>': pointer truncation from 'ISpatial_NODE *' to 'ISpatial_NODE::ptrt' [C:\Users\egorb\OneDrive\Documentos\GitHub\xray-monolith\src\xrEngine\xrEngine.vcxproj]
  (compiling source file '/Feel_Vision.cpp')
  
C:\Users\egorb\OneDrive\Documentos\GitHub\xray-monolith\src\xrcdb\ispatial.h(154,9): warning C4311: '<function-style-cast>': pointer truncation from 'ISpatial_NODE *' to 'ISpatial_NODE::ptrt' [C:\Users\egorb\OneDrive\Documentos\GitHub\xray-monolith\src\xrEngine\xrEngine.vcxproj]
  (compiling source file '/Feel_Vision.cpp')
  
C:\Users\egorb\OneDrive\Documentos\GitHub\xray-monolith\src\xrcdb\ispatial.h(154,29): warning C4311: '<function-style-cast>': pointer truncation from 'ISpatial_NODE *' to 'ISpatial_NODE::ptrt' [C:\Users\egorb\OneDrive\Documentos\GitHub\xray-monolith\src\xrEngine\xrEngine.vcxproj]
  (compiling source file '/Feel_Vision.cpp')
  
C:\Users\egorb\OneDrive\Documentos\GitHub\xray-monolith\src\xrcdb\ispatial.h(151,9): warning C4311: '<function-style-cast>': pointer truncation from 'ISpatial_NODE *' to 'ISpatial_NODE::ptrt' [C:\Users\egorb\OneDrive\Documentos\GitHub\xray-monolith\src\xrEngine\xrEngine.vcxproj]
  (compiling source file '/Feel_Touch.cpp')
  
C:\Users\egorb\OneDrive\Documentos\GitHub\xray-monolith\src\xrcdb\ispatial.h(151,29): warning C4311: '<function-style-cast>': pointer truncation from 'ISpatial_NODE *' to 'ISpatial_NODE::ptrt' [C:\Users\egorb\OneDrive\Documentos\GitHub\xray-monolith\src\xrEngine\xrEngine.vcxproj]
  (compiling source file '/Feel_Touch.cpp')
  
C:\Users\egorb\OneDrive\Documentos\GitHub\xray-monolith\src\xrcdb\ispatial.h(152,9): warning C4311: '<function-style-cast>': pointer truncation from 'ISpatial_NODE *' to 'ISpatial_NODE::ptrt' [C:\Users\egorb\OneDrive\Documentos\GitHub\xray-monolith\src\xrEngine\xrEngine.vcxproj]
  (compiling source file '/Feel_Touch.cpp')
  
C:\Users\egorb\OneDrive\Documentos\GitHub\xray-monolith\src\xrcdb\ispatial.h(152,29): warning C4311: '<function-style-cast>': pointer truncation from 'ISpatial_NODE *' to 'ISpatial_NODE::ptrt' [C:\Users\egorb\OneDrive\Documentos\GitHub\xray-monolith\src\xrEngine\xrEngine.vcxproj]
  (compiling source file '/Feel_Touch.cpp')
  
C:\Users\egorb\OneDrive\Documentos\GitHub\xray-monolith\src\xrcdb\ispatial.h(153,9): warning C4311: '<function-style-cast>': pointer truncation from 'ISpatial_NODE *' to 'ISpatial_NODE::ptrt' [C:\Users\egorb\OneDrive\Documentos\GitHub\xray-monolith\src\xrEngine\xrEngine.vcxproj]
  (compiling source file '/Feel_Touch.cpp')
  
C:\Users\egorb\OneDrive\Documentos\GitHub\xray-monolith\src\xrcdb\ispatial.h(153,29): warning C4311: '<function-style-cast>': pointer truncation from 'ISpatial_NODE *' to 'ISpatial_NODE::ptrt' [C:\Users\egorb\OneDrive\Documentos\GitHub\xray-monolith\src\xrEngine\xrEngine.vcxproj]
  (compiling source file '/Feel_Touch.cpp')
  
C:\Users\egorb\OneDrive\Documentos\GitHub\xray-monolith\src\xrcdb\ispatial.h(154,9): warning C4311: '<function-style-cast>': pointer truncation from 'ISpatial_NODE *' to 'ISpatial_NODE::ptrt' [C:\Users\egorb\OneDrive\Documentos\GitHub\xray-monolith\src\xrEngine\xrEngine.vcxproj]
  (compiling source file '/Feel_Touch.cpp')
  
C:\Users\egorb\OneDrive\Documentos\GitHub\xray-monolith\src\xrcdb\ispatial.h(154,29): warning C4311: '<function-style-cast>': pointer truncation from 'ISpatial_NODE *' to 'ISpatial_NODE::ptrt' [C:\Users\egorb\OneDrive\Documentos\GitHub\xray-monolith\src\xrEngine\xrEngine.vcxproj]
  (compiling source file '/Feel_Touch.cpp')
  
C:\Users\egorb\OneDrive\Documentos\GitHub\xray-monolith\src\xrcdb\ispatial.h(151,9): warning C4311: '<function-style-cast>': pointer truncation from 'ISpatial_NODE *' to 'ISpatial_NODE::ptrt' [C:\Users\egorb\OneDrive\Documentos\GitHub\xray-monolith\src\xrEngine\xrEngine.vcxproj]
  (compiling source file '/FDemoRecord.cpp')
  
C:\Users\egorb\OneDrive\Documentos\GitHub\xray-monolith\src\xrcdb\ispatial.h(151,29): warning C4311: '<function-style-cast>': pointer truncation from 'ISpatial_NODE *' to 'ISpatial_NODE::ptrt' [C:\Users\egorb\OneDrive\Documentos\GitHub\xray-monolith\src\xrEngine\xrEngine.vcxproj]
  (compiling source file '/FDemoRecord.cpp')
  
C:\Users\egorb\OneDrive\Documentos\GitHub\xray-monolith\src\xrcdb\ispatial.h(152,9): warning C4311: '<function-style-cast>': pointer truncation from 'ISpatial_NODE *' to 'ISpatial_NODE::ptrt' [C:\Users\egorb\OneDrive\Documentos\GitHub\xray-monolith\src\xrEngine\xrEngine.vcxproj]
  (compiling source file '/FDemoRecord.cpp')
  
C:\Users\egorb\OneDrive\Documentos\GitHub\xray-monolith\src\xrcdb\ispatial.h(152,29): warning C4311: '<function-style-cast>': pointer truncation from 'ISpatial_NODE *' to 'ISpatial_NODE::ptrt' [C:\Users\egorb\OneDrive\Documentos\GitHub\xray-monolith\src\xrEngine\xrEngine.vcxproj]
  (compiling source file '/FDemoRecord.cpp')
  
C:\Users\egorb\OneDrive\Documentos\GitHub\xray-monolith\src\xrcdb\ispatial.h(153,9): warning C4311: '<function-style-cast>': pointer truncation from 'ISpatial_NODE *' to 'ISpatial_NODE::ptrt' [C:\Users\egorb\OneDrive\Documentos\GitHub\xray-monolith\src\xrEngine\xrEngine.vcxproj]
  (compiling source file '/FDemoRecord.cpp')
  
C:\Users\egorb\OneDrive\Documentos\GitHub\xray-monolith\src\xrcdb\ispatial.h(153,29): warning C4311: '<function-style-cast>': pointer truncation from 'ISpatial_NODE *' to 'ISpatial_NODE::ptrt' [C:\Users\egorb\OneDrive\Documentos\GitHub\xray-monolith\src\xrEngine\xrEngine.vcxproj]
  (compiling source file '/FDemoRecord.cpp')
  
C:\Users\egorb\OneDrive\Documentos\GitHub\xray-monolith\src\xrcdb\ispatial.h(154,9): warning C4311: '<function-style-cast>': pointer truncation from 'ISpatial_NODE *' to 'ISpatial_NODE::ptrt' [C:\Users\egorb\OneDrive\Documentos\GitHub\xray-monolith\src\xrEngine\xrEngine.vcxproj]
  (compiling source file '/FDemoRecord.cpp')
  
C:\Users\egorb\OneDrive\Documentos\GitHub\xray-monolith\src\xrcdb\ispatial.h(154,29): warning C4311: '<function-style-cast>': pointer truncation from 'ISpatial_NODE *' to 'ISpatial_NODE::ptrt' [C:\Users\egorb\OneDrive\Documentos\GitHub\xray-monolith\src\xrEngine\xrEngine.vcxproj]
  (compiling source file '/FDemoRecord.cpp')
  
  ICollidable.cpp
C:\Program Files (x86)\Microsoft Visual Studio\2022\BuildTools\VC\Tools\MSVC\14.44.35207\include\xlocinfo(116,15): warning C4995: 'free': name was marked as #pragma deprecated [C:\Users\egorb\OneDrive\Documentos\GitHub\xray-monolith\src\xrEngine\xrEngine.vcxproj]
  (compiling source file '/GameMtlLib.cpp')
  
C:\Program Files (x86)\Microsoft Visual Studio\2022\BuildTools\VC\Tools\MSVC\14.44.35207\include\xlocinfo(121,19): warning C4995: 'free': name was marked as #pragma deprecated [C:\Users\egorb\OneDrive\Documentos\GitHub\xray-monolith\src\xrEngine\xrEngine.vcxproj]
  (compiling source file '/GameMtlLib.cpp')
  
C:\Program Files (x86)\Microsoft Visual Studio\2022\BuildTools\VC\Tools\MSVC\14.44.35207\include\xlocinfo(169,52): warning C4995: 'malloc': name was marked as #pragma deprecated [C:\Users\egorb\OneDrive\Documentos\GitHub\xray-monolith\src\xrEngine\xrEngine.vcxproj]
  (compiling source file '/GameMtlLib.cpp')
  
C:\Program Files (x86)\Microsoft Visual Studio\2022\BuildTools\VC\Tools\MSVC\14.44.35207\include\xlocinfo(207,19): warning C4995: 'free': name was marked as #pragma deprecated [C:\Users\egorb\OneDrive\Documentos\GitHub\xray-monolith\src\xrEngine\xrEngine.vcxproj]
  (compiling source file '/GameMtlLib.cpp')
  
C:\Program Files (x86)\Microsoft Visual Studio\2022\BuildTools\VC\Tools\MSVC\14.44.35207\include\xlocinfo(296,19): warning C4995: 'free': name was marked as #pragma deprecated [C:\Users\egorb\OneDrive\Documentos\GitHub\xray-monolith\src\xrEngine\xrEngine.vcxproj]
  (compiling source file '/GameMtlLib.cpp')
  
C:\Program Files (x86)\Microsoft Visual Studio\2022\BuildTools\VC\Tools\MSVC\14.44.35207\include\xlocinfo(308,19): warning C4995: 'free': name was marked as #pragma deprecated [C:\Users\egorb\OneDrive\Documentos\GitHub\xray-monolith\src\xrEngine\xrEngine.vcxproj]
  (compiling source file '/GameMtlLib.cpp')
  
C:\Program Files (x86)\Microsoft Visual Studio\2022\BuildTools\VC\Tools\MSVC\14.44.35207\include\xlocinfo(338,19): warning C4995: 'free': name was marked as #pragma deprecated [C:\Users\egorb\OneDrive\Documentos\GitHub\xray-monolith\src\xrEngine\xrEngine.vcxproj]
  (compiling source file '/GameMtlLib.cpp')
  
  IGame_Level.cpp
C:\Program Files (x86)\Microsoft Visual Studio\2022\BuildTools\VC\Tools\MSVC\14.44.35207\include\xlocinfo(356,19): warning C4995: 'free': name was marked as #pragma deprecated [C:\Users\egorb\OneDrive\Documentos\GitHub\xray-monolith\src\xrEngine\xrEngine.vcxproj]
  (compiling source file '/GameMtlLib.cpp')
  
C:\Program Files (x86)\Microsoft Visual Studio\2022\BuildTools\VC\Tools\MSVC\14.44.35207\include\xlocale(392,44): warning C4995: 'strcmp': name was marked as #pragma deprecated [C:\Users\egorb\OneDrive\Documentos\GitHub\xray-monolith\src\xrEngine\xrEngine.vcxproj]
  (compiling source file '/GameMtlLib.cpp')
  
C:\Program Files (x86)\Microsoft Visual Studio\2022\BuildTools\VC\Tools\MSVC\14.44.35207\include\xlocale(392,80): warning C4995: 'strcmp': name was marked as #pragma deprecated [C:\Users\egorb\OneDrive\Documentos\GitHub\xray-monolith\src\xrEngine\xrEngine.vcxproj]
  (compiling source file '/GameMtlLib.cpp')
  
C:\Program Files (x86)\Microsoft Visual Studio\2022\BuildTools\VC\Tools\MSVC\14.44.35207\include\xlocale(420,22): warning C4995: 'strcmp': name was marked as #pragma deprecated [C:\Users\egorb\OneDrive\Documentos\GitHub\xray-monolith\src\xrEngine\xrEngine.vcxproj]
  (compiling source file '/GameMtlLib.cpp')
  
C:\Program Files (x86)\Microsoft Visual Studio\2022\BuildTools\VC\Tools\MSVC\14.44.35207\include\xlocale(528,27): warning C4995: 'strlen': name was marked as #pragma deprecated [C:\Users\egorb\OneDrive\Documentos\GitHub\xray-monolith\src\xrEngine\xrEngine.vcxproj]
  (compiling source file '/GameMtlLib.cpp')
  
C:\Program Files (x86)\Microsoft Visual Studio\2022\BuildTools\VC\Tools\MSVC\14.44.35207\include\xlocale(530,43): warning C4995: 'calloc': name was marked as #pragma deprecated [C:\Users\egorb\OneDrive\Documentos\GitHub\xray-monolith\src\xrEngine\xrEngine.vcxproj]
  (compiling source file '/GameMtlLib.cpp')
  
C:\Program Files (x86)\Microsoft Visual Studio\2022\BuildTools\VC\Tools\MSVC\14.44.35207\include\xlocale(554,21): warning C4995: 'strlen': name was marked as #pragma deprecated [C:\Users\egorb\OneDrive\Documentos\GitHub\xray-monolith\src\xrEngine\xrEngine.vcxproj]
  (compiling source file '/GameMtlLib.cpp')
  
C:\Program Files (x86)\Microsoft Visual Studio\2022\BuildTools\VC\Tools\MSVC\14.44.35207\include\xlocale(563,47): warning C4995: 'calloc': name was marked as #pragma deprecated [C:\Users\egorb\OneDrive\Documentos\GitHub\xray-monolith\src\xrEngine\xrEngine.vcxproj]
  (compiling source file '/GameMtlLib.cpp')
  
C:\Program Files (x86)\Microsoft Visual Studio\2022\BuildTools\VC\Tools\MSVC\14.44.35207\include\xlocale(595,21): warning C4995: 'strlen': name was marked as #pragma deprecated [C:\Users\egorb\OneDrive\Documentos\GitHub\xray-monolith\src\xrEngine\xrEngine.vcxproj]
  (compiling source file '/GameMtlLib.cpp')
  
C:\Program Files (x86)\Microsoft Visual Studio\2022\BuildTools\VC\Tools\MSVC\14.44.35207\include\xlocale(604,47): warning C4995: 'calloc': name was marked as #pragma deprecated [C:\Users\egorb\OneDrive\Documentos\GitHub\xray-monolith\src\xrEngine\xrEngine.vcxproj]
  (compiling source file '/GameMtlLib.cpp')
  
  IGame_Level_check_textures.cpp
C:\Program Files (x86)\Microsoft Visual Studio\2022\BuildTools\VC\Tools\MSVC\14.44.35207\include\xlocale(2549,19): warning C4995: 'free': name was marked as #pragma deprecated [C:\Users\egorb\OneDrive\Documentos\GitHub\xray-monolith\src\xrEngine\xrEngine.vcxproj]
  (compiling source file '/GameMtlLib.cpp')
  
C:\Program Files (x86)\Microsoft Visual Studio\2022\BuildTools\VC\Tools\MSVC\14.44.35207\include\xlocale(2552,15): warning C4995: 'free': name was marked as #pragma deprecated [C:\Users\egorb\OneDrive\Documentos\GitHub\xray-monolith\src\xrEngine\xrEngine.vcxproj]
  (compiling source file '/GameMtlLib.cpp')
  
C:\Program Files (x86)\Microsoft Visual Studio\2022\BuildTools\VC\Tools\MSVC\14.44.35207\include\xlocale(2824,19): warning C4995: 'free': name was marked as #pragma deprecated [C:\Users\egorb\OneDrive\Documentos\GitHub\xray-monolith\src\xrEngine\xrEngine.vcxproj]
  (compiling source file '/GameMtlLib.cpp')
  
C:\Program Files (x86)\Microsoft Visual Studio\2022\BuildTools\VC\Tools\MSVC\14.44.35207\include\xlocale(2829,15): warning C4995: 'free': name was marked as #pragma deprecated [C:\Users\egorb\OneDrive\Documentos\GitHub\xray-monolith\src\xrEngine\xrEngine.vcxproj]
  (compiling source file '/GameMtlLib.cpp')
  
C:\Program Files (x86)\Microsoft Visual Studio\2022\BuildTools\VC\Tools\MSVC\14.44.35207\include\xlocale(2971,19): warning C4995: 'free': name was marked as #pragma deprecated [C:\Users\egorb\OneDrive\Documentos\GitHub\xray-monolith\src\xrEngine\xrEngine.vcxproj]
  (compiling source file '/GameMtlLib.cpp')
  
C:\Program Files (x86)\Microsoft Visual Studio\2022\BuildTools\VC\Tools\MSVC\14.44.35207\include\xlocale(2974,15): warning C4995: 'free': name was marked as #pragma deprecated [C:\Users\egorb\OneDrive\Documentos\GitHub\xray-monolith\src\xrEngine\xrEngine.vcxproj]
  (compiling source file '/GameMtlLib.cpp')
  
C:\Program Files (x86)\Microsoft Visual Studio\2022\BuildTools\VC\Tools\MSVC\14.44.35207\include\xlocale(3172,19): warning C4995: 'free': name was marked as #pragma deprecated [C:\Users\egorb\OneDrive\Documentos\GitHub\xray-monolith\src\xrEngine\xrEngine.vcxproj]
  (compiling source file '/GameMtlLib.cpp')
  
C:\Program Files (x86)\Microsoft Visual Studio\2022\BuildTools\VC\Tools\MSVC\14.44.35207\include\xlocale(3175,15): warning C4995: 'free': name was marked as #pragma deprecated [C:\Users\egorb\OneDrive\Documentos\GitHub\xray-monolith\src\xrEngine\xrEngine.vcxproj]
  (compiling source file '/GameMtlLib.cpp')
  
C:\Users\egorb\OneDrive\Documentos\GitHub\xray-monolith\src\xrcdb\ispatial.h(151,9): warning C4311: '<function-style-cast>': pointer truncation from 'ISpatial_NODE *' to 'ISpatial_NODE::ptrt' [C:\Users\egorb\OneDrive\Documentos\GitHub\xray-monolith\src\xrEngine\xrEngine.vcxproj]
  (compiling source file '/ICollidable.cpp')
  
C:\Users\egorb\OneDrive\Documentos\GitHub\xray-monolith\src\xrcdb\ispatial.h(151,29): warning C4311: '<function-style-cast>': pointer truncation from 'ISpatial_NODE *' to 'ISpatial_NODE::ptrt' [C:\Users\egorb\OneDrive\Documentos\GitHub\xray-monolith\src\xrEngine\xrEngine.vcxproj]
  (compiling source file '/ICollidable.cpp')
  
C:\Users\egorb\OneDrive\Documentos\GitHub\xray-monolith\src\xrcdb\ispatial.h(152,9): warning C4311: '<function-style-cast>': pointer truncation from 'ISpatial_NODE *' to 'ISpatial_NODE::ptrt' [C:\Users\egorb\OneDrive\Documentos\GitHub\xray-monolith\src\xrEngine\xrEngine.vcxproj]
  (compiling source file '/ICollidable.cpp')
  
  IGame_ObjectPool.cpp
C:\Users\egorb\OneDrive\Documentos\GitHub\xray-monolith\src\xrcdb\ispatial.h(152,29): warning C4311: '<function-style-cast>': pointer truncation from 'ISpatial_NODE *' to 'ISpatial_NODE::ptrt' [C:\Users\egorb\OneDrive\Documentos\GitHub\xray-monolith\src\xrEngine\xrEngine.vcxproj]
  (compiling source file '/ICollidable.cpp')
  
C:\Users\egorb\OneDrive\Documentos\GitHub\xray-monolith\src\xrcdb\ispatial.h(153,9): warning C4311: '<function-style-cast>': pointer truncation from 'ISpatial_NODE *' to 'ISpatial_NODE::ptrt' [C:\Users\egorb\OneDrive\Documentos\GitHub\xray-monolith\src\xrEngine\xrEngine.vcxproj]
  (compiling source file '/ICollidable.cpp')
  
C:\Users\egorb\OneDrive\Documentos\GitHub\xray-monolith\src\xrcdb\ispatial.h(153,29): warning C4311: '<function-style-cast>': pointer truncation from 'ISpatial_NODE *' to 'ISpatial_NODE::ptrt' [C:\Users\egorb\OneDrive\Documentos\GitHub\xray-monolith\src\xrEngine\xrEngine.vcxproj]
  (compiling source file '/ICollidable.cpp')
  
C:\Users\egorb\OneDrive\Documentos\GitHub\xray-monolith\src\xrcdb\ispatial.h(154,9): warning C4311: '<function-style-cast>': pointer truncation from 'ISpatial_NODE *' to 'ISpatial_NODE::ptrt' [C:\Users\egorb\OneDrive\Documentos\GitHub\xray-monolith\src\xrEngine\xrEngine.vcxproj]
  (compiling source file '/ICollidable.cpp')
  
C:\Users\egorb\OneDrive\Documentos\GitHub\xray-monolith\src\xrcdb\ispatial.h(154,29): warning C4311: '<function-style-cast>': pointer truncation from 'ISpatial_NODE *' to 'ISpatial_NODE::ptrt' [C:\Users\egorb\OneDrive\Documentos\GitHub\xray-monolith\src\xrEngine\xrEngine.vcxproj]
  (compiling source file '/ICollidable.cpp')
  
C:\Program Files (x86)\Microsoft Visual Studio\2022\BuildTools\VC\Tools\MSVC\14.44.35207\include\xlocnum(76,47): warning C4995: 'calloc': name was marked as #pragma deprecated [C:\Users\egorb\OneDrive\Documentos\GitHub\xray-monolith\src\xrEngine\xrEngine.vcxproj]
  (compiling source file '/GameMtlLib.cpp')
  
  IGame_Persistent.cpp
C:\Program Files (x86)\Microsoft Visual Studio\2022\BuildTools\VC\Tools\MSVC\14.44.35207\include\xlocnum(202,15): warning C4995: 'free': name was marked as #pragma deprecated [C:\Users\egorb\OneDrive\Documentos\GitHub\xray-monolith\src\xrEngine\xrEngine.vcxproj]
  (compiling source file '/GameMtlLib.cpp')
  
C:\Program Files (x86)\Microsoft Visual Studio\2022\BuildTools\VC\Tools\MSVC\14.44.35207\include\xlocnum(203,15): warning C4995: 'free': name was marked as #pragma deprecated [C:\Users\egorb\OneDrive\Documentos\GitHub\xray-monolith\src\xrEngine\xrEngine.vcxproj]
  (compiling source file '/GameMtlLib.cpp')
  
C:\Program Files (x86)\Microsoft Visual Studio\2022\BuildTools\VC\Tools\MSVC\14.44.35207\include\xlocnum(204,15): warning C4995: 'free': name was marked as #pragma deprecated [C:\Users\egorb\OneDrive\Documentos\GitHub\xray-monolith\src\xrEngine\xrEngine.vcxproj]
  (compiling source file '/GameMtlLib.cpp')
  
C:\Program Files (x86)\Microsoft Visual Studio\2022\BuildTools\VC\Tools\MSVC\14.44.35207\include\xlocnum(1321,39): warning C4995: 'sprintf_s': name was marked as #pragma deprecated [C:\Users\egorb\OneDrive\Documentos\GitHub\xray-monolith\src\xrEngine\xrEngine.vcxproj]
  (compiling source file '/GameMtlLib.cpp')
  
C:\Program Files (x86)\Microsoft Visual Studio\2022\BuildTools\VC\Tools\MSVC\14.44.35207\include\xlocnum(1330,39): warning C4995: 'sprintf_s': name was marked as #pragma deprecated [C:\Users\egorb\OneDrive\Documentos\GitHub\xray-monolith\src\xrEngine\xrEngine.vcxproj]
  (compiling source file '/GameMtlLib.cpp')
  
C:\Program Files (x86)\Microsoft Visual Studio\2022\BuildTools\VC\Tools\MSVC\14.44.35207\include\xlocnum(1339,39): warning C4995: 'sprintf_s': name was marked as #pragma deprecated [C:\Users\egorb\OneDrive\Documentos\GitHub\xray-monolith\src\xrEngine\xrEngine.vcxproj]
  (compiling source file '/GameMtlLib.cpp')
  
C:\Program Files (x86)\Microsoft Visual Studio\2022\BuildTools\VC\Tools\MSVC\14.44.35207\include\xlocnum(1348,39): warning C4995: 'sprintf_s': name was marked as #pragma deprecated [C:\Users\egorb\OneDrive\Documentos\GitHub\xray-monolith\src\xrEngine\xrEngine.vcxproj]
  (compiling source file '/GameMtlLib.cpp')
  
C:\Program Files (x86)\Microsoft Visual Studio\2022\BuildTools\VC\Tools\MSVC\14.44.35207\include\xlocnum(1362,39): warning C4995: 'fabs': name was marked as #pragma deprecated [C:\Users\egorb\OneDrive\Documentos\GitHub\xray-monolith\src\xrEngine\xrEngine.vcxproj]
  (compiling source file '/GameMtlLib.cpp')
  
C:\Program Files (x86)\Microsoft Visual Studio\2022\BuildTools\VC\Tools\MSVC\14.44.35207\include\xlocnum(1372,54): warning C4995: 'sprintf_s': name was marked as #pragma deprecated [C:\Users\egorb\OneDrive\Documentos\GitHub\xray-monolith\src\xrEngine\xrEngine.vcxproj]
  (compiling source file '/GameMtlLib.cpp')
  
C:\Program Files (x86)\Microsoft Visual Studio\2022\BuildTools\VC\Tools\MSVC\14.44.35207\include\xlocnum(1399,54): warning C4995: 'sprintf_s': name was marked as #pragma deprecated [C:\Users\egorb\OneDrive\Documentos\GitHub\xray-monolith\src\xrEngine\xrEngine.vcxproj]
  (compiling source file '/GameMtlLib.cpp')
  
C:\Program Files (x86)\Microsoft Visual Studio\2022\BuildTools\VC\Tools\MSVC\14.44.35207\include\xlocnum(1411,69): warning C4995: 'sprintf_s': name was marked as #pragma deprecated [C:\Users\egorb\OneDrive\Documentos\GitHub\xray-monolith\src\xrEngine\xrEngine.vcxproj]
  (compiling source file '/GameMtlLib.cpp')
  
  IInputReceiver.cpp
C:\Program Files (x86)\Microsoft Visual Studio\2022\BuildTools\VC\Tools\MSVC\14.44.35207\include\__msvc_ostream.hpp(690,62): warning C4995: 'strlen': name was marked as #pragma deprecated [C:\Users\egorb\OneDrive\Documentos\GitHub\xray-monolith\src\xrEngine\xrEngine.vcxproj]
  imgui_base.cpp
  (compiling source file '/GameMtlLib.cpp')
  
C:\Program Files (x86)\Microsoft Visual Studio\2022\BuildTools\VC\Tools\MSVC\14.44.35207\include\xlocbuf(360,46): warning C4995: 'strlen': name was marked as #pragma deprecated [C:\Users\egorb\OneDrive\Documentos\GitHub\xray-monolith\src\xrEngine\xrEngine.vcxproj]
  (compiling source file '/GameMtlLib.cpp')
  
C:\Program Files (x86)\Microsoft Visual Studio\2022\BuildTools\VC\Tools\MSVC\14.44.35207\include\xlocmon(219,15): warning C4995: 'free': name was marked as #pragma deprecated [C:\Users\egorb\OneDrive\Documentos\GitHub\xray-monolith\src\xrEngine\xrEngine.vcxproj]
  (compiling source file '/GameMtlLib.cpp')
  
C:\Program Files (x86)\Microsoft Visual Studio\2022\BuildTools\VC\Tools\MSVC\14.44.35207\include\xlocmon(220,15): warning C4995: 'free': name was marked as #pragma deprecated [C:\Users\egorb\OneDrive\Documentos\GitHub\xray-monolith\src\xrEngine\xrEngine.vcxproj]
  (compiling source file '/GameMtlLib.cpp')
  
C:\Program Files (x86)\Microsoft Visual Studio\2022\BuildTools\VC\Tools\MSVC\14.44.35207\include\xlocmon(221,15): warning C4995: 'free': name was marked as #pragma deprecated [C:\Users\egorb\OneDrive\Documentos\GitHub\xray-monolith\src\xrEngine\xrEngine.vcxproj]
  (compiling source file '/GameMtlLib.cpp')
  
C:\Program Files (x86)\Microsoft Visual Studio\2022\BuildTools\VC\Tools\MSVC\14.44.35207\include\xlocmon(222,15): warning C4995: 'free': name was marked as #pragma deprecated [C:\Users\egorb\OneDrive\Documentos\GitHub\xray-monolith\src\xrEngine\xrEngine.vcxproj]
  (compiling source file '/GameMtlLib.cpp')
  
C:\Program Files (x86)\Microsoft Visual Studio\2022\BuildTools\VC\Tools\MSVC\14.44.35207\include\xlocmon(674,34): warning C4995: 'sprintf_s': name was marked as #pragma deprecated [C:\Users\egorb\OneDrive\Documentos\GitHub\xray-monolith\src\xrEngine\xrEngine.vcxproj]
  (compiling source file '/GameMtlLib.cpp')
  
  imgui_base_input.cpp
C:\Program Files (x86)\Microsoft Visual Studio\2022\BuildTools\VC\Tools\MSVC\14.44.35207\include\xloctime(615,15): warning C4995: 'free': name was marked as #pragma deprecated [C:\Users\egorb\OneDrive\Documentos\GitHub\xray-monolith\src\xrEngine\xrEngine.vcxproj]
  (compiling source file '/GameMtlLib.cpp')
  
C:\Program Files (x86)\Microsoft Visual Studio\2022\BuildTools\VC\Tools\MSVC\14.44.35207\include\xloctime(616,15): warning C4995: 'free': name was marked as #pragma deprecated [C:\Users\egorb\OneDrive\Documentos\GitHub\xray-monolith\src\xrEngine\xrEngine.vcxproj]
  (compiling source file '/GameMtlLib.cpp')
  
C:\Program Files (x86)\Microsoft Visual Studio\2022\BuildTools\VC\Tools\MSVC\14.44.35207\include\xloctime(617,15): warning C4995: 'free': name was marked as #pragma deprecated [C:\Users\egorb\OneDrive\Documentos\GitHub\xray-monolith\src\xrEngine\xrEngine.vcxproj]
  (compiling source file '/GameMtlLib.cpp')
  
C:\Program Files (x86)\Microsoft Visual Studio\2022\BuildTools\VC\Tools\MSVC\14.44.35207\include\locale(69,15): warning C4995: 'free': name was marked as #pragma deprecated [C:\Users\egorb\OneDrive\Documentos\GitHub\xray-monolith\src\xrEngine\xrEngine.vcxproj]
  (compiling source file '/GameMtlLib.cpp')
  
C:\Program Files (x86)\Microsoft Visual Studio\2022\BuildTools\VC\Tools\MSVC\14.44.35207\include\regex(1241,15): warning C4995: 'free': name was marked as #pragma deprecated [C:\Users\egorb\OneDrive\Documentos\GitHub\xray-monolith\src\xrEngine\xrEngine.vcxproj]
  (compiling source file '/GameMtlLib.cpp')
  
C:\Program Files (x86)\Microsoft Visual Studio\2022\BuildTools\VC\Tools\MSVC\14.44.35207\include\regex(1307,49): warning C4995: 'realloc': name was marked as #pragma deprecated [C:\Users\egorb\OneDrive\Documentos\GitHub\xray-monolith\src\xrEngine\xrEngine.vcxproj]
  (compiling source file '/GameMtlLib.cpp')
  
  imgui_helper.cpp
  interp.cpp
C:\Users\egorb\OneDrive\Documentos\GitHub\xray-monolith\src\xrEngine\device.cpp(72,2): warning C4003: not enough arguments for function-like macro invocation 'PROF_EVENT' [C:\Users\egorb\OneDrive\Documentos\GitHub\xray-monolith\src\xrEngine\xrEngine.vcxproj]
  (compiling source file '/device.cpp')
  
C:\Users\egorb\OneDrive\Documentos\GitHub\xray-monolith\src\xrEngine\device.cpp(113,2): warning C4003: not enough arguments for function-like macro invocation 'PROF_EVENT' [C:\Users\egorb\OneDrive\Documentos\GitHub\xray-monolith\src\xrEngine\xrEngine.vcxproj]
  (compiling source file '/device.cpp')
  
C:\Users\egorb\OneDrive\Documentos\GitHub\xray-monolith\src\xrEngine\device.cpp(186,3): warning C4003: not enough arguments for function-like macro invocation 'PROF_EVENT' [C:\Users\egorb\OneDrive\Documentos\GitHub\xray-monolith\src\xrEngine\xrEngine.vcxproj]
  (compiling source file '/device.cpp')
  
  IRenderable.cpp
  ISheduled.cpp
C:\Users\egorb\OneDrive\Documentos\GitHub\xray-monolith\src\xrEngine\device.cpp(306,3): warning C4003: not enough arguments for function-like macro invocation 'PROF_EVENT' [C:\Users\egorb\OneDrive\Documentos\GitHub\xray-monolith\src\xrEngine\xrEngine.vcxproj]
  (compiling source file '/device.cpp')
  
C:\Users\egorb\OneDrive\Documentos\GitHub\xray-monolith\src\xrEngine\device.cpp(338,2): warning C4003: not enough arguments for function-like macro invocation 'PROF_EVENT' [C:\Users\egorb\OneDrive\Documentos\GitHub\xray-monolith\src\xrEngine\xrEngine.vcxproj]
  (compiling source file '/device.cpp')
  
  LightAnimLibrary.cpp
  line_editor.cpp
  line_edit_control.cpp
C:\Users\egorb\OneDrive\Documentos\GitHub\xray-monolith\src\xrEngine\device.cpp(515,2): warning C4003: not enough arguments for function-like macro invocation 'PROF_EVENT' [C:\Users\egorb\OneDrive\Documentos\GitHub\xray-monolith\src\xrEngine\xrEngine.vcxproj]
  (compiling source file '/device.cpp')
  
C:\Users\egorb\OneDrive\Documentos\GitHub\xray-monolith\src\xrEngine\device.cpp(611,2): warning C4003: not enough arguments for function-like macro invocation 'PROF_EVENT' [C:\Users\egorb\OneDrive\Documentos\GitHub\xray-monolith\src\xrEngine\xrEngine.vcxproj]
  (compiling source file '/device.cpp')
  
C:\Users\egorb\OneDrive\Documentos\GitHub\xray-monolith\src\xrEngine\device.cpp(671,2): warning C4003: not enough arguments for function-like macro invocation 'PROF_EVENT' [C:\Users\egorb\OneDrive\Documentos\GitHub\xray-monolith\src\xrEngine\xrEngine.vcxproj]
  (compiling source file '/device.cpp')
  
C:\Users\egorb\OneDrive\Documentos\GitHub\xray-monolith\src\xrEngine\device.cpp(813,2): warning C4003: not enough arguments for function-like macro invocation 'PROF_EVENT' [C:\Users\egorb\OneDrive\Documentos\GitHub\xray-monolith\src\xrEngine\xrEngine.vcxproj]
  (compiling source file '/device.cpp')
  
C:\Users\egorb\OneDrive\Documentos\GitHub\xray-monolith\src\xrEngine\device.cpp(823,2): warning C4003: not enough arguments for function-like macro invocation 'PROF_EVENT' [C:\Users\egorb\OneDrive\Documentos\GitHub\xray-monolith\src\xrEngine\xrEngine.vcxproj]
  (compiling source file '/device.cpp')
  
C:\Users\egorb\OneDrive\Documentos\GitHub\xray-monolith\src\xrcdb\ispatial.h(151,9): warning C4311: '<function-style-cast>': pointer truncation from 'ISpatial_NODE *' to 'ISpatial_NODE::ptrt' [C:\Users\egorb\OneDrive\Documentos\GitHub\xray-monolith\src\xrEngine\xrEngine.vcxproj]
  (compiling source file '/IGame_Level.cpp')
  
C:\Users\egorb\OneDrive\Documentos\GitHub\xray-monolith\src\xrEngine\device.cpp(836,2): warning C4003: not enough arguments for function-like macro invocation 'PROF_EVENT' [C:\Users\egorb\OneDrive\Documentos\GitHub\xray-monolith\src\xrEngine\xrEngine.vcxproj]
  (compiling source file '/device.cpp')
  
  mailSlot.cpp
C:\Users\egorb\OneDrive\Documentos\GitHub\xray-monolith\src\xrEngine\device.cpp(845,2): warning C4003: not enough arguments for function-like macro invocation 'PROF_EVENT' [C:\Users\egorb\OneDrive\Documentos\GitHub\xray-monolith\src\xrEngine\xrEngine.vcxproj]
  (compiling source file '/device.cpp')
  
C:\Users\egorb\OneDrive\Documentos\GitHub\xray-monolith\src\xrEngine\device.cpp(857,2): warning C4003: not enough arguments for function-like macro invocation 'PROF_EVENT' [C:\Users\egorb\OneDrive\Documentos\GitHub\xray-monolith\src\xrEngine\xrEngine.vcxproj]
  (compiling source file '/device.cpp')
  
C:\Users\egorb\OneDrive\Documentos\GitHub\xray-monolith\src\xrcdb\ispatial.h(151,29): warning C4311: '<function-style-cast>': pointer truncation from 'ISpatial_NODE *' to 'ISpatial_NODE::ptrt' [C:\Users\egorb\OneDrive\Documentos\GitHub\xray-monolith\src\xrEngine\xrEngine.vcxproj]
  (compiling source file '/IGame_Level.cpp')
  
C:\Users\egorb\OneDrive\Documentos\GitHub\xray-monolith\src\xrcdb\ispatial.h(152,9): warning C4311: '<function-style-cast>': pointer truncation from 'ISpatial_NODE *' to 'ISpatial_NODE::ptrt' [C:\Users\egorb\OneDrive\Documentos\GitHub\xray-monolith\src\xrEngine\xrEngine.vcxproj]
  (compiling source file '/IGame_Level.cpp')
  
C:\Users\egorb\OneDrive\Documentos\GitHub\xray-monolith\src\xrcdb\ispatial.h(152,29): warning C4311: '<function-style-cast>': pointer truncation from 'ISpatial_NODE *' to 'ISpatial_NODE::ptrt' [C:\Users\egorb\OneDrive\Documentos\GitHub\xray-monolith\src\xrEngine\xrEngine.vcxproj]
  (compiling source file '/IGame_Level.cpp')
  
C:\Users\egorb\OneDrive\Documentos\GitHub\xray-monolith\src\xrcdb\ispatial.h(153,9): warning C4311: '<function-style-cast>': pointer truncation from 'ISpatial_NODE *' to 'ISpatial_NODE::ptrt' [C:\Users\egorb\OneDrive\Documentos\GitHub\xray-monolith\src\xrEngine\xrEngine.vcxproj]
  (compiling source file '/IGame_Level.cpp')
  
C:\Users\egorb\OneDrive\Documentos\GitHub\xray-monolith\src\xrcdb\ispatial.h(153,29): warning C4311: '<function-style-cast>': pointer truncation from 'ISpatial_NODE *' to 'ISpatial_NODE::ptrt' [C:\Users\egorb\OneDrive\Documentos\GitHub\xray-monolith\src\xrEngine\xrEngine.vcxproj]
  (compiling source file '/IGame_Level.cpp')
  
C:\Users\egorb\OneDrive\Documentos\GitHub\xray-monolith\src\xrcdb\ispatial.h(154,9): warning C4311: '<function-style-cast>': pointer truncation from 'ISpatial_NODE *' to 'ISpatial_NODE::ptrt' [C:\Users\egorb\OneDrive\Documentos\GitHub\xray-monolith\src\xrEngine\xrEngine.vcxproj]
  (compiling source file '/IGame_Level.cpp')
  
C:\Users\egorb\OneDrive\Documentos\GitHub\xray-monolith\src\xrcdb\ispatial.h(154,29): warning C4311: '<function-style-cast>': pointer truncation from 'ISpatial_NODE *' to 'ISpatial_NODE::ptrt' [C:\Users\egorb\OneDrive\Documentos\GitHub\xray-monolith\src\xrEngine\xrEngine.vcxproj]
  (compiling source file '/IGame_Level.cpp')
  
C:\Users\egorb\OneDrive\Documentos\GitHub\xray-monolith\src\xrcdb\ispatial.h(151,9): warning C4311: '<function-style-cast>': pointer truncation from 'ISpatial_NODE *' to 'ISpatial_NODE::ptrt' [C:\Users\egorb\OneDrive\Documentos\GitHub\xray-monolith\src\xrEngine\xrEngine.vcxproj]
  (compiling source file '/IGame_ObjectPool.cpp')
  
C:\Users\egorb\OneDrive\Documentos\GitHub\xray-monolith\src\xrcdb\ispatial.h(151,29): warning C4311: '<function-style-cast>': pointer truncation from 'ISpatial_NODE *' to 'ISpatial_NODE::ptrt' [C:\Users\egorb\OneDrive\Documentos\GitHub\xray-monolith\src\xrEngine\xrEngine.vcxproj]
  (compiling source file '/IGame_ObjectPool.cpp')
  
C:\Users\egorb\OneDrive\Documentos\GitHub\xray-monolith\src\xrcdb\ispatial.h(152,9): warning C4311: '<function-style-cast>': pointer truncation from 'ISpatial_NODE *' to 'ISpatial_NODE::ptrt' [C:\Users\egorb\OneDrive\Documentos\GitHub\xray-monolith\src\xrEngine\xrEngine.vcxproj]
  (compiling source file '/IGame_ObjectPool.cpp')
  
C:\Users\egorb\OneDrive\Documentos\GitHub\xray-monolith\src\xrcdb\ispatial.h(152,29): warning C4311: '<function-style-cast>': pointer truncation from 'ISpatial_NODE *' to 'ISpatial_NODE::ptrt' [C:\Users\egorb\OneDrive\Documentos\GitHub\xray-monolith\src\xrEngine\xrEngine.vcxproj]
  (compiling source file '/IGame_ObjectPool.cpp')
  
C:\Users\egorb\OneDrive\Documentos\GitHub\xray-monolith\src\xrcdb\ispatial.h(153,9): warning C4311: '<function-style-cast>': pointer truncation from 'ISpatial_NODE *' to 'ISpatial_NODE::ptrt' [C:\Users\egorb\OneDrive\Documentos\GitHub\xray-monolith\src\xrEngine\xrEngine.vcxproj]
  (compiling source file '/IGame_ObjectPool.cpp')
  
C:\Users\egorb\OneDrive\Documentos\GitHub\xray-monolith\src\xrcdb\ispatial.h(153,29): warning C4311: '<function-style-cast>': pointer truncation from 'ISpatial_NODE *' to 'ISpatial_NODE::ptrt' [C:\Users\egorb\OneDrive\Documentos\GitHub\xray-monolith\src\xrEngine\xrEngine.vcxproj]
  (compiling source file '/IGame_ObjectPool.cpp')
  
C:\Users\egorb\OneDrive\Documentos\GitHub\xray-monolith\src\xrcdb\ispatial.h(154,9): warning C4311: '<function-style-cast>': pointer truncation from 'ISpatial_NODE *' to 'ISpatial_NODE::ptrt' [C:\Users\egorb\OneDrive\Documentos\GitHub\xray-monolith\src\xrEngine\xrEngine.vcxproj]
  (compiling source file '/IGame_ObjectPool.cpp')
  
  MbHelpers.cpp
C:\Users\egorb\OneDrive\Documentos\GitHub\xray-monolith\src\xrcdb\ispatial.h(154,29): warning C4311: '<function-style-cast>': pointer truncation from 'ISpatial_NODE *' to 'ISpatial_NODE::ptrt' [C:\Users\egorb\OneDrive\Documentos\GitHub\xray-monolith\src\xrEngine\xrEngine.vcxproj]
  (compiling source file '/IGame_ObjectPool.cpp')
  
C:\Users\egorb\OneDrive\Documentos\GitHub\xray-monolith\src\xrcdb\ispatial.h(151,9): warning C4311: '<function-style-cast>': pointer truncation from 'ISpatial_NODE *' to 'ISpatial_NODE::ptrt' [C:\Users\egorb\OneDrive\Documentos\GitHub\xray-monolith\src\xrEngine\xrEngine.vcxproj]
  (compiling source file '/IRenderable.cpp')
  
C:\Users\egorb\OneDrive\Documentos\GitHub\xray-monolith\src\xrcdb\ispatial.h(151,29): warning C4311: '<function-style-cast>': pointer truncation from 'ISpatial_NODE *' to 'ISpatial_NODE::ptrt' [C:\Users\egorb\OneDrive\Documentos\GitHub\xray-monolith\src\xrEngine\xrEngine.vcxproj]
  (compiling source file '/IRenderable.cpp')
  
C:\Users\egorb\OneDrive\Documentos\GitHub\xray-monolith\src\xrcdb\ispatial.h(152,9): warning C4311: '<function-style-cast>': pointer truncation from 'ISpatial_NODE *' to 'ISpatial_NODE::ptrt' [C:\Users\egorb\OneDrive\Documentos\GitHub\xray-monolith\src\xrEngine\xrEngine.vcxproj]
  (compiling source file '/IRenderable.cpp')
  
C:\Users\egorb\OneDrive\Documentos\GitHub\xray-monolith\src\xrcdb\ispatial.h(152,29): warning C4311: '<function-style-cast>': pointer truncation from 'ISpatial_NODE *' to 'ISpatial_NODE::ptrt' [C:\Users\egorb\OneDrive\Documentos\GitHub\xray-monolith\src\xrEngine\xrEngine.vcxproj]
  (compiling source file '/IRenderable.cpp')
  
C:\Users\egorb\OneDrive\Documentos\GitHub\xray-monolith\src\xrcdb\ispatial.h(153,9): warning C4311: '<function-style-cast>': pointer truncation from 'ISpatial_NODE *' to 'ISpatial_NODE::ptrt' [C:\Users\egorb\OneDrive\Documentos\GitHub\xray-monolith\src\xrEngine\xrEngine.vcxproj]
  (compiling source file '/IRenderable.cpp')
  
C:\Users\egorb\OneDrive\Documentos\GitHub\xray-monolith\src\xrcdb\ispatial.h(153,29): warning C4311: '<function-style-cast>': pointer truncation from 'ISpatial_NODE *' to 'ISpatial_NODE::ptrt' [C:\Users\egorb\OneDrive\Documentos\GitHub\xray-monolith\src\xrEngine\xrEngine.vcxproj]
  (compiling source file '/IRenderable.cpp')
  
C:\Users\egorb\OneDrive\Documentos\GitHub\xray-monolith\src\xrcdb\ispatial.h(154,9): warning C4311: '<function-style-cast>': pointer truncation from 'ISpatial_NODE *' to 'ISpatial_NODE::ptrt' [C:\Users\egorb\OneDrive\Documentos\GitHub\xray-monolith\src\xrEngine\xrEngine.vcxproj]
  (compiling source file '/IRenderable.cpp')
  
C:\Users\egorb\OneDrive\Documentos\GitHub\xray-monolith\src\xrcdb\ispatial.h(154,29): warning C4311: '<function-style-cast>': pointer truncation from 'ISpatial_NODE *' to 'ISpatial_NODE::ptrt' [C:\Users\egorb\OneDrive\Documentos\GitHub\xray-monolith\src\xrEngine\xrEngine.vcxproj]
  (compiling source file '/IRenderable.cpp')
  
  motion.cpp
  ObjectAnimator.cpp
C:\Users\egorb\OneDrive\Documentos\GitHub\xray-monolith\src\xrcdb\ispatial.h(151,9): warning C4311: '<function-style-cast>': pointer truncation from 'ISpatial_NODE *' to 'ISpatial_NODE::ptrt' [C:\Users\egorb\OneDrive\Documentos\GitHub\xray-monolith\src\xrEngine\xrEngine.vcxproj]
  (compiling source file '/ISheduled.cpp')
  
C:\Users\egorb\OneDrive\Documentos\GitHub\xray-monolith\src\xrcdb\ispatial.h(151,29): warning C4311: '<function-style-cast>': pointer truncation from 'ISpatial_NODE *' to 'ISpatial_NODE::ptrt' [C:\Users\egorb\OneDrive\Documentos\GitHub\xray-monolith\src\xrEngine\xrEngine.vcxproj]
  (compiling source file '/ISheduled.cpp')
  
C:\Users\egorb\OneDrive\Documentos\GitHub\xray-monolith\src\xrcdb\ispatial.h(152,9): warning C4311: '<function-style-cast>': pointer truncation from 'ISpatial_NODE *' to 'ISpatial_NODE::ptrt' [C:\Users\egorb\OneDrive\Documentos\GitHub\xray-monolith\src\xrEngine\xrEngine.vcxproj]
  (compiling source file '/ISheduled.cpp')
  
C:\Users\egorb\OneDrive\Documentos\GitHub\xray-monolith\src\xrcdb\ispatial.h(152,29): warning C4311: '<function-style-cast>': pointer truncation from 'ISpatial_NODE *' to 'ISpatial_NODE::ptrt' [C:\Users\egorb\OneDrive\Documentos\GitHub\xray-monolith\src\xrEngine\xrEngine.vcxproj]
  (compiling source file '/ISheduled.cpp')
  
C:\Users\egorb\OneDrive\Documentos\GitHub\xray-monolith\src\xrcdb\ispatial.h(153,9): warning C4311: '<function-style-cast>': pointer truncation from 'ISpatial_NODE *' to 'ISpatial_NODE::ptrt' [C:\Users\egorb\OneDrive\Documentos\GitHub\xray-monolith\src\xrEngine\xrEngine.vcxproj]
  (compiling source file '/ISheduled.cpp')
  
C:\Users\egorb\OneDrive\Documentos\GitHub\xray-monolith\src\xrcdb\ispatial.h(153,29): warning C4311: '<function-style-cast>': pointer truncation from 'ISpatial_NODE *' to 'ISpatial_NODE::ptrt' [C:\Users\egorb\OneDrive\Documentos\GitHub\xray-monolith\src\xrEngine\xrEngine.vcxproj]
  (compiling source file '/ISheduled.cpp')
  
C:\Users\egorb\OneDrive\Documentos\GitHub\xray-monolith\src\xrcdb\ispatial.h(154,9): warning C4311: '<function-style-cast>': pointer truncation from 'ISpatial_NODE *' to 'ISpatial_NODE::ptrt' [C:\Users\egorb\OneDrive\Documentos\GitHub\xray-monolith\src\xrEngine\xrEngine.vcxproj]
  (compiling source file '/ISheduled.cpp')
  
C:\Users\egorb\OneDrive\Documentos\GitHub\xray-monolith\src\xrcdb\ispatial.h(154,29): warning C4311: '<function-style-cast>': pointer truncation from 'ISpatial_NODE *' to 'ISpatial_NODE::ptrt' [C:\Users\egorb\OneDrive\Documentos\GitHub\xray-monolith\src\xrEngine\xrEngine.vcxproj]
  (compiling source file '/ISheduled.cpp')
  
  ObjectDump.cpp
  perlin.cpp
C:\Users\egorb\OneDrive\Documentos\GitHub\xray-monolith\src\xrcdb\ispatial.h(151,9): warning C4311: '<function-style-cast>': pointer truncation from 'ISpatial_NODE *' to 'ISpatial_NODE::ptrt' [C:\Users\egorb\OneDrive\Documentos\GitHub\xray-monolith\src\xrEngine\xrEngine.vcxproj]
  (compiling source file '/IGame_Persistent.cpp')
  
C:\Users\egorb\OneDrive\Documentos\GitHub\xray-monolith\src\xrcdb\ispatial.h(151,29): warning C4311: '<function-style-cast>': pointer truncation from 'ISpatial_NODE *' to 'ISpatial_NODE::ptrt' [C:\Users\egorb\OneDrive\Documentos\GitHub\xray-monolith\src\xrEngine\xrEngine.vcxproj]
  (compiling source file '/IGame_Persistent.cpp')
  
C:\Users\egorb\OneDrive\Documentos\GitHub\xray-monolith\src\xrcdb\ispatial.h(152,9): warning C4311: '<function-style-cast>': pointer truncation from 'ISpatial_NODE *' to 'ISpatial_NODE::ptrt' [C:\Users\egorb\OneDrive\Documentos\GitHub\xray-monolith\src\xrEngine\xrEngine.vcxproj]
  (compiling source file '/IGame_Persistent.cpp')
  
C:\Users\egorb\OneDrive\Documentos\GitHub\xray-monolith\src\xrcdb\ispatial.h(152,29): warning C4311: '<function-style-cast>': pointer truncation from 'ISpatial_NODE *' to 'ISpatial_NODE::ptrt' [C:\Users\egorb\OneDrive\Documentos\GitHub\xray-monolith\src\xrEngine\xrEngine.vcxproj]
  (compiling source file '/IGame_Persistent.cpp')
  
C:\Users\egorb\OneDrive\Documentos\GitHub\xray-monolith\src\xrcdb\ispatial.h(153,9): warning C4311: '<function-style-cast>': pointer truncation from 'ISpatial_NODE *' to 'ISpatial_NODE::ptrt' [C:\Users\egorb\OneDrive\Documentos\GitHub\xray-monolith\src\xrEngine\xrEngine.vcxproj]
  (compiling source file '/IGame_Persistent.cpp')
  
C:\Users\egorb\OneDrive\Documentos\GitHub\xray-monolith\src\xrcdb\ispatial.h(153,29): warning C4311: '<function-style-cast>': pointer truncation from 'ISpatial_NODE *' to 'ISpatial_NODE::ptrt' [C:\Users\egorb\OneDrive\Documentos\GitHub\xray-monolith\src\xrEngine\xrEngine.vcxproj]
  (compiling source file '/IGame_Persistent.cpp')
  
C:\Users\egorb\OneDrive\Documentos\GitHub\xray-monolith\src\xrcdb\ispatial.h(154,9): warning C4311: '<function-style-cast>': pointer truncation from 'ISpatial_NODE *' to 'ISpatial_NODE::ptrt' [C:\Users\egorb\OneDrive\Documentos\GitHub\xray-monolith\src\xrEngine\xrEngine.vcxproj]
  (compiling source file '/IGame_Persistent.cpp')
  
C:\Users\egorb\OneDrive\Documentos\GitHub\xray-monolith\src\xrcdb\ispatial.h(154,29): warning C4311: '<function-style-cast>': pointer truncation from 'ISpatial_NODE *' to 'ISpatial_NODE::ptrt' [C:\Users\egorb\OneDrive\Documentos\GitHub\xray-monolith\src\xrEngine\xrEngine.vcxproj]
  (compiling source file '/IGame_Persistent.cpp')
  
  phdebug.cpp
  PS_instance.cpp
  pure.cpp
C:\Users\egorb\OneDrive\Documentos\GitHub\xray-monolith\src\xrcdb\ispatial.h(151,9): warning C4311: '<function-style-cast>': pointer truncation from 'ISpatial_NODE *' to 'ISpatial_NODE::ptrt' [C:\Users\egorb\OneDrive\Documentos\GitHub\xray-monolith\src\xrEngine\xrEngine.vcxproj]
  (compiling source file '/ObjectDump.cpp')
  
C:\Users\egorb\OneDrive\Documentos\GitHub\xray-monolith\src\xrcdb\ispatial.h(151,29): warning C4311: '<function-style-cast>': pointer truncation from 'ISpatial_NODE *' to 'ISpatial_NODE::ptrt' [C:\Users\egorb\OneDrive\Documentos\GitHub\xray-monolith\src\xrEngine\xrEngine.vcxproj]
  (compiling source file '/ObjectDump.cpp')
  
C:\Users\egorb\OneDrive\Documentos\GitHub\xray-monolith\src\xrcdb\ispatial.h(152,9): warning C4311: '<function-style-cast>': pointer truncation from 'ISpatial_NODE *' to 'ISpatial_NODE::ptrt' [C:\Users\egorb\OneDrive\Documentos\GitHub\xray-monolith\src\xrEngine\xrEngine.vcxproj]
  (compiling source file '/ObjectDump.cpp')
  
C:\Users\egorb\OneDrive\Documentos\GitHub\xray-monolith\src\xrcdb\ispatial.h(152,29): warning C4311: '<function-style-cast>': pointer truncation from 'ISpatial_NODE *' to 'ISpatial_NODE::ptrt' [C:\Users\egorb\OneDrive\Documentos\GitHub\xray-monolith\src\xrEngine\xrEngine.vcxproj]
  (compiling source file '/ObjectDump.cpp')
  
C:\Users\egorb\OneDrive\Documentos\GitHub\xray-monolith\src\xrcdb\ispatial.h(153,9): warning C4311: '<function-style-cast>': pointer truncation from 'ISpatial_NODE *' to 'ISpatial_NODE::ptrt' [C:\Users\egorb\OneDrive\Documentos\GitHub\xray-monolith\src\xrEngine\xrEngine.vcxproj]
  (compiling source file '/ObjectDump.cpp')
  
C:\Users\egorb\OneDrive\Documentos\GitHub\xray-monolith\src\xrcdb\ispatial.h(153,29): warning C4311: '<function-style-cast>': pointer truncation from 'ISpatial_NODE *' to 'ISpatial_NODE::ptrt' [C:\Users\egorb\OneDrive\Documentos\GitHub\xray-monolith\src\xrEngine\xrEngine.vcxproj]
  (compiling source file '/ObjectDump.cpp')
  
C:\Users\egorb\OneDrive\Documentos\GitHub\xray-monolith\src\xrcdb\ispatial.h(154,9): warning C4311: '<function-style-cast>': pointer truncation from 'ISpatial_NODE *' to 'ISpatial_NODE::ptrt' [C:\Users\egorb\OneDrive\Documentos\GitHub\xray-monolith\src\xrEngine\xrEngine.vcxproj]
  (compiling source file '/ObjectDump.cpp')
  
C:\Users\egorb\OneDrive\Documentos\GitHub\xray-monolith\src\xrcdb\ispatial.h(154,29): warning C4311: '<function-style-cast>': pointer truncation from 'ISpatial_NODE *' to 'ISpatial_NODE::ptrt' [C:\Users\egorb\OneDrive\Documentos\GitHub\xray-monolith\src\xrEngine\xrEngine.vcxproj]
  (compiling source file '/ObjectDump.cpp')
  
  pure_relcase.cpp
  Rain.cpp
  Render.cpp
  SkeletonMotions.cpp
  StatGraph.cpp
C:\Users\egorb\OneDrive\Documentos\GitHub\xray-monolith\src\xrcdb\ispatial.h(151,9): warning C4311: '<function-style-cast>': pointer truncation from 'ISpatial_NODE *' to 'ISpatial_NODE::ptrt' [C:\Users\egorb\OneDrive\Documentos\GitHub\xray-monolith\src\xrEngine\xrEngine.vcxproj]
  (compiling source file '/PS_instance.cpp')
  
C:\Users\egorb\OneDrive\Documentos\GitHub\xray-monolith\src\xrcdb\ispatial.h(151,29): warning C4311: '<function-style-cast>': pointer truncation from 'ISpatial_NODE *' to 'ISpatial_NODE::ptrt' [C:\Users\egorb\OneDrive\Documentos\GitHub\xray-monolith\src\xrEngine\xrEngine.vcxproj]
  (compiling source file '/PS_instance.cpp')
  
C:\Users\egorb\OneDrive\Documentos\GitHub\xray-monolith\src\xrcdb\ispatial.h(152,9): warning C4311: '<function-style-cast>': pointer truncation from 'ISpatial_NODE *' to 'ISpatial_NODE::ptrt' [C:\Users\egorb\OneDrive\Documentos\GitHub\xray-monolith\src\xrEngine\xrEngine.vcxproj]
  (compiling source file '/PS_instance.cpp')
  
C:\Users\egorb\OneDrive\Documentos\GitHub\xray-monolith\src\xrcdb\ispatial.h(152,29): warning C4311: '<function-style-cast>': pointer truncation from 'ISpatial_NODE *' to 'ISpatial_NODE::ptrt' [C:\Users\egorb\OneDrive\Documentos\GitHub\xray-monolith\src\xrEngine\xrEngine.vcxproj]
  (compiling source file '/PS_instance.cpp')
  
C:\Users\egorb\OneDrive\Documentos\GitHub\xray-monolith\src\xrcdb\ispatial.h(153,9): warning C4311: '<function-style-cast>': pointer truncation from 'ISpatial_NODE *' to 'ISpatial_NODE::ptrt' [C:\Users\egorb\OneDrive\Documentos\GitHub\xray-monolith\src\xrEngine\xrEngine.vcxproj]
  (compiling source file '/PS_instance.cpp')
  
C:\Users\egorb\OneDrive\Documentos\GitHub\xray-monolith\src\xrcdb\ispatial.h(153,29): warning C4311: '<function-style-cast>': pointer truncation from 'ISpatial_NODE *' to 'ISpatial_NODE::ptrt' [C:\Users\egorb\OneDrive\Documentos\GitHub\xray-monolith\src\xrEngine\xrEngine.vcxproj]
  (compiling source file '/PS_instance.cpp')
  
C:\Users\egorb\OneDrive\Documentos\GitHub\xray-monolith\src\xrcdb\ispatial.h(154,9): warning C4311: '<function-style-cast>': pointer truncation from 'ISpatial_NODE *' to 'ISpatial_NODE::ptrt' [C:\Users\egorb\OneDrive\Documentos\GitHub\xray-monolith\src\xrEngine\xrEngine.vcxproj]
  (compiling source file '/PS_instance.cpp')
  
C:\Users\egorb\OneDrive\Documentos\GitHub\xray-monolith\src\xrcdb\ispatial.h(154,29): warning C4311: '<function-style-cast>': pointer truncation from 'ISpatial_NODE *' to 'ISpatial_NODE::ptrt' [C:\Users\egorb\OneDrive\Documentos\GitHub\xray-monolith\src\xrEngine\xrEngine.vcxproj]
  (compiling source file '/PS_instance.cpp')
  
  Stats.cpp
  Text_Console.cpp
  Text_Console_WndProc.cpp
  thunderbolt.cpp
  tntQAVI.cpp
  xrHemisphere.cpp
  xrImage_Resampler.cpp
  xrSASH.cpp
C:\Users\egorb\OneDrive\Documentos\GitHub\xray-monolith\src\xrcdb\ISpatial.h(151,9): warning C4311: '<function-style-cast>': pointer truncation from 'ISpatial_NODE *' to 'ISpatial_NODE::ptrt' [C:\Users\egorb\OneDrive\Documentos\GitHub\xray-monolith\src\xrEngine\xrEngine.vcxproj]
  (compiling source file '/Stats.cpp')
  
C:\Users\egorb\OneDrive\Documentos\GitHub\xray-monolith\src\xrcdb\ISpatial.h(151,29): warning C4311: '<function-style-cast>': pointer truncation from 'ISpatial_NODE *' to 'ISpatial_NODE::ptrt' [C:\Users\egorb\OneDrive\Documentos\GitHub\xray-monolith\src\xrEngine\xrEngine.vcxproj]
  (compiling source file '/Stats.cpp')
  
C:\Users\egorb\OneDrive\Documentos\GitHub\xray-monolith\src\xrcdb\ISpatial.h(152,9): warning C4311: '<function-style-cast>': pointer truncation from 'ISpatial_NODE *' to 'ISpatial_NODE::ptrt' [C:\Users\egorb\OneDrive\Documentos\GitHub\xray-monolith\src\xrEngine\xrEngine.vcxproj]
  (compiling source file '/Stats.cpp')
  
C:\Users\egorb\OneDrive\Documentos\GitHub\xray-monolith\src\xrcdb\ISpatial.h(152,29): warning C4311: '<function-style-cast>': pointer truncation from 'ISpatial_NODE *' to 'ISpatial_NODE::ptrt' [C:\Users\egorb\OneDrive\Documentos\GitHub\xray-monolith\src\xrEngine\xrEngine.vcxproj]
  (compiling source file '/Stats.cpp')
  
C:\Users\egorb\OneDrive\Documentos\GitHub\xray-monolith\src\xrcdb\ISpatial.h(153,9): warning C4311: '<function-style-cast>': pointer truncation from 'ISpatial_NODE *' to 'ISpatial_NODE::ptrt' [C:\Users\egorb\OneDrive\Documentos\GitHub\xray-monolith\src\xrEngine\xrEngine.vcxproj]
  (compiling source file '/Stats.cpp')
  
C:\Users\egorb\OneDrive\Documentos\GitHub\xray-monolith\src\xrcdb\ISpatial.h(153,29): warning C4311: '<function-style-cast>': pointer truncation from 'ISpatial_NODE *' to 'ISpatial_NODE::ptrt' [C:\Users\egorb\OneDrive\Documentos\GitHub\xray-monolith\src\xrEngine\xrEngine.vcxproj]
  (compiling source file '/Stats.cpp')
  
C:\Users\egorb\OneDrive\Documentos\GitHub\xray-monolith\src\xrcdb\ISpatial.h(154,9): warning C4311: '<function-style-cast>': pointer truncation from 'ISpatial_NODE *' to 'ISpatial_NODE::ptrt' [C:\Users\egorb\OneDrive\Documentos\GitHub\xray-monolith\src\xrEngine\xrEngine.vcxproj]
  (compiling source file '/Stats.cpp')
  
C:\Users\egorb\OneDrive\Documentos\GitHub\xray-monolith\src\xrcdb\ISpatial.h(154,29): warning C4311: '<function-style-cast>': pointer truncation from 'ISpatial_NODE *' to 'ISpatial_NODE::ptrt' [C:\Users\egorb\OneDrive\Documentos\GitHub\xray-monolith\src\xrEngine\xrEngine.vcxproj]
  (compiling source file '/Stats.cpp')
  
  xrSheduler.cpp
  xrTheora_Stream.cpp
  xrTheora_Surface.cpp
  xrTheora_Surface_mmx.cpp
C:\Users\egorb\OneDrive\Documentos\GitHub\xray-monolith\src\xrcdb\ispatial.h(151,9): warning C4311: '<function-style-cast>': pointer truncation from 'ISpatial_NODE *' to 'ISpatial_NODE::ptrt' [C:\Users\egorb\OneDrive\Documentos\GitHub\xray-monolith\src\xrEngine\xrEngine.vcxproj]
  (compiling source file '/xrSheduler.cpp')
  
C:\Users\egorb\OneDrive\Documentos\GitHub\xray-monolith\src\xrcdb\ispatial.h(151,29): warning C4311: '<function-style-cast>': pointer truncation from 'ISpatial_NODE *' to 'ISpatial_NODE::ptrt' [C:\Users\egorb\OneDrive\Documentos\GitHub\xray-monolith\src\xrEngine\xrEngine.vcxproj]
  (compiling source file '/xrSheduler.cpp')
  
C:\Users\egorb\OneDrive\Documentos\GitHub\xray-monolith\src\xrcdb\ispatial.h(152,9): warning C4311: '<function-style-cast>': pointer truncation from 'ISpatial_NODE *' to 'ISpatial_NODE::ptrt' [C:\Users\egorb\OneDrive\Documentos\GitHub\xray-monolith\src\xrEngine\xrEngine.vcxproj]
  (compiling source file '/xrSheduler.cpp')
  
C:\Users\egorb\OneDrive\Documentos\GitHub\xray-monolith\src\xrcdb\ispatial.h(152,29): warning C4311: '<function-style-cast>': pointer truncation from 'ISpatial_NODE *' to 'ISpatial_NODE::ptrt' [C:\Users\egorb\OneDrive\Documentos\GitHub\xray-monolith\src\xrEngine\xrEngine.vcxproj]
  (compiling source file '/xrSheduler.cpp')
  
C:\Users\egorb\OneDrive\Documentos\GitHub\xray-monolith\src\xrcdb\ispatial.h(153,9): warning C4311: '<function-style-cast>': pointer truncation from 'ISpatial_NODE *' to 'ISpatial_NODE::ptrt' [C:\Users\egorb\OneDrive\Documentos\GitHub\xray-monolith\src\xrEngine\xrEngine.vcxproj]
  (compiling source file '/xrSheduler.cpp')
  
C:\Users\egorb\OneDrive\Documentos\GitHub\xray-monolith\src\xrcdb\ispatial.h(153,29): warning C4311: '<function-style-cast>': pointer truncation from 'ISpatial_NODE *' to 'ISpatial_NODE::ptrt' [C:\Users\egorb\OneDrive\Documentos\GitHub\xray-monolith\src\xrEngine\xrEngine.vcxproj]
  (compiling source file '/xrSheduler.cpp')
  
C:\Users\egorb\OneDrive\Documentos\GitHub\xray-monolith\src\xrcdb\ispatial.h(154,9): warning C4311: '<function-style-cast>': pointer truncation from 'ISpatial_NODE *' to 'ISpatial_NODE::ptrt' [C:\Users\egorb\OneDrive\Documentos\GitHub\xray-monolith\src\xrEngine\xrEngine.vcxproj]
  (compiling source file '/xrSheduler.cpp')
  
C:\Users\egorb\OneDrive\Documentos\GitHub\xray-monolith\src\xrcdb\ispatial.h(154,29): warning C4311: '<function-style-cast>': pointer truncation from 'ISpatial_NODE *' to 'ISpatial_NODE::ptrt' [C:\Users\egorb\OneDrive\Documentos\GitHub\xray-monolith\src\xrEngine\xrEngine.vcxproj]
  (compiling source file '/xrSheduler.cpp')
  
  xr_collide_form.cpp
  xr_efflensflare.cpp
  Xr_input.cpp
  xr_input_xinput.cpp
  XR_IOConsole.cpp
  XR_IOConsole_callback.cpp
  XR_IOConsole_control.cpp
C:\Users\egorb\OneDrive\Documentos\GitHub\xray-monolith\src\xrcdb\ispatial.h(151,9): warning C4311: '<function-style-cast>': pointer truncation from 'ISpatial_NODE *' to 'ISpatial_NODE::ptrt' [C:\Users\egorb\OneDrive\Documentos\GitHub\xray-monolith\src\xrEngine\xrEngine.vcxproj]
  (compiling source file '/Rain.cpp')
  
C:\Users\egorb\OneDrive\Documentos\GitHub\xray-monolith\src\xrcdb\ispatial.h(151,29): warning C4311: '<function-style-cast>': pointer truncation from 'ISpatial_NODE *' to 'ISpatial_NODE::ptrt' [C:\Users\egorb\OneDrive\Documentos\GitHub\xray-monolith\src\xrEngine\xrEngine.vcxproj]
  (compiling source file '/Rain.cpp')
  
  XR_IOConsole_get.cpp
C:\Users\egorb\OneDrive\Documentos\GitHub\xray-monolith\src\xrcdb\ispatial.h(152,9): warning C4311: '<function-style-cast>': pointer truncation from 'ISpatial_NODE *' to 'ISpatial_NODE::ptrt' [C:\Users\egorb\OneDrive\Documentos\GitHub\xray-monolith\src\xrEngine\xrEngine.vcxproj]
  (compiling source file '/Rain.cpp')
  
C:\Users\egorb\OneDrive\Documentos\GitHub\xray-monolith\src\xrcdb\ispatial.h(152,29): warning C4311: '<function-style-cast>': pointer truncation from 'ISpatial_NODE *' to 'ISpatial_NODE::ptrt' [C:\Users\egorb\OneDrive\Documentos\GitHub\xray-monolith\src\xrEngine\xrEngine.vcxproj]
  (compiling source file '/Rain.cpp')
  
  xr_ioc_cmd.cpp
C:\Users\egorb\OneDrive\Documentos\GitHub\xray-monolith\src\xrcdb\ispatial.h(153,9): warning C4311: '<function-style-cast>': pointer truncation from 'ISpatial_NODE *' to 'ISpatial_NODE::ptrt' [C:\Users\egorb\OneDrive\Documentos\GitHub\xray-monolith\src\xrEngine\xrEngine.vcxproj]
  (compiling source file '/Rain.cpp')
  
C:\Users\egorb\OneDrive\Documentos\GitHub\xray-monolith\src\xrcdb\ispatial.h(153,29): warning C4311: '<function-style-cast>': pointer truncation from 'ISpatial_NODE *' to 'ISpatial_NODE::ptrt' [C:\Users\egorb\OneDrive\Documentos\GitHub\xray-monolith\src\xrEngine\xrEngine.vcxproj]
  (compiling source file '/Rain.cpp')
  
C:\Users\egorb\OneDrive\Documentos\GitHub\xray-monolith\src\xrcdb\ispatial.h(154,9): warning C4311: '<function-style-cast>': pointer truncation from 'ISpatial_NODE *' to 'ISpatial_NODE::ptrt' [C:\Users\egorb\OneDrive\Documentos\GitHub\xray-monolith\src\xrEngine\xrEngine.vcxproj]
  (compiling source file '/Rain.cpp')
  
C:\Users\egorb\OneDrive\Documentos\GitHub\xray-monolith\src\xrcdb\ispatial.h(154,29): warning C4311: '<function-style-cast>': pointer truncation from 'ISpatial_NODE *' to 'ISpatial_NODE::ptrt' [C:\Users\egorb\OneDrive\Documentos\GitHub\xray-monolith\src\xrEngine\xrEngine.vcxproj]
  (compiling source file '/Rain.cpp')
  
  xr_object.cpp
C:\Users\egorb\OneDrive\Documentos\GitHub\xray-monolith\src\xrEngine\Xr_input.cpp(409,8): warning C4644: usage of the macro-based offsetof pattern in constant expressions is non-standard; use offsetof defined in the C++ standard library instead [C:\Users\egorb\OneDrive\Documentos\GitHub\xray-monolith\src\xrEngine\xrEngine.vcxproj]
  (compiling source file '/Xr_input.cpp')
  
C:\Users\egorb\OneDrive\Documentos\GitHub\xray-monolith\src\xrEngine\Xr_input.cpp(413,8): warning C4644: usage of the macro-based offsetof pattern in constant expressions is non-standard; use offsetof defined in the C++ standard library instead [C:\Users\egorb\OneDrive\Documentos\GitHub\xray-monolith\src\xrEngine\xrEngine.vcxproj]
  (compiling source file '/Xr_input.cpp')
  
C:\Users\egorb\OneDrive\Documentos\GitHub\xray-monolith\src\xrEngine\Xr_input.cpp(417,8): warning C4644: usage of the macro-based offsetof pattern in constant expressions is non-standard; use offsetof defined in the C++ standard library instead [C:\Users\egorb\OneDrive\Documentos\GitHub\xray-monolith\src\xrEngine\xrEngine.vcxproj]
  (compiling source file '/Xr_input.cpp')
  
  xr_object_list.cpp
C:\Users\egorb\OneDrive\Documentos\GitHub\xray-monolith\src\xrcdb\ispatial.h(151,9): warning C4311: '<function-style-cast>': pointer truncation from 'ISpatial_NODE *' to 'ISpatial_NODE::ptrt' [C:\Users\egorb\OneDrive\Documentos\GitHub\xray-monolith\src\xrEngine\xrEngine.vcxproj]
  (compiling source file '/thunderbolt.cpp')
  
C:\Users\egorb\OneDrive\Documentos\GitHub\xray-monolith\src\xrcdb\ispatial.h(151,29): warning C4311: '<function-style-cast>': pointer truncation from 'ISpatial_NODE *' to 'ISpatial_NODE::ptrt' [C:\Users\egorb\OneDrive\Documentos\GitHub\xray-monolith\src\xrEngine\xrEngine.vcxproj]
  (compiling source file '/thunderbolt.cpp')
  
C:\Users\egorb\OneDrive\Documentos\GitHub\xray-monolith\src\xrcdb\ispatial.h(152,9): warning C4311: '<function-style-cast>': pointer truncation from 'ISpatial_NODE *' to 'ISpatial_NODE::ptrt' [C:\Users\egorb\OneDrive\Documentos\GitHub\xray-monolith\src\xrEngine\xrEngine.vcxproj]
  (compiling source file '/thunderbolt.cpp')
  
C:\Users\egorb\OneDrive\Documentos\GitHub\xray-monolith\src\xrcdb\ispatial.h(152,29): warning C4311: '<function-style-cast>': pointer truncation from 'ISpatial_NODE *' to 'ISpatial_NODE::ptrt' [C:\Users\egorb\OneDrive\Documentos\GitHub\xray-monolith\src\xrEngine\xrEngine.vcxproj]
  (compiling source file '/thunderbolt.cpp')
  
C:\Users\egorb\OneDrive\Documentos\GitHub\xray-monolith\src\xrcdb\ispatial.h(153,9): warning C4311: '<function-style-cast>': pointer truncation from 'ISpatial_NODE *' to 'ISpatial_NODE::ptrt' [C:\Users\egorb\OneDrive\Documentos\GitHub\xray-monolith\src\xrEngine\xrEngine.vcxproj]
  (compiling source file '/thunderbolt.cpp')
  
C:\Users\egorb\OneDrive\Documentos\GitHub\xray-monolith\src\xrcdb\ispatial.h(153,29): warning C4311: '<function-style-cast>': pointer truncation from 'ISpatial_NODE *' to 'ISpatial_NODE::ptrt' [C:\Users\egorb\OneDrive\Documentos\GitHub\xray-monolith\src\xrEngine\xrEngine.vcxproj]
  (compiling source file '/thunderbolt.cpp')
  
C:\Users\egorb\OneDrive\Documentos\GitHub\xray-monolith\src\xrcdb\ispatial.h(154,9): warning C4311: '<function-style-cast>': pointer truncation from 'ISpatial_NODE *' to 'ISpatial_NODE::ptrt' [C:\Users\egorb\OneDrive\Documentos\GitHub\xray-monolith\src\xrEngine\xrEngine.vcxproj]
  (compiling source file '/thunderbolt.cpp')
  
C:\Users\egorb\OneDrive\Documentos\GitHub\xray-monolith\src\xrcdb\ispatial.h(154,29): warning C4311: '<function-style-cast>': pointer truncation from 'ISpatial_NODE *' to 'ISpatial_NODE::ptrt' [C:\Users\egorb\OneDrive\Documentos\GitHub\xray-monolith\src\xrEngine\xrEngine.vcxproj]
  (compiling source file '/thunderbolt.cpp')
  
  x_ray.cpp
  _scripting.cpp
C:\Users\egorb\OneDrive\Documentos\GitHub\xray-monolith\src\xrcdb\ispatial.h(151,9): warning C4311: '<function-style-cast>': pointer truncation from 'ISpatial_NODE *' to 'ISpatial_NODE::ptrt' [C:\Users\egorb\OneDrive\Documentos\GitHub\xray-monolith\src\xrEngine\xrEngine.vcxproj]
  (compiling source file '/xr_collide_form.cpp')
  
C:\Users\egorb\OneDrive\Documentos\GitHub\xray-monolith\src\xrcdb\ispatial.h(151,29): warning C4311: '<function-style-cast>': pointer truncation from 'ISpatial_NODE *' to 'ISpatial_NODE::ptrt' [C:\Users\egorb\OneDrive\Documentos\GitHub\xray-monolith\src\xrEngine\xrEngine.vcxproj]
  (compiling source file '/xr_collide_form.cpp')
  
C:\Users\egorb\OneDrive\Documentos\GitHub\xray-monolith\src\xrcdb\ispatial.h(152,9): warning C4311: '<function-style-cast>': pointer truncation from 'ISpatial_NODE *' to 'ISpatial_NODE::ptrt' [C:\Users\egorb\OneDrive\Documentos\GitHub\xray-monolith\src\xrEngine\xrEngine.vcxproj]
  (compiling source file '/xr_collide_form.cpp')
  
C:\Users\egorb\OneDrive\Documentos\GitHub\xray-monolith\src\xrcdb\ispatial.h(152,29): warning C4311: '<function-style-cast>': pointer truncation from 'ISpatial_NODE *' to 'ISpatial_NODE::ptrt' [C:\Users\egorb\OneDrive\Documentos\GitHub\xray-monolith\src\xrEngine\xrEngine.vcxproj]
  (compiling source file '/xr_collide_form.cpp')
  
C:\Users\egorb\OneDrive\Documentos\GitHub\xray-monolith\src\xrcdb\ispatial.h(153,9): warning C4311: '<function-style-cast>': pointer truncation from 'ISpatial_NODE *' to 'ISpatial_NODE::ptrt' [C:\Users\egorb\OneDrive\Documentos\GitHub\xray-monolith\src\xrEngine\xrEngine.vcxproj]
  (compiling source file '/xr_collide_form.cpp')
  
C:\Users\egorb\OneDrive\Documentos\GitHub\xray-monolith\src\xrcdb\ispatial.h(153,29): warning C4311: '<function-style-cast>': pointer truncation from 'ISpatial_NODE *' to 'ISpatial_NODE::ptrt' [C:\Users\egorb\OneDrive\Documentos\GitHub\xray-monolith\src\xrEngine\xrEngine.vcxproj]
  (compiling source file '/xr_collide_form.cpp')
  
C:\Users\egorb\OneDrive\Documentos\GitHub\xray-monolith\src\xrcdb\ispatial.h(154,9): warning C4311: '<function-style-cast>': pointer truncation from 'ISpatial_NODE *' to 'ISpatial_NODE::ptrt' [C:\Users\egorb\OneDrive\Documentos\GitHub\xray-monolith\src\xrEngine\xrEngine.vcxproj]
  (compiling source file '/xr_collide_form.cpp')
  
C:\Users\egorb\OneDrive\Documentos\GitHub\xray-monolith\src\xrcdb\ispatial.h(154,29): warning C4311: '<function-style-cast>': pointer truncation from 'ISpatial_NODE *' to 'ISpatial_NODE::ptrt' [C:\Users\egorb\OneDrive\Documentos\GitHub\xray-monolith\src\xrEngine\xrEngine.vcxproj]
  (compiling source file '/xr_collide_form.cpp')
  
C:\Users\egorb\OneDrive\Documentos\GitHub\xray-monolith\src\xrcdb\ispatial.h(151,9): warning C4311: '<function-style-cast>': pointer truncation from 'ISpatial_NODE *' to 'ISpatial_NODE::ptrt' [C:\Users\egorb\OneDrive\Documentos\GitHub\xray-monolith\src\xrEngine\xrEngine.vcxproj]
  (compiling source file '/xr_object.cpp')
  
C:\Users\egorb\OneDrive\Documentos\GitHub\xray-monolith\src\xrcdb\ispatial.h(151,29): warning C4311: '<function-style-cast>': pointer truncation from 'ISpatial_NODE *' to 'ISpatial_NODE::ptrt' [C:\Users\egorb\OneDrive\Documentos\GitHub\xray-monolith\src\xrEngine\xrEngine.vcxproj]
  (compiling source file '/xr_object.cpp')
  
C:\Users\egorb\OneDrive\Documentos\GitHub\xray-monolith\src\xrcdb\ispatial.h(152,9): warning C4311: '<function-style-cast>': pointer truncation from 'ISpatial_NODE *' to 'ISpatial_NODE::ptrt' [C:\Users\egorb\OneDrive\Documentos\GitHub\xray-monolith\src\xrEngine\xrEngine.vcxproj]
  (compiling source file '/xr_object.cpp')
  
C:\Users\egorb\OneDrive\Documentos\GitHub\xray-monolith\src\xrcdb\ispatial.h(152,29): warning C4311: '<function-style-cast>': pointer truncation from 'ISpatial_NODE *' to 'ISpatial_NODE::ptrt' [C:\Users\egorb\OneDrive\Documentos\GitHub\xray-monolith\src\xrEngine\xrEngine.vcxproj]
  (compiling source file '/xr_object.cpp')
  
C:\Users\egorb\OneDrive\Documentos\GitHub\xray-monolith\src\xrcdb\ispatial.h(153,9): warning C4311: '<function-style-cast>': pointer truncation from 'ISpatial_NODE *' to 'ISpatial_NODE::ptrt' [C:\Users\egorb\OneDrive\Documentos\GitHub\xray-monolith\src\xrEngine\xrEngine.vcxproj]
  (compiling source file '/xr_object.cpp')
  
C:\Users\egorb\OneDrive\Documentos\GitHub\xray-monolith\src\xrcdb\ispatial.h(153,29): warning C4311: '<function-style-cast>': pointer truncation from 'ISpatial_NODE *' to 'ISpatial_NODE::ptrt' [C:\Users\egorb\OneDrive\Documentos\GitHub\xray-monolith\src\xrEngine\xrEngine.vcxproj]
  (compiling source file '/xr_object.cpp')
  
C:\Users\egorb\OneDrive\Documentos\GitHub\xray-monolith\src\xrcdb\ispatial.h(154,9): warning C4311: '<function-style-cast>': pointer truncation from 'ISpatial_NODE *' to 'ISpatial_NODE::ptrt' [C:\Users\egorb\OneDrive\Documentos\GitHub\xray-monolith\src\xrEngine\xrEngine.vcxproj]
  (compiling source file '/xr_object.cpp')
  
C:\Users\egorb\OneDrive\Documentos\GitHub\xray-monolith\src\xrcdb\ispatial.h(154,29): warning C4311: '<function-style-cast>': pointer truncation from 'ISpatial_NODE *' to 'ISpatial_NODE::ptrt' [C:\Users\egorb\OneDrive\Documentos\GitHub\xray-monolith\src\xrEngine\xrEngine.vcxproj]
  (compiling source file '/xr_object.cpp')
  
C:\Users\egorb\OneDrive\Documentos\GitHub\xray-monolith\src\xrcdb\ispatial.h(151,9): warning C4311: '<function-style-cast>': pointer truncation from 'ISpatial_NODE *' to 'ISpatial_NODE::ptrt' [C:\Users\egorb\OneDrive\Documentos\GitHub\xray-monolith\src\xrEngine\xrEngine.vcxproj]
  (compiling source file '/xr_efflensflare.cpp')
  
C:\Users\egorb\OneDrive\Documentos\GitHub\xray-monolith\src\xrcdb\ispatial.h(151,29): warning C4311: '<function-style-cast>': pointer truncation from 'ISpatial_NODE *' to 'ISpatial_NODE::ptrt' [C:\Users\egorb\OneDrive\Documentos\GitHub\xray-monolith\src\xrEngine\xrEngine.vcxproj]
  (compiling source file '/xr_efflensflare.cpp')
  
C:\Users\egorb\OneDrive\Documentos\GitHub\xray-monolith\src\xrcdb\ispatial.h(152,9): warning C4311: '<function-style-cast>': pointer truncation from 'ISpatial_NODE *' to 'ISpatial_NODE::ptrt' [C:\Users\egorb\OneDrive\Documentos\GitHub\xray-monolith\src\xrEngine\xrEngine.vcxproj]
  (compiling source file '/xr_efflensflare.cpp')
  
C:\Users\egorb\OneDrive\Documentos\GitHub\xray-monolith\src\xrcdb\ispatial.h(152,29): warning C4311: '<function-style-cast>': pointer truncation from 'ISpatial_NODE *' to 'ISpatial_NODE::ptrt' [C:\Users\egorb\OneDrive\Documentos\GitHub\xray-monolith\src\xrEngine\xrEngine.vcxproj]
  (compiling source file '/xr_efflensflare.cpp')
  
C:\Users\egorb\OneDrive\Documentos\GitHub\xray-monolith\src\xrcdb\ispatial.h(153,9): warning C4311: '<function-style-cast>': pointer truncation from 'ISpatial_NODE *' to 'ISpatial_NODE::ptrt' [C:\Users\egorb\OneDrive\Documentos\GitHub\xray-monolith\src\xrEngine\xrEngine.vcxproj]
  (compiling source file '/xr_efflensflare.cpp')
  
C:\Users\egorb\OneDrive\Documentos\GitHub\xray-monolith\src\xrcdb\ispatial.h(153,29): warning C4311: '<function-style-cast>': pointer truncation from 'ISpatial_NODE *' to 'ISpatial_NODE::ptrt' [C:\Users\egorb\OneDrive\Documentos\GitHub\xray-monolith\src\xrEngine\xrEngine.vcxproj]
  (compiling source file '/xr_efflensflare.cpp')
  
C:\Users\egorb\OneDrive\Documentos\GitHub\xray-monolith\src\xrcdb\ispatial.h(154,9): warning C4311: '<function-style-cast>': pointer truncation from 'ISpatial_NODE *' to 'ISpatial_NODE::ptrt' [C:\Users\egorb\OneDrive\Documentos\GitHub\xray-monolith\src\xrEngine\xrEngine.vcxproj]
  (compiling source file '/xr_efflensflare.cpp')
  
C:\Users\egorb\OneDrive\Documentos\GitHub\xray-monolith\src\xrcdb\ispatial.h(154,29): warning C4311: '<function-style-cast>': pointer truncation from 'ISpatial_NODE *' to 'ISpatial_NODE::ptrt' [C:\Users\egorb\OneDrive\Documentos\GitHub\xray-monolith\src\xrEngine\xrEngine.vcxproj]
  (compiling source file '/xr_efflensflare.cpp')
  
C:\Users\egorb\OneDrive\Documentos\GitHub\xray-monolith\src\xrcdb\ispatial.h(151,9): warning C4311: '<function-style-cast>': pointer truncation from 'ISpatial_NODE *' to 'ISpatial_NODE::ptrt' [C:\Users\egorb\OneDrive\Documentos\GitHub\xray-monolith\src\xrEngine\xrEngine.vcxproj]
  (compiling source file '/xr_ioc_cmd.cpp')
  
C:\Users\egorb\OneDrive\Documentos\GitHub\xray-monolith\src\xrcdb\ispatial.h(151,29): warning C4311: '<function-style-cast>': pointer truncation from 'ISpatial_NODE *' to 'ISpatial_NODE::ptrt' [C:\Users\egorb\OneDrive\Documentos\GitHub\xray-monolith\src\xrEngine\xrEngine.vcxproj]
  (compiling source file '/xr_ioc_cmd.cpp')
  
C:\Users\egorb\OneDrive\Documentos\GitHub\xray-monolith\src\xrcdb\ispatial.h(152,9): warning C4311: '<function-style-cast>': pointer truncation from 'ISpatial_NODE *' to 'ISpatial_NODE::ptrt' [C:\Users\egorb\OneDrive\Documentos\GitHub\xray-monolith\src\xrEngine\xrEngine.vcxproj]
  (compiling source file '/xr_ioc_cmd.cpp')
  
C:\Users\egorb\OneDrive\Documentos\GitHub\xray-monolith\src\xrcdb\ispatial.h(152,29): warning C4311: '<function-style-cast>': pointer truncation from 'ISpatial_NODE *' to 'ISpatial_NODE::ptrt' [C:\Users\egorb\OneDrive\Documentos\GitHub\xray-monolith\src\xrEngine\xrEngine.vcxproj]
  (compiling source file '/xr_ioc_cmd.cpp')
  
C:\Users\egorb\OneDrive\Documentos\GitHub\xray-monolith\src\xrcdb\ispatial.h(153,9): warning C4311: '<function-style-cast>': pointer truncation from 'ISpatial_NODE *' to 'ISpatial_NODE::ptrt' [C:\Users\egorb\OneDrive\Documentos\GitHub\xray-monolith\src\xrEngine\xrEngine.vcxproj]
  (compiling source file '/xr_ioc_cmd.cpp')
  
C:\Users\egorb\OneDrive\Documentos\GitHub\xray-monolith\src\xrcdb\ispatial.h(153,29): warning C4311: '<function-style-cast>': pointer truncation from 'ISpatial_NODE *' to 'ISpatial_NODE::ptrt' [C:\Users\egorb\OneDrive\Documentos\GitHub\xray-monolith\src\xrEngine\xrEngine.vcxproj]
  (compiling source file '/xr_ioc_cmd.cpp')
  
C:\Users\egorb\OneDrive\Documentos\GitHub\xray-monolith\src\xrcdb\ispatial.h(154,9): warning C4311: '<function-style-cast>': pointer truncation from 'ISpatial_NODE *' to 'ISpatial_NODE::ptrt' [C:\Users\egorb\OneDrive\Documentos\GitHub\xray-monolith\src\xrEngine\xrEngine.vcxproj]
  (compiling source file '/xr_ioc_cmd.cpp')
  
C:\Users\egorb\OneDrive\Documentos\GitHub\xray-monolith\src\xrcdb\ispatial.h(154,29): warning C4311: '<function-style-cast>': pointer truncation from 'ISpatial_NODE *' to 'ISpatial_NODE::ptrt' [C:\Users\egorb\OneDrive\Documentos\GitHub\xray-monolith\src\xrEngine\xrEngine.vcxproj]
  (compiling source file '/xr_ioc_cmd.cpp')
  
C:\Users\egorb\OneDrive\Documentos\GitHub\xray-monolith\src\xrcdb\ispatial.h(151,9): warning C4311: '<function-style-cast>': pointer truncation from 'ISpatial_NODE *' to 'ISpatial_NODE::ptrt' [C:\Users\egorb\OneDrive\Documentos\GitHub\xray-monolith\src\xrEngine\xrEngine.vcxproj]
  (compiling source file '/xr_object_list.cpp')
  
C:\Users\egorb\OneDrive\Documentos\GitHub\xray-monolith\src\xrcdb\ispatial.h(151,29): warning C4311: '<function-style-cast>': pointer truncation from 'ISpatial_NODE *' to 'ISpatial_NODE::ptrt' [C:\Users\egorb\OneDrive\Documentos\GitHub\xray-monolith\src\xrEngine\xrEngine.vcxproj]
  (compiling source file '/xr_object_list.cpp')
  
C:\Users\egorb\OneDrive\Documentos\GitHub\xray-monolith\src\xrcdb\ispatial.h(152,9): warning C4311: '<function-style-cast>': pointer truncation from 'ISpatial_NODE *' to 'ISpatial_NODE::ptrt' [C:\Users\egorb\OneDrive\Documentos\GitHub\xray-monolith\src\xrEngine\xrEngine.vcxproj]
  (compiling source file '/xr_object_list.cpp')
  
C:\Users\egorb\OneDrive\Documentos\GitHub\xray-monolith\src\xrcdb\ispatial.h(152,29): warning C4311: '<function-style-cast>': pointer truncation from 'ISpatial_NODE *' to 'ISpatial_NODE::ptrt' [C:\Users\egorb\OneDrive\Documentos\GitHub\xray-monolith\src\xrEngine\xrEngine.vcxproj]
  (compiling source file '/xr_object_list.cpp')
  
C:\Users\egorb\OneDrive\Documentos\GitHub\xray-monolith\src\xrcdb\ispatial.h(153,9): warning C4311: '<function-style-cast>': pointer truncation from 'ISpatial_NODE *' to 'ISpatial_NODE::ptrt' [C:\Users\egorb\OneDrive\Documentos\GitHub\xray-monolith\src\xrEngine\xrEngine.vcxproj]
  (compiling source file '/xr_object_list.cpp')
  
C:\Users\egorb\OneDrive\Documentos\GitHub\xray-monolith\src\xrcdb\ispatial.h(153,29): warning C4311: '<function-style-cast>': pointer truncation from 'ISpatial_NODE *' to 'ISpatial_NODE::ptrt' [C:\Users\egorb\OneDrive\Documentos\GitHub\xray-monolith\src\xrEngine\xrEngine.vcxproj]
  (compiling source file '/xr_object_list.cpp')
  
C:\Users\egorb\OneDrive\Documentos\GitHub\xray-monolith\src\xrcdb\ispatial.h(154,9): warning C4311: '<function-style-cast>': pointer truncation from 'ISpatial_NODE *' to 'ISpatial_NODE::ptrt' [C:\Users\egorb\OneDrive\Documentos\GitHub\xray-monolith\src\xrEngine\xrEngine.vcxproj]
  (compiling source file '/xr_object_list.cpp')
  
C:\Users\egorb\OneDrive\Documentos\GitHub\xray-monolith\src\xrcdb\ispatial.h(154,29): warning C4311: '<function-style-cast>': pointer truncation from 'ISpatial_NODE *' to 'ISpatial_NODE::ptrt' [C:\Users\egorb\OneDrive\Documentos\GitHub\xray-monolith\src\xrEngine\xrEngine.vcxproj]
  (compiling source file '/xr_object_list.cpp')
  
C:\Users\egorb\OneDrive\Documentos\GitHub\xray-monolith\src\xrcdb\ispatial.h(151,9): warning C4311: '<function-style-cast>': pointer truncation from 'ISpatial_NODE *' to 'ISpatial_NODE::ptrt' [C:\Users\egorb\OneDrive\Documentos\GitHub\xray-monolith\src\xrEngine\xrEngine.vcxproj]
  (compiling source file '/x_ray.cpp')
  
C:\Users\egorb\OneDrive\Documentos\GitHub\xray-monolith\src\xrcdb\ispatial.h(151,29): warning C4311: '<function-style-cast>': pointer truncation from 'ISpatial_NODE *' to 'ISpatial_NODE::ptrt' [C:\Users\egorb\OneDrive\Documentos\GitHub\xray-monolith\src\xrEngine\xrEngine.vcxproj]
  (compiling source file '/x_ray.cpp')
  
C:\Users\egorb\OneDrive\Documentos\GitHub\xray-monolith\src\xrcdb\ispatial.h(152,9): warning C4311: '<function-style-cast>': pointer truncation from 'ISpatial_NODE *' to 'ISpatial_NODE::ptrt' [C:\Users\egorb\OneDrive\Documentos\GitHub\xray-monolith\src\xrEngine\xrEngine.vcxproj]
  (compiling source file '/x_ray.cpp')
  
C:\Users\egorb\OneDrive\Documentos\GitHub\xray-monolith\src\xrcdb\ispatial.h(152,29): warning C4311: '<function-style-cast>': pointer truncation from 'ISpatial_NODE *' to 'ISpatial_NODE::ptrt' [C:\Users\egorb\OneDrive\Documentos\GitHub\xray-monolith\src\xrEngine\xrEngine.vcxproj]
  (compiling source file '/x_ray.cpp')
  
C:\Users\egorb\OneDrive\Documentos\GitHub\xray-monolith\src\xrcdb\ispatial.h(153,9): warning C4311: '<function-style-cast>': pointer truncation from 'ISpatial_NODE *' to 'ISpatial_NODE::ptrt' [C:\Users\egorb\OneDrive\Documentos\GitHub\xray-monolith\src\xrEngine\xrEngine.vcxproj]
  (compiling source file '/x_ray.cpp')
  
C:\Users\egorb\OneDrive\Documentos\GitHub\xray-monolith\src\xrcdb\ispatial.h(153,29): warning C4311: '<function-style-cast>': pointer truncation from 'ISpatial_NODE *' to 'ISpatial_NODE::ptrt' [C:\Users\egorb\OneDrive\Documentos\GitHub\xray-monolith\src\xrEngine\xrEngine.vcxproj]
  (compiling source file '/x_ray.cpp')
  
C:\Users\egorb\OneDrive\Documentos\GitHub\xray-monolith\src\xrcdb\ispatial.h(154,9): warning C4311: '<function-style-cast>': pointer truncation from 'ISpatial_NODE *' to 'ISpatial_NODE::ptrt' [C:\Users\egorb\OneDrive\Documentos\GitHub\xray-monolith\src\xrEngine\xrEngine.vcxproj]
  (compiling source file '/x_ray.cpp')
  
C:\Users\egorb\OneDrive\Documentos\GitHub\xray-monolith\src\xrcdb\ispatial.h(154,29): warning C4311: '<function-style-cast>': pointer truncation from 'ISpatial_NODE *' to 'ISpatial_NODE::ptrt' [C:\Users\egorb\OneDrive\Documentos\GitHub\xray-monolith\src\xrEngine\xrEngine.vcxproj]
  (compiling source file '/x_ray.cpp')
  
C:\Users\egorb\OneDrive\Documentos\GitHub\xray-monolith\src\xrEngine\x_ray.cpp(335,2): warning C4003: not enough arguments for function-like macro invocation 'PROF_EVENT' [C:\Users\egorb\OneDrive\Documentos\GitHub\xray-monolith\src\xrEngine\xrEngine.vcxproj]
  (compiling source file '/x_ray.cpp')
  
C:\Users\egorb\OneDrive\Documentos\GitHub\xray-monolith\src\xrEngine\x_ray.cpp(410,2): warning C4003: not enough arguments for function-like macro invocation 'PROF_EVENT' [C:\Users\egorb\OneDrive\Documentos\GitHub\xray-monolith\src\xrEngine\xrEngine.vcxproj]
  (compiling source file '/x_ray.cpp')
  
C:\Users\egorb\OneDrive\Documentos\GitHub\xray-monolith\src\xrEngine\x_ray.cpp(1541,2): warning C4003: not enough arguments for function-like macro invocation 'PROF_EVENT' [C:\Users\egorb\OneDrive\Documentos\GitHub\xray-monolith\src\xrEngine\xrEngine.vcxproj]
  (compiling source file '/x_ray.cpp')
  
C:\Users\egorb\OneDrive\Documentos\GitHub\xray-monolith\src\xrEngine\x_ray.cpp(1587,2): warning C4003: not enough arguments for function-like macro invocation 'PROF_EVENT' [C:\Users\egorb\OneDrive\Documentos\GitHub\xray-monolith\src\xrEngine\xrEngine.vcxproj]
  (compiling source file '/x_ray.cpp')
  
C:\Users\egorb\OneDrive\Documentos\GitHub\xray-monolith\src\xrEngine\x_ray.cpp(1598,2): warning C4003: not enough arguments for function-like macro invocation 'PROF_EVENT' [C:\Users\egorb\OneDrive\Documentos\GitHub\xray-monolith\src\xrEngine\xrEngine.vcxproj]
  (compiling source file '/x_ray.cpp')
  
C:\Users\egorb\OneDrive\Documentos\GitHub\xray-monolith\src\xrEngine\x_ray.cpp(1621,2): warning C4003: not enough arguments for function-like macro invocation 'PROF_EVENT' [C:\Users\egorb\OneDrive\Documentos\GitHub\xray-monolith\src\xrEngine\xrEngine.vcxproj]
  (compiling source file '/x_ray.cpp')
  
C:\Users\egorb\OneDrive\Documentos\GitHub\xray-monolith\src\xrEngine\x_ray.cpp(1646,2): warning C4003: not enough arguments for function-like macro invocation 'PROF_EVENT' [C:\Users\egorb\OneDrive\Documentos\GitHub\xray-monolith\src\xrEngine\xrEngine.vcxproj]
  (compiling source file '/x_ray.cpp')
  
C:\Users\egorb\OneDrive\Documentos\GitHub\xray-monolith\src\xrEngine\x_ray.cpp(1661,2): warning C4003: not enough arguments for function-like macro invocation 'PROF_EVENT' [C:\Users\egorb\OneDrive\Documentos\GitHub\xray-monolith\src\xrEngine\xrEngine.vcxproj]
  (compiling source file '/x_ray.cpp')
  
C:\Users\egorb\OneDrive\Documentos\GitHub\xray-monolith\src\xrEngine\x_ray.cpp(1702,2): warning C4003: not enough arguments for function-like macro invocation 'PROF_EVENT' [C:\Users\egorb\OneDrive\Documentos\GitHub\xray-monolith\src\xrEngine\xrEngine.vcxproj]
  (compiling source file '/x_ray.cpp')
  
C:\Users\egorb\OneDrive\Documentos\GitHub\xray-monolith\src\xrEngine\x_ray.cpp(1754,2): warning C4003: not enough arguments for function-like macro invocation 'PROF_EVENT' [C:\Users\egorb\OneDrive\Documentos\GitHub\xray-monolith\src\xrEngine\xrEngine.vcxproj]
  (compiling source file '/x_ray.cpp')
  
C:\Users\egorb\OneDrive\Documentos\GitHub\xray-monolith\src\xrEngine\x_ray.cpp(1775,2): warning C4003: not enough arguments for function-like macro invocation 'PROF_EVENT' [C:\Users\egorb\OneDrive\Documentos\GitHub\xray-monolith\src\xrEngine\xrEngine.vcxproj]
  (compiling source file '/x_ray.cpp')
  
LINK : fatal error LNK1181: cannot open input file 'xrRender_Vulkan.lib' [C:\Users\egorb\OneDrive\Documentos\GitHub\xray-monolith\src\xrEngine\xrEngine.vcxproj]

ERROR: Failed to build xrEngine

